municipio,zona,local_2022,nome_2022,endereco_2022,local_2026,nome_2026,endereco_2026,bairro_2026,distancia_m
80225,52,1015,CENTRO MUNICIPAL DE ENSINO LUIZ ZANCHETT,"AVENIDA 26 DE ABRIL, S/N",1015,CENTRO MUNICIPAL DE ENSINO LUIZ ZANCHETT,"AVENIDA 26 DE ABRIL, S/N",CENTRO,27
80225,52,1023,SALÃO DA COMUNIDADE SANTA CATARINA,"ESTRADA GERAL, S/N",1023,SALÃO DA COMUNIDADE SANTA CATARINA,"ESTRADA GERAL, S/N",SANTA CATARINA,22
80225,52,1031,SALÃO COMUNITÁRIO SANTO ANTÔNIO,RUA CASSIANO ZANCHETT,1031,SALÃO COMUNITÁRIO SANTO ANTÔNIO,RUA CASSIANO ZANCHETT,SANTO ANTÔNIO,25
80225,52,1066,SALÃO COMUNITÁRIO DO ARROIO BONITO,"ESTRADA GERAL, S/N",1066,SALÃO COMUNITÁRIO DO ARROIO BONITO,"ESTRADA GERAL, S/N",ARROIO BONITO,168
80225,52,1074,SALÃO DA IGREJA SÃO ROQUE,"ESTRADA GERAL, S/N",1074,SALÃO DA IGREJA SÃO ROQUE,"ESTRADA GERAL, S/N",SÃO ROQUE,16
80225,52,1082,SALÃO DA COLONIA DO SALTO,"ESTRADA GERAL, S/N",1082,SALÃO DA COLONIA DO SALTO,"ESTRADA GERAL, S/N",COLÔNIA DO SALTO,32
80012,71,1619,ESCOLA MUNICIPAL ROMILDO MENEGATTI,"RUA FRANCISCO ROSA DOS SANTOS, N. 208",1619,ESCOLA MUNICIPAL ROMILDO MENEGATTI,"RUA FRANCISCO ROSA DOS SANTOS, N. 208",SANTA LUZIA,0
80012,71,1040,ESCOLA DE ENSINO FUNDAMENTAL ALTAIR SILVA,"RUA MARECHAL CÂNDIDO RONDON, 601",1040,ESCOLA DE ENSINO FUNDAMENTAL ALTAIR SILVA,"RUA MARECHAL CÂNDIDO RONDON, 601",NOSSA SENHORA APARECIDA,0
80012,71,1449,ESCOLA BÁSICA MUNICIPAL ERNESTO SIRINO,LINHA ARAÇÁ,1449,ESCOLA BÁSICA MUNICIPAL ERNESTO SIRINO,LINHA ARAÇÁ,ARAÇÁ,0
80012,71,1082,ESCOLA DE EDUCAÇÃO BÁSICA PROFESSOR ANACLETO DAMIANI,"RUA SÃO ROQUE, 886",1082,ESCOLA DE EDUCAÇÃO BÁSICA PROFESSOR ANACLETO DAMIANI,"RUA SÃO ROQUE, 886",CENTRO,0
80012,71,1546,ESCOLA BÁSICA MUNICIPAL JOSÉ MARIA,SEDE DO ASSENTAMENTO JOSÉ MARIA,1546,ESCOLA BÁSICA MUNICIPAL JOSÉ MARIA,SEDE DO ASSENTAMENTO JOSÉ MARIA,JOSÉ MARIA,0
80012,71,1333,ESCOLA BÁSICA MUNICIPAL 25 DE MAIO,SEDE DO ASSENTAMENTO VINTE E CINCO DE MAIO,1333,ESCOLA BÁSICA MUNICIPAL 25 DE MAIO,SEDE DO ASSENTAMENTO VINTE E CINCO DE MAIO,VINTE E CINCO DE MAIO,0
80012,71,1341,CENTRO COMUNITÁRIO DA SERRA DO PAPUAN,"ESTRADA GERAL, S/N",1341,CENTRO COMUNITÁRIO DA SERRA DO PAPUAN,"ESTRADA GERAL, S/N",SERRA DO PAPUAN II,0
80012,71,1589,CENTRO COMUNITÁRIO ASSENTAMENTO NOVA AURORA,ESTRADA GERAL S/N,1589,CENTRO COMUNITÁRIO ASSENTAMENTO NOVA AURORA,ESTRADA GERAL S/N,ASSENTAMENTO NOVA AURORA/DORINHA,0
80012,71,1600,ESCOLA MUNICIPAL VILA ESPERANÇA,RUA VEREADOR LAURINDO ZANDONÁ,1600,ESCOLA MUNICIPAL VILA ESPERANÇA,RUA VEREADOR LAURINDO ZANDONÁ,ALVORADA,0
80039,57,1015,ESCOLA DE EDUCAÇÃO BÁSICA PEDRO AMÉRICO,"RUA 13 DE AGOSTO, 46",1015,ESCOLA DE EDUCAÇÃO BÁSICA PEDRO AMÉRICO,"RUA 13 DE AGOSTO, 46",CENTRO,2
80039,57,1023,ESCOLA DE EDUCAÇÃO BÁSICA SÃO JOÃO,"RUA JOÃO WILL, N. 175",1023,ESCOLA DE EDUCAÇÃO BÁSICA SÃO JOÃO,"RUA JOÃO WILL, N. 175",SÃO JOÃO,10
80039,57,1090,CENTRO DE EDUCAÇÃO ADOLFO HEDEL,"ALAMEDA TROMBUDO ALTO, N. 2449",1090,CENTRO DE EDUCAÇÃO ADOLFO HEDEL,"ALAMEDA TROMBUDO ALTO, N. 2449",TRÊS BARRAS,27
80039,57,1058,CENTRO DE EDUCAÇÃO SERRA DOS ALVES,"ESTRADA GERAL, S/N",1058,CENTRO DE EDUCAÇÃO SERRA DOS ALVES,"ESTRADA GERAL, S/N",SERRA DOS ALVES,27
80039,57,1104,CENTRO DE EDUCAÇÃO RUDOLFO THEILACKER,"RUA RUDOLFO THEILACKER, N. 159",1104,CENTRO DE EDUCAÇÃO RUDOLFO THEILACKER,"RUA RUDOLFO THEILACKER, N. 159",IPIRANGA,5
80055,102,1015,ESCOLA DE EDUCAÇÃO BÁSICA MARIA REGINA DE OLIVEIRA,"RUA ÂNGELO FOMAZZARI, S/N, FONE (47) 3542 0234",1015,ESCOLA DE EDUCAÇÃO BÁSICA MARIA REGINA DE OLIVEIRA,"RUA ÂNGELO FOMAZZARI, S/N, FONE (47) 3542 0234",CENTRO,0
80055,102,1023,ESCOLA MUNICIPAL ALTO MOSQUITINHO,"ESTRADA GERAL DE ALTO MOSQUITINHO, S/N, FONE (47) 9968 3180",1023,ESCOLA MUNICIPAL ALTO MOSQUITINHO,"ESTRADA GERAL DE ALTO MOSQUITINHO, S/N, FONE (47) 9968 3180",ALTO MOSQUITINHO,0
80055,102,1031,ESCOLA MUNICIPAL CABECEIRA RIBEIRÃO AREIAS (SALÃO COM. SANTA APOLÔNIA),"ESTRADA GERAL, S/N",1031,SALÃO COMUNITÁRIO SANTA APOLÔNIA,"ESTRADA GERAL, S/N",CABECEIRA RIBEIRÃO AREIAS,0
80055,102,1058,ESCOLA MUNICIPAL JOÃO SCHLATTER,"ESTRADA GERAL MOSQUITO GRANDE, S/N",1058,ESCOLA MUNICIPAL JOÃO SCHLATTER,"ESTRADA GERAL MOSQUITO GRANDE, S/N",MOSQUITO GRANDE,
80055,102,1074,SALÃO COMUNITÁRIO SÃO JOSÉ,"ESTRADA GERAL MOSQUITO GRANDE, S/N",1074,SALÃO COMUNITÁRIO SÃO JOSÉ,"ESTRADA GERAL MOSQUITO GRANDE, S/N",MOSQUITO GRANDE,0
80055,102,1082,ESCOLA MUNICIPAL ROSA LANZNASTER DE SOUZA,"ESTRADA GERAL VALADA GROPP, S/N",1082,SALÃO DA CAPELA SENHOR BOM JESUS (SUBST. ESCOLA ROSA LANZNASTER),"ESTRADA GERAL VALADA GROPP, S/N",VALADA GROPP,0
80055,102,1040,SALÃO DA COMUNIDADE EVANGÉLICA DE MOSQUITO,"ESTRADA GERAL MORRO DO REUTER, S/N",1040,SALÃO DA COMUNIDADE EVANGÉLICA DE MOSQUITO,"ESTRADA GERAL MORRO DO REUTER, S/N",MOSQUITO,0
80055,102,1120,SALÃO COMUNITÁRIO SÃO MIGUEL,"ESTRADA GERAL, S/N",1120,SALÃO COMUNITÁRIO SÃO MIGUEL,"ESTRADA GERAL, S/N",ALTO GROPP,0
80055,102,1139,SALÃO PAROQUIAL COMUNITÁRIO DO PLANALTO AREADO,"ESTRADA GERAL PLANALTO AREADO, S/N",1139,SALÃO PAROQUIAL COMUNITÁRIO DO PLANALTO AREADO,"ESTRADA GERAL PLANALTO AREADO, S/N",PLANALTO AREADO,0
80055,102,1147,SALÃO COMUNITÁRIO SÃO JOÃO BATISTA,"ESTRADA GERAL, S/N",1147,SALÃO COMUNITÁRIO SÃO JOÃO BATISTA,"ESTRADA GERAL, S/N",MORRO DO CARVÃO,0
80071,85,1015,SALÃO PAROQUIAL DA IGREJA MATRIZ NOSSA SENHORA DA PAZ,"PRAÇA JOÃO MACCAGNAN, N. 196, CENTRO",1015,SALÃO PAROQUIAL DA IGREJA MATRIZ NOSSA SENHORA DA PAZ,"PRAÇA JOÃO MACCAGNAN, N. 196, CENTRO",CENTRO,0
80071,85,1104,ESCOLA DE EDUCAÇÃO BÁSICA RUTH LEBARBECHON,"RUA RUI BARBOSA, N. 81, CENTRO",1104,ESCOLA DE EDUCAÇÃO BÁSICA RUTH LEBARBECHON,"RUA RUI BARBOSA, N. 81, CENTRO",CENTRO,0
80071,85,1139,PAVILHÃO COMUNITÁRIO DA LINHA UNIÃO SANTO ANTÔNIO,"RODOVIA SC 150, KM 49, S/N, INTERIOR",1139,PAVILHÃO COMUNITÁRIO DA LINHA UNIÃO SANTO ANTÔNIO,"RODOVIA SC 150, KM 49, S/N, INTERIOR",LINHA SANTO ANTÔNIO,0
80071,85,1236,SALÃO PAROQUIAL DA LINHA PAIOL DE TELHAS,"ESTRADA GERAL, S/N, INTERIOR",1236,SALÃO PAROQUIAL DA LINHA PAIOL DE TELHAS,"ESTRADA GERAL, S/N, INTERIOR",PAIOL DE TELHAS,0
80071,85,1120,CENTRO EDUCACIONAL MUNICIPAL MARCELINO IVO DALLA COSTA,"BR 153, KM 15, S/N, LINHA TRÊS PINHEIROS",1120,CENTRO EDUCACIONAL MUNICIPAL MARCELINO IVO DALLA COSTA,"BR 153, KM 15, S/N, LINHA TRÊS PINHEIROS",LINHA TRÊS PINHEIROS,0
80071,85,1155,SALÃO PAROQUIAL DA LINHA OLINDA,"ESTRADA GERAL, S/N, INTERIOR",1155,PAVILHÃO COMUNITÁRIO DA LINHA OLINDA,"ESTRADA GERAL, S/N, INTERIOR",LINHA OLINDA,0
80098,70,1147,ESCOLA MUNICIPAL ROSINA SCHAEFER HERMES,"RODOVIA SC 283, S/N",1147,ESCOLA MUNICIPAL ROSINA SCHAEFER HERMES,"RODOVIA SC 283, LINHA GRAMADOS",LINHA GRAMADOS,0
80098,70,1139,ESCOLA DE ENSINO FUNDAMENTAL MAIDANA,"ESTRADA GERAL, S/N",1139,ESCOLA DE ENSINO FUNDAMENTAL MAIDANA,"ESTRADA GERAL, LINHA MAIDANA",LINHA MAIDANA,0
80098,70,1074,ESCOLA DE EDUCAÇÃO BÁSICA IRINEU BORNHAUSEN,"RUA PEDRO GUILHERME SIMON, N. 70",1074,ESCOLA DE EDUCAÇÃO BÁSICA IRINEU BORNHAUSEN,"RUA PEDRO GUILHERME SIMON, N. 70",CENTRO,0
80098,70,1120,ESCOLA MUNICIPAL NOSSA SENHORA DAS GRAÇAS,"RODOVIA ACH 050, S/N",1120,ESCOLA MUNICIPAL NOSSA SENHORA DAS GRAÇAS,"RODOVIA ACH 050, S/N",LINHA NOSSA SENHORA DAS GRAÇAS,0
80098,70,1082,CASA FAMILIAR RURAL,"ESTRADA GERAL, S/N",1082,CENTRO DE IDOSOS DE BARRA DO TAQUARINHA,"ESTRADA GERAL, LINHA BARRA DO TAQUARINHA",LINHA BARRA DO TAQUARINHA,0
80500,66,1015,SALÃO COMUNITÁRIO LINHA JOSEFINA,"ESTRADA GERAL, S/N FONE",1015,SALÃO COMUNITÁRIO LINHA JOSEFINA,"ESTRADA GERAL, S/N FONE",LINHA JOSEFINA,0
80500,66,1023,NÚCLEO MUNICIPAL DE ENSINO TARUMÃZINHO,"ESTRADA GERAL, S/N",1023,NÚCLEO MUNICIPAL DE ENSINO TARUMÃZINHO,"ESTRADA GERAL, S/N",LINHA TARUMÃZINHO,0
80500,66,1031,GINASIO LINHA SÃO JOÃO,"ESTRADA GERAL, S/N",1031,GINASIO LINHA SÃO JOÃO,"ESTRADA GERAL, S/N",LINHA SÃO JOÃO,0
80500,66,1040,GRUPO DE IDOSOS FORÇA E FUTURO,"ESTRADA GERAL, S/N",1040,GRUPO DE IDOSOS FORÇA E FUTURO,"ESTRADA GERAL, S/N",LINHA SANTO ANTÔNIO DO PINHAL,0
80500,66,1058,EEB SETE DE SETEMBRO,"RUA CASTELO BRANCO, 637",1058,EEB SETE DE SETEMBRO,"RUA CASTELO BRANCO, 637",CENTRO,0
80110,67,1015,ESCOLA DE EDUCAÇÃO BÁSICA CORONEL ANTÔNIO LEHMKUHL,"AVENIDA CORONEL ANTÔNIO LEHMKULL, 579",1015,ESCOLA DE EDUCAÇÃO BÁSICA CORONEL ANTÔNIO LEHMKUHL,"AVENIDA CORONEL ANTÔNIO LEHMKULL, 579",CENTRO,0
80110,67,1023,ESCOLA DE EDUCAÇÃO BÁSICA CONSELHEIRO MANOEL PHILIPPI,"RUA PREFEITO GERMANO JOSÉ STEINBACH, S/N",1023,ESCOLA DE EDUCAÇÃO BÁSICA CONSELHEIRO MANOEL PHILIPPI,"RUA PREFEITO GERMANO JOSÉ STEINBACH, 385",VARGEM GRANDE,0
80110,67,1031,ESCOLA MUNICIPAL SANTA CRUZ DA FIGUEIRA,"AVENIDA IDA HAHN BACK, 1920",1031,ESCOLA MUNICIPAL SANTA CRUZ DA FIGUEIRA,"SC 435, KM 1 - S/N",SANTA CRUZ DA FIGUEIRA,266
80110,67,1058,SALÃO DA CAPELA CATÓLICA DE TERESÓPOLIS,"RODOVIA SC 431 (ESTRADA GERAL TERESÓPOLIS), S/N",1058,SALÃO DA CAPELA CATÓLICA DE TERESÓPOLIS,"RODOVIA SC 431 (ESTRADA GERAL TERESÓPOLIS), S/N",TERESOPOLIS,27
80110,67,1074,ESCOLA MUNICIPAL RIO MIGUEL,"ESTRADA GERAL RIO MIGUEL, S/N",1074,ESCOLA MUNICIPAL RIO MIGUEL,"ESTRADA GERAL RIO MIGUEL, S/N",RIO MIGUEL,7
80110,67,1180,SALA DE CATEQUESE DA CAPELA DE SÃO PEDRO E SÃO PAULO (RIO SALTO),"ESTRADA GERAL RIO SALTO, S/N",1180,SALA DE CATEQUESE DA CAPELA DE SÃO PEDRO E SÃO PAULO (RIO SALTO),"ESTRADA GERAL RIO SALTO, S/N",RIO SALTO,13
80110,67,1112,ESCOLA MUNICIPAL FAZENDA DA RESSURREIÇÃO,"ESTRADA GERAL DA FAZENDA DA RESSURREIÇÃO,S/N",1112,ESCOLA MUNICIPAL FAZENDA DA RESSURREIÇÃO,"ESTRADA GERAL DA FAZENDA DA RESSURREIÇÃO,S/N",FAZENDA DA RESSURREIÇÃO,0
80110,67,1201,SALÃO DA CAPELA CATÓLICA NOSSA SENHORA DE LOURDES,"ESTRADA GERAL FAZENDA DO SACRAMENTO II, S/N",1120,SALÃO DA CAPELA CATÓLICA NOSSA SENHORA DE LOURDES,"ESTRADA GERAL FAZENDA DO SACRAMENTO II, S/N",FAZENDA DO SACRAMENTO II,
80110,67,1139,SALÃO DA CAPELA CATÓLICA DE LOEFFELSCHEIDT,"ESTRADA GERAL LOEFFELSCHEIDT, S/N",1139,SALÃO DA CAPELA CATÓLICA DE LOEFFELSCHEIDT,"ESTRADA GERAL LOEFFELSCHEIDT, S/N",LOEFFELSCHEIDT,0
80110,67,1198,SALÃO DA CAPELA CATÓLICA DE SANTA ISABEL,"ESTRADA GERAL SANTA ISABEL, S/N",1147,SALÃO DA CAPELA CATÓLICA DE SANTA ISABEL,"ESTRADA GERAL SANTA ISABEL, S/N",SANTA ISABEL,
80110,67,1155,SALÃO DA IGREJA LUTERANA DA SEGUNDA LINHA,"ESTRADA GERAL, S/N",1155,SALÃO DA IGREJA LUTERANA DA SEGUNDA LINHA,"ESTRADA GERAL, S/N",SEGUNDA LINHA,0
80110,67,1147,SALÃO DA CAPELA CATÓLICA DE SANTA ISABEL,"ESTRADA GERAL SANTA ISABEL, S/N",1147,SALÃO DA CAPELA CATÓLICA DE SANTA ISABEL,"ESTRADA GERAL SANTA ISABEL, S/N",SANTA ISABEL,335
80136,4,1015,ESCOLA ESTADUAL SILVA JARDIM,"RUA ANITÁPOLIS, N. 175",1015,ESCOLA ESTADUAL SILVA JARDIM,"RUA ANITÁPOLIS, N. 175",CENTRO,0
80136,4,1031,SALÃO COMUNITÁRIO BARRO BRANCO,"ESTRADA GERAL, S/N",1031,SALÃO COMUNITÁRIO BARRO BRANCO,"ESTRADA GERAL, S/N",BARRO BRANCO,0
80136,4,1040,SALÃO COMUNITÁRIO DE APARECIDA,ESTRADA GERAL ALTO JARARACA - APARECIDA,1040,SALÃO COMUNITÁRIO DE APARECIDA,ESTRADA GERAL ALTO JARARACA - APARECIDA,APARECIDA,0
80136,4,1058,ACD - CENTRO COMUNITÁRIO ALVARO SATURNINO DA SILVA,"ESTRADA GERAL, S/N",1058,ACD - CENTRO COMUNITÁRIO ALVARO SATURNINO DA SILVA,"ESTRADA GERAL, S/N",QUEIMADO,0
80136,4,1066,SALÃO COMUNITÁRIO RIO ENGANO,"ESTRADA GERAL,SC 302, KM 30, S/N",1066,SALÃO COMUNITÁRIO RIO ENGANO,"ESTRADA GERAL,SC 302, KM 30, S/N",ALTO RIO ENGANO,0
80136,4,1074,SALÃO COMUNITÁRIO DA INVERNADINHA - ALTO LIMEIRA,"ESTRADA GERAL - INVERNADINHA, S/N",1074,SALÃO COMUNITÁRIO DA INVERNADINHA - ALTO LIMEIRA,"ESTRADA GERAL - INVERNADINHA, S/N",ALTO LIMEIRA,0
80136,4,1090,ESCOLA BÁSICA PASSO DA LIMEIRA,"ESTRADA GERAL, S/N",1090,ESCOLA BÁSICA PASSO DA LIMEIRA,"ESTRADA GERAL, S/N",LIMEIRA,0
80136,4,1112,ESCOLA ISOLADA LOMBA ALTA,"ESTRADA GERAL, S/N",1112,ESCOLA ISOLADA LOMBA ALTA,"ESTRADA GERAL, S/N",LOMBA ALTA,0
80136,4,1120,APAE - ASSOCIAÇÃO DE PAIS E AMIGOS DOS EXCEPCIONAIS,"ESTRADA GERAL, S/N",1120,APAE - ASSOCIAÇÃO DE PAIS E AMIGOS DOS EXCEPCIONAIS,"ESTRADA GERAL, S/N",CATUIRA,0
80136,4,1147,SALÃO COMUNITÁRIO DA IGREJA LUTERANA DO ALTO CAETÉ,"ESTRADA GERAL, S/N",1147,SALÃO COMUNITÁRIO DA IGREJA LUTERANA DO ALTO CAETÉ,"ESTRADA GERAL, S/N",ALTO CAETE,0
80136,4,1155,ESCOLA ISOLADA PICADAS,"ESTRADA GERAL, S/N",1155,ESCOLA ISOLADA PICADAS,"ESTRADA GERAL, S/N",PICADAS,0
80136,4,1163,SALÃO COMUNITÁRIO BARRO PRETO,"ESTRADA GERAL, S/N",1163,SALÃO COMUNITÁRIO BARRO PRETO,"ESTRADA GERAL, S/N",BARRO PRETO,0
80136,4,1180,ESCOLA ISOLADA RIO ADAGA,"ESTRADA GERAL, S/N",1180,ESCOLA ISOLADA RIO ADAGA,"ESTRADA GERAL, S/N",RIO ADAGA,0
80136,4,1198,SALÃO PAROQUIAL RIO LESSA,"ESTRADA GERAL, S/N",1198,SALÃO PAROQUIAL RIO LESSA,"ESTRADA GERAL, S/N",RIO LESSA,0
80136,4,1201,SALÃO COMUNITÁRIO DEMORAS,"ESTRADA GERAL, S/N",1201,SALÃO COMUNITÁRIO DEMORAS,"ESTRADA GERAL, S/N",DEMORAS,0
80136,4,1228,SALÃO COMUNITÁRIO DO PINGUIRITO,"ESTRADA GERAL, S/N",1228,SALÃO COMUNITÁRIO DO PINGUIRITO,"ESTRADA GERAL, S/N",PINGUIRITO,0
81302,9,1015,COLEGIO DE EDUCAÇÃO BÁSICA TEIXEIRA DE FREITAS,"RUA DO COMERCIO, 898 FONE (49) 34826078",1015,ESCOLA DE EDUCAÇÃO BÁSICA TEIXEIRA DE FREITAS,"RUA DO COMERCIO, 898 FONE (49) 34826078",CENTRO,0
81302,9,1040,CENTRO DE IDOSOS RAIOS DE SOL (VOLTA GRANDE),VOLTA GRANDE,1040,CENTRO DE IDOSOS RAIOS DE SOL (VOLTA GRANDE),VOLTA GRANDE,LINHA VOLTA GRANDE,0
81302,9,1066,ESCOLA MUN EDUC BAS PROF EMÍLIO J C SCHÖNELL (LINHA ARARAQUARA),"ESTRADA GERAL, S/N",1066,ESCOLA MUN EDUC BAS PROF EMÍLIO J C SCHÖNELL (ARARAQUARA),"ESTRADA GERAL, S/N",LINHA ARARAQUARA,0
80152,82,1015,ESCOLA DE EDUCAÇÃO BÁSICA PROFESSOR OSNI PAULINO DA SILVA,"AVENIDA BRASIL, SN",1015,ESCOLA DE EDUCAÇÃO BÁSICA PROFESSOR OSNI PAULINO DA SILVA,"AVENIDA BRASIL, SN",CENTRO,0
80152,82,1031,ESCOLA DE ENSINO FUNDAMENTAL JOÃO CAFÉ FILHO,LINHA JOÃO CAFÉ FILHO,1031,ESCOLA DE ENSINO FUNDAMENTAL JOÃO CAFÉ FILHO,LINHA JOÃO CAFÉ FILHO,LINHA JOÃO CAFÉ FILHO,0
80152,82,1066,CLUBE COMUNITARIO DE LINHA SÃO ROQUE,LINHA SÃO ROQUE,1066,CLUBE COMUNITARIO DE LINHA SÃO ROQUE,LINHA SÃO ROQUE,LINHA SÃO ROQUE,0
80152,82,1074,ESCOLA ISOLADA MUNICIPAL DE LINHA SALETE,LINHA SALETE,1074,CLUBE COMUNITÁRIO DE LINHA SALETE,LINHA SALETE,LINHA SALETE,0
80152,82,1090,ESCOLA DE ENSINO FUNDAMENTAL PADRE REINALDO STEIN,LINHA PRATELEIRA,1090,ESCOLA DE ENSINO FUNDAMENTAL PADRE REINALDO STEIN,LINHA PRATELEIRA,LINHA PRATELEIRA,0
80179,67,1015,ESCOLA DE EDUCAÇÃO BÁSICA NOSSA SENHORA,"RUA SÃO FRANCISCO DE ASSIS, 1315",1015,ESCOLA DE EDUCAÇÃO BÁSICA NOSSA SENHORA,"RUA SÃO FRANCISCO DE ASSIS, 1315",CENTRO,0
80179,67,1023,SALÃO DA CAPELA CATÓLICA DE BETÂNIA,"ESTRADA GERAL BETANIA, S/N",1023,SALÃO DA CAPELA CATÓLICA DE BETÂNIA,"ESTRADA GERAL BETANIA, S/N",BETANIA,0
80179,67,1031,SALÃO DA CAPELA CATÓLICA DE RANCHO DE TÁBUAS,"ESTRADA GERAL, S/N",1031,SALÃO DA CAPELA CATÓLICA DE RANCHO DE TÁBUAS,"ESTRADA GERAL, S/N",RANCHO DE TABUAS,0
80179,67,1040,NÚCLEO ESCOLAR MUNICIPAL JOSÉ JOÃO HECK,"ESTRADA GERAL GARCIA, S/N",1040,NÚCLEO ESCOLAR MUNICIPAL JOSÉ JOÃO HECK,"ESTRADA GERAL GARCIA, S/N",GARCIA,0
80179,67,1066,NÚCLEO ESCOLAR MUNICIPAL PROFESSORA ERMELINDA GOEDERT PEREIRA,"ESTRADA GERAL RIO NOVO, S/N",1066,NÚCLEO ESCOLAR MUNICIPAL PROFESSORA ERMELINDA GOEDERT PEREIRA,"ESTRADA GERAL RIO NOVO, S/N",RIO NOVO,0
80179,67,1074,ESCOLA DE ENSINO FUNDAMENTAL NORBERTO TEODORO DE MELLO,"ESTRADA GERAL DE BARRA CLARA, S/N",1074,ESCOLA DE EDUCAÇÃO BÁSICA NORBERTO TEODORO DE MELO,"ESTRADA GERAL DE BARRA CLARA, 388",BARRA CLARA,0
80179,67,1082,CENTRO MUNICIPAL DE EDUCAÇÃO INFANTIL DE FARTURA,"ESTRADA GERAL FARTURA, S/N",1082,CENTRO MUNICIPAL DE EDUCAÇÃO INFANTIL DE FARTURA,"ESTRADA GERAL FARTURA, S/N",FARTURA,0
80179,67,1090,SALÃO DA CAPELA CATÓLICA DE RIO FORTUNA,"ESTRADA GERAL RIO FORTUNA, S/N",1090,SALÃO DA CAPELA CATÓLICA DE RIO FORTUNA,"ESTRADA GERAL RIO FORTUNA, S/N",RIO FORTUNA,0
80195,52,1015,ESCOLA DE EDUCACAO BASICA PADRE ANTONIO VIEIRA,"RUA BENJAMIN SUPPI, 233",1015,ESCOLA DE EDUCACAO BASICA PADRE ANTONIO VIEIRA,"RUA BENJAMIN SUPPI, 233",CENTRO,14
80195,52,1023,SALÃO DA IGREJA DA CACHOEIRINHA,"ESTRADA GERAL, S/N",1023,SALÃO DA IGREJA DA CACHOEIRINHA,"ESTRADA GERAL, S/N",CACHOEIRINHA,21
80195,52,1066,ESCOLA DE EDUCAÇÃO FUNDAMENTAL ISIDORO SILVA,"RODOVIA SC458, S/N",1066,ESCOLA DE EDUCAÇÃO FUNDAMENTAL ISIDORO SILVA,"RODOVIA SC458, S/N",LAGOA DA ESTIVA,60
80195,52,1074,ESCOLA MUNICIPAL BERNARDO DEMERTINE,"ESTRADA GERAL, S/N",1074,ESCOLA MUNICIPAL BERNARDO DEMERTINE,"ESTRADA GERAL, S/N",SAO SEBASTIAO,22
80195,52,1082,NUCLEO DE ENSINO MUNICIPAL VILA ALIANCA,"ESTRADA GERAL ROSARIO, S/N",1082,NUCLEO DE ENSINO MUNICIPAL VILA ALIANCA,"ESTRADA GERAL ROSARIO, S/N",VILA ALIANCA,18
80195,52,1090,NÚCLEO DE ENSINO MUNICIPAL MARIA ELECI FRANCISCO CORREA,"ESTRADA GERAL, S/N",1090,NÚCLEO DE ENSINO MUNICIPAL MARIA ELECI FRANCISCO CORREA,"ESTRADA GERAL, S/N",MARMELEIRO,6
80195,52,1104,ESCOLA MUNICIPAL ERVAL GRANDE,"ESTRADA GERAL, S/N",1104,SALÃO COMUNITÁRIO SANTA ISABEL,"ESTRADA GERAL, S/N",SANTA ISABEL,23
80195,52,1120,SALÃO COMUNITÁRIO VILA PETRY,"ESTRADA GERAL, S/N",1120,SALÃO COMUNITÁRIO VILA PETRY,"ESTRADA GERAL, S/N",VILA PETRY,36
80195,52,1139,SALÃO COMUNITÁRIO DE SAO JOSE,"ESTRADA GERAL, S/N",1139,SALÃO COMUNITÁRIO DE SAO JOSE,"ESTRADA GERAL, S/N",SAO JOSE,9
80195,52,1171,SALAO COMUNITÁRIO DA CAPELA DO DIVINO,"ESTRADA GERAL, S/N",1171,SALAO COMUNITÁRIO DA CAPELA DO DIVINO,"ESTRADA GERAL, S/N",CAPELA DO DIVINO,27
80195,52,1236,ESCOLA ISOLADA SAO PAULO,"ESTRADA GERAL, S/N",1236,ESCOLA ISOLADA SAO PAULO,"ESTRADA GERAL, S/N",CAPELA SAO PAULO,16
80195,52,1309,ESCOLA MUNICIPAL NOSSA SENHORA DE LOURDES,"ESTRADA GERAL, S/N",1309,ESCOLA MUNICIPAL NOSSA SENHORA DE LOURDES,"ESTRADA GERAL, S/N",NOSSA SENHORA DE LOURDES,59
80195,52,1325,ESCOLA DE ENSINO FUNDAMENTAL JOSE BORGES DA SILVA,"RUA EVALDO ROGERIO GODOY , 87",1325,ESCOLA DE ENSINO FUNDAMENTAL JOSE BORGES DA SILVA,"RUA EVALDO ROGERIO GODOY , 87",BORGES,17
80195,52,1333,SALÃO COMUNITÁRIO NOSSA SENHORA DA GLÓRIA,R DONA JOANA MARIN,1333,SALÃO COMUNITÁRIO NOSSA SENHORA DA GLÓRIA,R DONA JOANA MARIN,COPERCAMPOS,15
80217,67,1015,ESCOLA DE EDUCAÇÃO BÁSICA ALTINO FLORES,"RUA PAULICO COELHO, 23",1015,ESCOLA DE EDUCAÇÃO BÁSICA ALTINO FLORES,"RUA PAULICO COELHO, 23",CENTRO,53
80217,67,1090,ESCOLA MUNICIPAL PROFESSORA MANILA CAMPOS DA ROSA,"RUA BERNARDINO CANDIDO DA SILVA, 26",1090,ESCOLA MUNICIPAL PROFESSORA MANILA CAMPOS DA ROSA,"RUA BERNARDINO CANDIDO DA SILVA, 26",CENTRO,0
80217,67,1031,SALÃO DA CAPELA CATÓLICA SÃO PEDRO E PAULO (RIO DOS PINHEIROS),"SC 108, S/N",1031,SALÃO DA CAPELA CATÓLICA SÃO PEDRO E SÃO PAULO (RIO DOS PINHEIROS),"SC 108, S/N",RIO DOS PINHEIROS,0
80217,67,1058,SALAO DA CAPELA CATÓLICA DO RIO DO MEIO,"ESTRADA GERAL, S/N",1058,SALAO DA IGREJA CATÓLICA DO RIO DO MEIO,"ESTRADA GERAL, S/N",RIO DO MEIO,1402
80217,67,1074,ESCOLA ISOLADA MUNICIPAL DIVISA DA VARGINHA,"SC 108, S/N - ESTRADA GERAL VARGINHA, S/N",1074,SALÃO DA CAPELA CATÓLICA DA VARGINHA,"SC 108, S/N - ESTRADA GERAL VARGINHA, S/N",VARGINHA,0
80217,67,1082,ESCOLA ISOLADA MUNICIPAL RIO DA PRATA,"ESTRADA GERAL, S/N",1082,ESCOLA ISOLADA MUNICIPAL RIO DA PRATA,"ESTRADA GERAL, S/N",RIO DA PRATA,0
80233,2,1015,ESCOLA DE EDUCAÇÃO BÁSICA ALTAMIRO GUIMARÃES,"RUA DANIEL PETRY, N. 678",1015,ESCOLA DE EDUCAÇÃO BÁSICA ALTAMIRO GUIMARÃES,"RUA DANIEL PETRY, N. 678",CENTRO,0
80233,2,1023,NÚCLEO ESCOLAR MUNICIPAL PROFESSORA XÊNIA GÖEDERT KREMER,"ESTRADA ANTÔNIO JOSÉ ZIMERMANN, N. 5300",1023,NÚCLEO ESCOLAR MUNICIPAL PROFESSORA XÊNIA GÖEDERT KREMER,"ESTRADA ANTÔNIO JOSÉ ZIMERMANN, N. 5300",LOURO,0
80233,2,1031,NÚCLEO ESCOLAR MUNICIPAL CÔNEGO DOUTOR RAULINO RAITZ,"ESTRADA NOSSA SENHORA DAS GRAÇAS, KM 10, S/N",1031,NÚCLEO ESCOLAR MUNICIPAL CÔNEGO DOUTOR RAULINO RAITZ,"ESTRADA NOSSA SENHORA DAS GRAÇAS, KM 10, S/N",SANTA MARIA,0
80233,2,1040,NÚCLEO ESCOLAR MUNICIPAL VERÔNICA GUESSER PAULI,"RUA PEDRO  JERONIMO GUESSER, S/N",1040,NÚCLEO ESCOLAR MUNICIPAL PROFª VERÔNICA GUESSER PAULI,"RUA PEDRO  JERONIMO GUESSER, S/N",RACHADEL,0
80063,15,1015,ESCOLA DE EDUCAÇÃO BÁSICA SÃO JOÃO BOSCO,"RUA ITAJUBÁ, 135",1015,ESCOLA DE EDUCAÇÃO BÁSICA SÃO JOÃO BOSCO,"RUA ITAJUBÁ, 135",CENTRO,0
80063,15,1031,ESCOLA REUNIDA MUNICIPAL VICTORIA CERUTTI PETTERS,"RUA 300, 198, LOTEAMENTO HELENA MORRO",1031,ESCOLA REUNIDA MUNICIPAL VICTORIA CERUTTI PETTERS - ESCOLINHA,"RUA 300, 198, LOTEAMENTO HELENA MORRO",CENTRO,0
80063,15,1040,ESCOLA DE ENSINO FUNDAMENTAL RIBEIRÃO SÃO LUIZ,"RODOVIA BR 470 KM 96, S/N",1040,ESCOLA DE ENSINO FUNDAMENTAL RIBEIRÃO SÃO LUIZ,"RODOVIA BR 470 KM 96, S/N",SÃO LUIZ,0
80063,15,1058,ESCOLA BÁSICA PROFESSOR WADISLAU SCHMIDT,"ESTRADA GERAL, S/N",1058,ESCOLA BÁSICA PROFESSOR WADISLAU SCHMIDT,"ESTRADA GERAL, S/N",VARGEM GRANDE,0
80063,15,1066,ESCOLA BASICA SUBIDA,"ESTRADA GERAL, S/N",1066,ESCOLA BASICA SUBIDA,"ESTRADA GERAL, S/N",SUBIDA,0
80063,15,1236,SALÃO PAROQUIAL SANTO ANTÔNIO,"ESTRADA GERAL SANTO ANTÔNIO, S/N",1236,SALÃO PAROQUIAL SANTO ANTÔNIO,"ESTRADA GERAL SANTO ANTÔNIO, S/N",SANTO ANTÔNIO,0
80063,15,1082,SALÃO PAROQUIAL DE SÃO JORGE I,"ESTRADA GERAL, S/N",1082,SALÃO PAROQUIAL DE SÃO JORGE I,"ESTRADA GERAL, S/N",SÃO JORGE I,0
80063,15,1090,SALÃO PAROQUIAL NOSSA SENHORA DE FÁTIMA,"ESTRADA GERAL, S/N",1090,SALÃO PAROQUIAL NOSSA SENHORA DE FÁTIMA,"ESTRADA GERAL, S/N",SÃO JORGE II,0
80063,15,1104,SALÃO PAROQUIAL,"ESTRADA GERAL, S/N",1104,SALÃO PAROQUIAL SÃO VALENTIM - BAGUAÇU,"ESTRADA GERAL, S/N",BAGUAÇU,0
80063,15,1112,ESCOLA ISOLADA CAPELA SÃO PEDRO,"RODOVIA BR 470 KM 107, S/N",1112,ESCOLA ISOLADA CAPELA SÃO PEDRO,"RODOVIA BR 470 KM 107, S/N",SÃO PEDRO,0
80063,15,1120,SALÃO PAROQUIAL NOSSA SENHORA DAS GRAÇAS,"ESTRADA GERAL, S/N",1120,SALÃO PAROQUIAL NOSSA SENHORA DAS GRAÇAS,"ESTRADA GERAL, S/N",NEISSE CENTRAL,0
80063,15,1139,SALÃO PAROQUIAL NOSSA SENHORA AUXILIADORA,"ESTRADA GERAL, S/N",1139,SALÃO PAROQUIAL NOSSA SENHORA AUXILIADORA,"ESTRADA GERAL, S/N",RIO NOVO,0
80063,15,1147,SALÃO PAROQUIAL SÃO SEBASTIÃO,"ESTRADA GERAL, S/N",1147,SALÃO PAROQUIAL SÃO SEBASTIÃO,"ESTRADA GERAL, S/N",SALÃO,0
80063,15,1155,ESCOLA BÁSICA PROFESSORA ALBERTINA KREUSCH CAPRALE,"ESTRADA GERAL, S/N",1155,ESCOLA BÁSICA PROFESSORA ALBERTINA KREUSCH CAPRALE,"ESTRADA GERAL, S/N",SANTA ROSA,0
80063,15,1163,SALÃO PAROQUIAL SÃO PAULO,"ESTRADA GERAL, S/N",1163,SALÃO PAROQUIAL SÃO PAULO,"ESTRADA GERAL, S/N",JUNDIÁ,0
80063,15,1198,SALÃO PAROQUIAL NOSSA SENHORA APARECIDA,"ESTRADA GERAL, S/N",1198,SALÃO PAROQUIAL NOSSA SENHORA APARECIDA,"ESTRADA GERAL, S/N",ÁGUAS FRIAS,0
80063,15,1210,ESCOLA ISOLADA EDEGAR BRANDES,"ESTRADA GERAL, S/N",1210,ESCOLA ISOLADA EDEGAR BRANDES,"ESTRADA GERAL, S/N",BASÍLIO,0
80063,15,1228,ESCOLA ISOLADA MUNICIPAL PADRE AGUSTINHO VORGERD,"RODOVIA BR 470 KM 110, S/N",1228,ESCOLA ISOLADA MUNICIPAL PADRE AGUSTINHO VORGERD,"RODOVIA BR 470 KM 110, S/N",CARVALHO,0
80489,90,1015,CENTRO COMUNITÁRIO DE LINHA PELOTAS,"ESTRADA GERAL, S/N",1015,CENTRO COMUNITÁRIO DE LINHA PELOTAS,"ESTRADA GERAL, S/N",LINHA PELOTAS,0
80489,90,1031,ESCOLA DE NOVA ESTRELA,"RUA DO SABER, S/N",1031,ESCOLA DE NOVA ESTRELA,"RUA DO SABER, S/N",NOVA ESTRELA,0
80489,90,1040,CENTRO COMUNITÁRIO DE LAJEADO QUIRINO,"ESTRADA GERAL, S/N",1040,CENTRO COMUNITÁRIO DE LAJEADO QUIRINO,"ESTRADA GERAL, S/N",LAJEADO QUIRINO,0
80489,90,1058,ESCOLA DE EDUCAÇÃO BÁSICA ARABUTÃ,"RUA ADILIO HILÁRIO MUTZEMBERGER, N. 203",1058,ESCOLA DE EDUCAÇÃO BÁSICA ARABUTÃ,"RUA ADILIO HILÁRIO MUTZEMBERGER, N. 203",CENTRO,0
80489,90,1104,CENTRO COMUNITÁRIO DE LINHA PARAÍSO,"RODOVIA SC 465, S/N",1104,CENTRO COMUNITÁRIO DE LINHA PARAÍSO,"RODOVIA SC 465, S/N",LINHA PARAÍSO,0
80489,90,1139,CENTRO COMUNITÁRIO DE LAJEADO GUARAIPO,"ESTRADA GERAL, S/N",1139,CENTRO COMUNITÁRIO DE LAJEADO GUARAIPO,"ESTRADA GERAL, S/N",LAJEADO GUARAIPO,0
80489,90,1147,CENTRO COMUNITÁRIO DE LINHA CANHADA GRANDE,"ESTRADA GERAL, S/N",1147,CENTRO COMUNITÁRIO DE LINHA CANHADA GRANDE,"ESTRADA GERAL, S/N",CANHADA GRANDE,0
80250,27,1023,ESCOLA DE EDUCAÇÃO BÁSICA ALMIRANTE BOITEUX,"RUA NEREU RAMOS, N. 180",1023,ESCOLA DE EDUCAÇÃO BÁSICA ALMIRANTE BOITEUX,"RUA NEREU RAMOS, N. 180",CENTRO,0
80250,27,1040,UNIDADE DE SAUDE DE CORVETA,"RUA JOSE ALIPIO VIEIRA, S/N",1040,UNIDADE DE SAUDE DE CORVETA,"RUA JOSE ALIPIO VIEIRA, S/N",CORVETA,0
80250,27,1066,ESCOLA DE EDUCAÇÃO BÁSICA TITOLIVIO VENÂNCIO ROSA,"RUA ONOFRE ROSA, 96",1066,ESCOLA DE EDUCAÇÃO BÁSICA TITOLIVIO VENÂNCIO ROSA,"RUA ONOFRE ROSA, 96",ITAPOCU,0
80250,27,1082,ESCOLA REUNIDA ANTENOR SPROTTE,"ESTRADA GERAL, S/N",1082,ESCOLA REUNIDA ANTENOR SPROTTE,"ESTRADA PREFEITO MIGUEL TITO ROSA, 2965",MORRO GRANDE,0
80250,27,1120,ESCOLA DE EDUCAÇÃO BÁSICA PREFEITO HIGINO AGUIAR,"RODOVIA SC 301, KM 5, N. 570",1120,ESCOLA DE EDUCAÇÃO BÁSICA PREFEITO HIGINO AGUIAR,"RODOVIA SC 301, KM 5, N. 570",ITINGA,0
80250,27,1139,ESCOLA MUNICIPAL JOÃO AGNELO VIEIRA,"AVENIDA NOSSA SENHORA DAS GRAÇAS, N. 1000",1139,ESCOLA MUNICIPAL JOÃO AGNELO VIEIRA,"AVENIDA NOSSA SENHORA DAS GRAÇAS, N. 1000",RAINHA,0
80250,27,1058,ESCOLA MUNICIPAL CRISTINA MARLI ZIPF RIBEIRO,"ESTRADA GERAL, N. 14845",1058,ESCOLA MUNICIPAL CRISTINA MARLI ZIPF RIBEIRO,"ESTRADA GERAL, N. 14845",GUAMIRANGA,0
80250,27,1163,CENTRO DE EDUCAÇÃO INFANTIL JOÃO LUIZ DO ROSÁRIO,"ESTRADA GERAL, S/N",1163,CENTRO DE EDUCAÇÃO INFANTIL JOÃO LUIZ DO ROSÁRIO,"ESTRADA GERAL, S/N",CORVETA,0
80250,27,1198,ESCOLA MUNICIPAL DO PONTO ALTO,"RUA JOSÉ JÚLIO MOERIRA, N. 2271",1198,ESCOLA MUNICIPAL DO PONTO ALTO,"RUA JOSÉ JÚLIO MOERIRA, N. 2271",PONTO ALTO,0
80250,27,1201,ESCOLA MUNICIPAL JOÃO SERAFIM TIMÓTEO,"ESTRADA GERAL, N. 8005",1201,ESCOLA MUNICIPAL JOÃO SERAFIM TIMÓTEO,"ESTRADA GERAL, N. 8005",ITAPOCU,0
80250,27,1210,ESCOLA MUNICIPAL AMARO COELHO,"RODOVIA SC 280, N. 2934",1210,ESCOLA MUNICIPAL AMARO COELHO,"RODOVIA SC 280, N. 2934",PORTO GRANDE,0
80250,27,1228,ESCOLA MUNICIPAL SAO BENEDITO,RUA LUIZ LICKEFETT N 55,1228,ESCOLA MUNICIPAL CAUÃ FLORIANO DE FRANÇA,RUA LUIZ LICKEFETT N 55,ITINGA,0
80250,27,1236,ESCOLA MUNICIPAL FRANCISCO JABLONSKY,"RUA JOEL ELIAS STEIL, N. 455",1236,ESCOLA MUNICIPAL FRANCISCO JABLONSKY,"RUA JOEL ELIAS STEIL, N. 455",ITINGA,0
80276,1,1015,COLÉGIO MURIALDO,"AVENIDA SETE DE SETEMBRO, N. 2438",1015,COLÉGIO MURIALDO,"AVENIDA SETE DE SETEMBRO, N. 2438",CENTRO,0
80276,1,1023,ESCOLA DE EDUCAÇÃO BÁSICA PROFESSORA DOLVINA LEITE DE MEDEIROS,"RUA DOUTOR VIRGULINO DE QUEIROZ, N. 1530",1023,ESCOLA DE EDUCAÇÃO BÁSICA PROFESSORA DOLVINA LEITE DE MEDEIROS,"RUA DOUTOR VIRGULINO DE QUEIROZ, N. 1530",URUSSANGUINHA,0
80276,1,1031,ESCOLA DE EDUCAÇÃO BÁSICA OTÍLIA SILVA BERTI,"RUA PAULINO LUIZ PEREIRA, N. 1357",1031,ESCOLA DE EDUCAÇÃO BÁSICA OTÍLIA SILVA BERTI,"RUA PAULINO LUIZ PEREIRA, N. 1357",BARRANCA,0
80276,1,1040,ESCOLA DE EDUCAÇÃO BÁSICA PROFESSORA JULIETA AGUIAR BERTONCINE,"RODOVIA BR 101, KM 414, S/N",1040,ESCOLA DE EDUCAÇÃO BÁSICA PROFESSORA JULIETA AGUIAR BERTONCINE,"RODOVIA BR 101, KM 414, S/N",MATO ALTO,0
80276,1,1058,ESCOLA DE ENSINO FUNDAMENTAL PROFESSOR MOTTA PIRES,"RUA JOVELINO GOMES, S/N",1058,ESCOLA DE ENSINO FUNDAMENTAL PROFESSOR MOTTA PIRES,"RUA JOVELINO GOMES, S/N",SANGA DA TOCA,0
80276,1,1074,ESCOLA ISOLADA ESTADUAL LAGOA DO CAVERÁ,"ESTRADA GERAL, S/N",1074,ESCOLA MUNICIPAL PROFESSORA JUDITE BRIGITA LÚCIO,"ESTRADA GERAL, S/N",LAGOA DO CAVERÁ,0
80276,1,1082,ESCOLAS REUNIDAS PADRE ANTONIO LUIZ DIAS,"RUA JOSE SERGIO TOMAZ, S/N FONE (48) 35267223",1082,ESCOLAS DE ENSINO FUNDAMENTAL PADRE ANTONIO LUIZ DIAS,"RUA JOSE SERGIO TOMAZ, S/N FONE (48) 35267223",MORRO DOS CONVENTOS,0
80276,1,1090,SALÃO COMUNITÁRIO MANHOSO,"ESTRADA GERAL, S/N",1090,ESCOLA ISOLADA MANHOSO,"ESTRADA GERAL, S/N",MANHOSO,0
80276,1,1104,ESCOLA ISOLADA ITOPABA,"ESTRADA GERAL, S/N",1104,ESCOLA ISOLADA ITOPABA,"ESTRADA GERAL, S/N",ITOPABA,0
80276,1,1384,ESCOLA DE EDUCAÇÃO BÁSICA JORDÃO BERNARDO DA ROSA,"BR 101, KM 420, S/N",1384,ESCOLA DE EDUCAÇÃO BÁSICA JORDÃO BERNARDO DA ROSA,"BR 101, KM 420, S/N",SANGA DA AREIA,0
80276,1,1120,ESCOLA DE EDUCAÇÃO BÁSICA BERNARDINO SENA CAMPOS,"RUA IVO ALMEIDA MACHADO, N. 200",1120,ESCOLA DE EDUCAÇÃO BÁSICA BERNARDINO SENA CAMPOS,"RUA IVO ALMEIDA MACHADO, N. 200",COLONINHA,0
80276,1,1139,ESCOLA DE ENSINO FUNDAMENTAL SANGA DO MARCO,"ESTRADA GERAL, S/N",1139,ESCOLA DE ENSINO FUNDAMENTAL SANGA DO MARCO,"ESTRADA GERAL, S/N",SANGA DO MARCO,0
80276,1,1147,ESCOLA DE EDUCAÇÃO BÁSICA PROFESSORA EREMETA SOUZA,"RUA CELSO RAMOS, N. 800",1147,ESCOLA DE EDUCAÇÃO BÁSICA PROFESSORA EREMETA SOUZA,"RUA CELSO RAMOS, N. 800",HERCÍLIO LUZ,0
80276,1,1155,SALÃO COMUNITÁRIO RIO DOS ANJOS,"ESTRADA GERAL, S/N",1155,SALÃO COMUNITÁRIO RIO DOS ANJOS,"ESTRADA GERAL, S/N",RIO DOS ANJOS,0
80276,1,1163,SALÃO PAROQUIAL DE ILHAS,"RUA JOVELINO GRACIANO, S/N",1163,SALÃO PAROQUIAL DE ILHAS,"RUA JOVELINO GRACIANO, S/N",ILHAS,0
80276,1,1171,SALÃO COMUNITÁRIO ESPIGAO DA PEDRA,"ESTRADA GERAL, S/N",1171,SALÃO PAROQUIAL SÃO VALENTIM ESPIGAO DA PEDRA,"ESTRADA GERAL, S/N",ESPIGÃO DA PEDRA,0
80276,1,1368,ESCOLA DE ENSINO BÁSICO OPERÁRIA,"ESTRADA GERAL, S/N",1368,ESCOLA DE ENSINO BÁSICO OPERÁRIA,"RODOVIA TINHO RÉUS, 1775",OPERÁRIA,0
80276,1,1201,ESCOLA DE EDUCAÇÃO BÁSICA CASTRO ALVES,"AVENIDA 15 DE NOVEMBRO, N. 1645",1201,ESCOLA DE EDUCAÇÃO BÁSICA CASTRO ALVES,"AVENIDA 15 DE NOVEMBRO, N. 1645",CENTRO,0
80276,1,1210,ESCOLA DE EDUCAÇÃO BÁSICA PROFESSORA MARIA GARCIA PESSI,"RUA PRESIDENTE NEREU RAMOS, N. 334",1210,ESCOLA DE EDUCAÇÃO BÁSICA PROFESSORA MARIA GARCIA PESSI,"RUA PRESIDENTE NEREU RAMOS, N. 334",CIDADE ALTA,0
80276,1,1236,SALÃO COMUNITÁRIO FUNDO DO CEDRO,"ESTRADA GERAL CAMPINHO, S/N",1236,SALÃO COMUNITÁRIO FUNDO DO CEDRO,"ESTRADA GERAL CAMPINHO, S/N",FUNDO DO CEDRO,0
80276,1,1252,SALÃO PAROQUIAL DE SANTA ROSA DE LIMA VOLTA CURTA,"ESTRADA GERAL VOLTA CURTA, S/N",1252,SALÃO PAROQUIAL DE SANTA ROSA DE LIMA VOLTA CURTA,"ESTRADA GERAL VOLTA CURTA, S/N",VOLTA CURTA,0
80276,1,1260,ESCOLA DE EDUCAÇÃO BÁSICA ISABEL FLORES HUBBE,"RUA LAUDELINO INÁCIO DOS SANTOS, N. 77",1260,ESCOLA DE EDUCAÇÃO BÁSICA ISABEL FLORES HUBBE,"RUA LAUDELINO INÁCIO DOS SANTOS, N. 77",ALTO FELIZ,0
80276,1,1287,SALÃO COMUNITÁRIO BARRO VERMELHO,"ESTRADA GERAL BARRO VERMELHO, S/N",1287,SALÃO COMUNITÁRIO BARRO VERMELHO,"ESTRADA GERAL BARRO VERMELHO, S/N",BARRO VERMELHO,0
80276,1,1295,ESCOLA BÁSICA MUNICIPAL NOVA DIVINÉIA,"RUA JOSÉ FRANCISCO ALVES, N. 185",1295,ESCOLA BÁSICA MUNICIPAL NOVA DIVINÉIA,"RUA JOSÉ FRANCISCO ALVES, N. 185",NOVA DIVINÉIA,0
80276,1,1317,SALÃO COMUNITÁRIO LAGOA DA SERRA,"ESTRADA GERAL LAGOA DA SERRA, S/N",1317,SALÃO COMUNITÁRIO LAGOA DA SERRA,"ESTRADA GERAL LAGOA DA SERRA, S/N",LAGOA DA SERRA,0
80276,1,1465,ESCOLA DE ENSINO FUNDAMENTAL PATRULHEIRO JUCEMAR PAES,"FRANCISCO SATURNINO SOARES, S/N",1465,ESCOLA DE ENSINO FUNDAMENTAL PATRULHEIRO JUCEMAR PAES,"FRANCISCO SATURNINO SOARES, S/N",POLÍCIA RODOVIÁRIA,0
80276,1,1430,IFSC- INSTITUTO FEDERAL DE SANTA CATARINA,"AVENIDA XV DE NOVEMBRO, 61 - BLOCOS D E E",1430,IFSC- INSTITUTO FEDERAL DE SANTA CATARINA,"AVENIDA XV DE NOVEMBRO, 61 - BLOCOS D E E",CIDADE ALTA,0
80276,1,1414,ESCOLA BÁSICA MUNICIPAL OTÁVIO MANOEL ANASTÁCIO,"RUA JOAQUIM CRISTIANO DE MEDEIROS, N. 344",1414,ESCOLA BÁSICA MUNICIPAL OTÁVIO MANOEL ANASTÁCIO,"RUA JOAQUIM CRISTIANO DE MEDEIROS, N. 344",JARDIM CIBELE,0
80276,1,1422,ESCOLA REUNIDA MUNICIPAL  ALMERINDO MANOEL DA LUZ,"RUA PEDRO MANOEL GOMES, S/N",1422,ESCOLA REUNIDA MUNICIPAL  ALMERINDO MANOEL DA LUZ,"RUA PEDRO MANOEL GOMES, S/N",CAMPO VERDE,0
80292,99,1015,E.E.B. MONSENHOR FRANCISCO GIESBERTS,"RUA MONSENHOR FRANCISCO GIESBERTS, N. 100",1015,E.E.B. MONSENHOR FRANCISCO GIESBERTS,"RUA MONSENHOR FRANCISCO GIESBERTS, N. 100",CENTRO,0
80292,99,1023,SALÃO COMUNITÁRIO DE SÃO JOSÉ,"ESTRADA GERAL, S/N",1023,SALÃO COMUNITÁRIO DE SÃO JOSÉ,"ESTRADA GERAL, S/N",SÃO JOSÉ,0
80292,99,1040,CENTRO COMUNITÁRIO BOM JESUS,"ESTRADA GERAL BOM JESUS, S/N",1040,CENTRO COMUNITÁRIO BOM JESUS,"ESTRADA GERAL BOM JESUS, S/N",BOM JESUS,0
80292,99,1120,E.E.B. ANTÔNIO DIOMÁRIO DA ROSA,"ESTRADA GERAL, S/N",1120,E.E.B. ANTÔNIO DIOMÁRIO DA ROSA,"ESTRADA GERAL, S/N",SANTA TEREZINHA,0
80292,99,1074,E.R. PROF. LAURO LOCKS,"ESTRADA GERAL, S/N",1074,E.R. PROF. LAURO LOCKS,"ESTRADA GERAL, S/N",VILA NOVA,0
80292,99,1082,ESCOLA ISOLADA SERTÃO DOS CORRÊAS,"ESTRADA GERAL, S/N",1082,ESCOLA ISOLADA SERTÃO DOS CORRÊAS,"ESTRADA GERAL, S/N",SERTÃO DOS CORREAS,0
80292,99,1112,E.E.M. JOSÉ PEDRO NAZÁRIO,"ESTRADA GERAL, S/N",1112,E.E.M. JOSÉ PEDRO NAZÁRIO,"ESTRADA GERAL, S/N",OLARIA,0
80314,36,1015,ESCOLA DE EDUCAÇÃO BÁSICA GOVERNADOR BORNHAUSEN,"RUA PASQUAL NAVA, N. 175",1015,ESCOLA DE EDUCAÇÃO BÁSICA GOVERNADOR BORNHAUSEN,"RUA PASQUAL NAVA, N. 175",CENTRO,0
80314,36,1023,ESCOLA ISOLADA DA LINHA SÃO VALENTIN,"ESTRADA GERAL, S/N",1023,ESCOLA ISOLADA DA LINHA SÃO VALENTIN,"ESTRADA GERAL, S/N",SÃO VALENTIN,0
80802,61,1015,ESCOLA ISOLADA DE LOMBA GRANDE,"ESTRADA GERAL, S/N",1015,ESCOLA ISOLADA DE LOMBA GRANDE,"ESTRADA GERAL, S/N",LINHA LOMBA GRANDE,0
80802,61,1023,ESCOLA ISOLADA DE LINHA CHAPADA,"ESTRADA GERAL, S/N",1023,ESCOLA ISOLADA DE LINHA CHAPADA,"ESTRADA GERAL, S/N",LINHA CHAPADA,0
80802,61,1031,ESCOLA DE EDUCAÇÃO BÁSICA PROFESSORA BENTA CARDOSO,"RUA DEPUTADO FIORAVANTE MASSOLINI, N. 87",1031,ESCOLA DE EDUCAÇÃO BÁSICA PROFESSORA BENTA CARDOSO,"RUA DEPUTADO FIORAVANTE MASSOLINI, N. 87",CENTRO,0
80802,61,1040,ESCOLA ISOLADA LINHA SANTA TERESINHA,"ESTRADA GERAL, S/N",1040,ESCOLA ISOLADA LINHA SANTA TERESINHA,"ESTRADA GERAL, S/N",LINHA SANTA TEREZINHA,0
80802,61,1058,CENTRO COMUNITÁRIO DE LINHA SÃO LUIZ,"ESTRADA GERAL, S/N",1058,CENTRO COMUNITÁRIO DE LINHA SÃO LUIZ,"ESTRADA GERAL, S/N",LINHA SÃO LUIZ,0
80802,61,1066,CENTRO COMUNITÁRIO ROSALINO NARDI,"ESTRADA GERAL, S/N",1066,CENTRO COMUNITÁRIO ROSALINO NARDI,"ESTRADA GERAL, S/N",LINHA ROSALINO NARDI,0
80330,15,1015,ESCOLA DE EDUCAÇÃO BÁSICA DOMINGOS SÁVIO,"RUA DOM BOSCO, 341",1015,ESCOLA DE EDUCAÇÃO BÁSICA DOMINGOS SÁVIO,"RUA DOM BOSCO, 341",CENTRO,0
80330,15,1023,ESCOLA DE EDUCAÇÃO BÁSICA DEPUTADO ABEL ÁVILA DOS SANTOS,"RUA PROFESSOR FRANCISCO STÉDILE, 76",1023,ESCOLA DE EDUCAÇÃO BÁSICA DEPUTADO ABEL ÁVILA DOS SANTOS,"RUA PROFESSOR FRANCISCO STÉDILE, 76",ESTAÇÃO,0
80330,15,1040,SALÃO DA CAPELA NOSSA SENHORA MÃE DA IGREJA,"RUA GUARICANAS, 5058",1040,SALÃO DA CAPELA NOSSA SENHORA MÃE DA IGREJA (GUARICANAS I),"RUA GUARICANAS, 5058",GUARICANAS I,0
80330,15,1066,CENTRO SOCIAL URBANO,"RUA INDAIAL, 739",1066,CENTRO SOCIAL URBANO / PRÉ-ESCOLAR PEQUENO PRÍNCIPE/ DNA JÚLIA BONELLI,"RUA INDAIAL, 739",ESTAÇÃO,0
80330,15,1074,SALÃO DA IGREJA DOM BOSCO,"RUA ILSE GRANDE, S/N",1074,SALÃO DA IGREJA DOM BOSCO,"RUA ILSE GRANDE, S/N",ILSE,0
80330,15,1082,ESCOLA ISOLADA RIBEIRÃO DAS CABRAS I,"RUA JOÃO POFFO, 393",1082,GINÁSIO VALDIR CECHELERO (ESC. ISOLADA RIBEIRÃO DAS CABRAS) I,"RUA JOÃO POFFO, 393",RIBEIRÃO SANTA BÁRBARA,0
80330,15,1090,SALÃO DA CAPELA SAGRADA FAMÍLIA,"RUA RIBEIRÃO SÃO PAULO, 2450",1090,SALÃO DA CAPELA SAGRADA FAMÍLIA,"RUA RIBEIRÃO SÃO PAULO, 2450",RIBEIRÃO SÃO PAULO,0
80330,15,1120,ESCOLA MUNICIPAL TENENTE CORONEL AMARO MEDEIROS DE VASCONCELOS,"RUA VILA NOVA, 504",1120,ESCOLA MUNICIPAL TENENTE CORONEL AMARO MEDEIROS DE VASCONCELOS,"RUA VILA NOVA, 504",VILA NOVA,0
80330,15,1104,SOCIEDADE ESPORTIVA RECREATIVA E CULTURAL SETE DE SETEMBRO,"RUA ÂNGELO DEPINÉ, 160",1104,SOCIEDADE ESPORTIVA RECREATIVA E CULTURAL SETE DE SETEMBRO,"RUA ÂNGELO DEPINÉ, 160",CENTRO,0
80330,15,1112,ESCOLA MUNICIPAL BALÃO MÁGICO,"RUA TEOBALDO RECH, 66",1112,REDE FEMININA (ESCOLA MUNICIPAL BALÃO MÁGICO),"RUA TEOBALDO RECH, 66",MONTE ALEGRE,0
80357,57,1015,ESCOLA ISOLADA RIBEIRAO MATILDE DAS PEDRAS I,"RUA GERAL, S/N",1015,ESCOLA ISOLADA RIBEIRAO MATILDE DAS PEDRAS I,"RUA GERAL, S/N",RIBEIRAO MATILDE,0
80357,57,1031,COLEGIO ESTADUAL DOUTOR FREDERICO ROLLA,"RUA CONSTANCIO KRUMMEL, S435",1031,COLEGIO ESTADUAL DOUTOR FREDERICO ROLLA,"RUA CONSTANCIO KRUMMEL, S435",CENTRO,0
80373,102,1015,ESCOLA BÁSICA WALTER PROBST,"RUA XV DE NOVEMBRO, N. 164, FONE (47) 3524 0177",1015,ESCOLA BÁSICA WALTER PROBST,"RUA XV DE NOVEMBRO, N. 164, FONE (47) 3524 0177",CENTRO,0
80373,102,1023,ASSOCIAÇÃO ESPORTIVA E RECREATIVA COROAS,"RODOVIA SC 302, S/N",1023,ASSOCIAÇÃO ESPORTIVA E RECREATIVA COROAS,"RODOVIA SC 302, S/N",BARRA COBRAS SUL,0
80373,102,1031,SALÃO COMUNITARIO DA IGREJA CATOLICA DE RIBEIRÃO STREY,"ESTRADA GERAL, S/N",1031,CASA MORTUÁRIA RIBEIRÃO STREY,"ESTRADA GERAL, S/N",STREY,0
80373,102,1066,CENTRO EDUCACIONAL FUNDOS AURORA,"ESTRADA GERAL, S/N",1066,CENTRO EDUCACIONAL FUNDOS AURORA,"ESTRADA GERAL, S/N",FUNDOS AURORA,0
80373,102,1058,ESCOLA MUNICIPAL CHAPADÃO NOVA ITÁLIA,"ESTRADA GERAL, S/N",1058,SALÃO DA IGREJA CATÓLICA DE CHAPADÃO NOVA ITÁLIA (SUBST. ESCOLA),"ESTRADA GERAL, S/N",CHAPADÃO DE NOVA ITÁLIA,0
80373,102,1074,ESCOLA MUNICIPAL DE NOVA ITÁLIA,"ESTRADA GERAL, S/N",1074,CENTRO EDUCACIONAL NOVA ITÁLIA,"ESTRADA GERAL, S/N",NOVA ITALIA,0
80373,102,1082,ESCOLA MUNICIPAL DE SÃO MARTINHO,"ESTRADA GERAL, S/N",1082,ESCOLA MUNICIPAL DE SÃO MARTINHO,"ESTRADA GERAL, S/N",SÃO MARTINHO,0
80373,102,1090,ESCOLA MUNICIPAL DE CHAPADAO AURORA (TRANSF PARA SALAO DA IG LUTERANA),"ESTRADA GERAL, S/N",1090,SALAO DA IGREJA LUTERANA,"ESTRADA GERAL, S/N",SERRA AURORA,0
80373,102,1163,ESCOLA ISOLADA MUNICIPAL RIBEIRÃO PACAS (SUBST. SALÃO C SÃO CRISTÓVÃO),"ESTRADA GERAL, S/N",1082,ESCOLA MUNICIPAL DE SÃO MARTINHO,"ESTRADA GERAL, S/N",SÃO MARTINHO,
80373,102,1120,ESCOLA MUNICIPAL DE SANTO ANTÔNIO,"ESTRADA GERAL, S/N",1120,SALÃO DA CAPELA SANTO ANTÔNIO (SUBST. ESCOLA),"ESTRADA GERAL, S/N",SANTO ANTÔNIO,0
80373,102,1139,ESCOLA BASICA ANA GALVAN,"RODOVIA SC KM 293, S/N FONE (47) 8331108",1139,ESCOLA BASICA ANA GALVAN,"RODOVIA SC KM 293, S/N FONE (47) 8331108",SANTA TEREZA,0
80373,102,1147,ESCOLA ISOLADA MUNICIPAL ALTO COBRAS SUL,"ESTRADA GERAL ALTO COBRAS SUL, S/N",1147,ESCOLA ISOLADA MUNICIPAL ALTO COBRAS SUL,"ESTRADA GERAL ALTO COBRAS SUL, S/N",COBRAS SUL,0
81728,1,1015,ESCOLA DE EDUCAÇÃO BÁSICA APOLÔNIO IRENO CARDOSO,"RUA APOLÔNIO IRENO CARDOSO, 592",1015,ESCOLA DE EDUCAÇÃO BÁSICA APOLÔNIO IRENO CARDOSO,"RUA APOLÔNIO IRENO CARDOSO, 592",CENTRO,0
81728,1,1040,ESCOLA DE ENSINO FUNDAMENTAL JARDIM ATLÂNTICO,"RUA MARIA RABELLO, N. 1550",1040,ESCOLA DE ENSINO FUNDAMENTAL JARDIM ATLÂNTICO,"RUA MARIA RABELLO, N. 1550",JARDIM ATLANTICO,0
81728,1,1023,CENTRO DE EDUCAÇÃO INFANTIL TEREZA PEREIRA COELHO,"RUA 48, SN- AO LADO DA ESCOLA PASSO FUNDO",1023,ESCOLA MUNICIPAL DE ENSINO BÁSICO LUIZA TOMASI SCAINI,"RUA PASSO FUNDO, 1551",PRAIA DA META,0
81728,1,1031,ESCOLA MUNICIPAL DE ENSINO FUNDAMENTAL PROFESSORA JAIRA VIEIRA BORGES,RUA 14- LOTEAMENTO VILAGE MORRO DOS CONVENTOS,1031,ESCOLA MUNICIPAL DE ENSINO FUNDAMENTAL PROFESSORA JAIRA VIEIRA BORGES,RUA 14- LOTEAMENTO VILAGE MORRO DOS CONVENTOS,PRAIA DA CACAMBA,0
81728,1,1058,APAE- ASSOCIAÇÃO DOS PAIS E AMIGOS DOS EXCEPCIONAIS,AVENIDA CANTUÁRIO DOS SANTOS VIEIRA,1058,APAE- ASSOCIAÇÃO DOS PAIS E AMIGOS DOS EXCEPCIONAIS,AVENIDA CANTUÁRIO DOS SANTOS VIEIRA,ZONA NOVA SUL,0
81728,1,1066,CENTRO COMUNITÁRIO - BAIRRO GOLFINHOS,RUA MELEIRO,1066,CENTRO COMUNITÁRIO - BAIRRO GOLFINHOS,RUA MELEIRO,GOLFINHOS,0
80683,27,1015,ESCOLA DE EDUCAÇÃO BÁSICA DOM GREGÓRIO WARMELING,"AV. SÃO FRANCISCO DO SUL, N. 90",1015,ESCOLA DE EDUCAÇÃO BÁSICA DOM GREGÓRIO WARMELING,"AV. SÃO FRANCISCO DO SUL, N. 90",CENTRO,0
80683,27,1031,ESCOLA MUNICIPAL ERODI MARQUES NUNES,AVN.JARAGUA N. 4239,1031,ESCOLA MUNICIPAL ERODI MARQUES NUNES,AVN.JARAGUA N. 4239,PINHEIRO,0
80683,27,1058,ESCOLA MUNICIPAL ADALZIZA LEÔNIDA DE SOUZA DA CUNHA,"RUA AMANDIO CABRAL, 1501",1058,ESCOLA MUNICIPAL ADALZIZA LEÔNIDA DE SOUZA DA CUNHA,"RUA AMANDIO CABRAL, 1501",CENTRO,0
80683,27,1066,ESCOLA MUNICIPAL MANOEL HENRIQUE BORGES,"RUA BRAS TOMAZ DA SILVA, 70",1066,ESCOLA MUNICIPAL MANOEL HENRIQUE BORGES,"RUA BRAS TOMAZ DA SILVA, 70",SALINAS,0
80683,27,1040,ESCOLA MUNICIPAL JURACI IZAURA DE OLIVEIRA,"RUA PADRE NESTOR WELTER, N. 408",1040,ESCOLA MUNICIPAL JURACI IZAURA DE OLIVEIRA,"RUA PADRE NESTOR WELTER, N. 408",COSTEIRA,0
80683,27,1074,ESCOLA MUNICIPAL MARLENE FRANCISCA DE SOUZA,"AVENIDA JARAGUÁ DO SUL, 9906",1074,ESCOLA MUNICIPAL MARLENE FRANCISCA DE SOUZA,"AVENIDA JARAGUÁ DO SUL, 9906",CONQUISTA,0
80390,56,1015,ESCOLA DE EDUCAÇÃO BÁSICA PRESIDENTE JOÃO GOULART,"RUA 1500, N. 640",1015,ESCOLA DE EDUCAÇÃO BÁSICA PRESIDENTE JOÃO GOULART,"RUA 1500, N. 640",CENTRO,0
80390,56,1031,CENTRO EDUCACIONAL MUNICIPAL PROFESSOR ANTÔNIO LÚCIO,"RUA ITÁLIA, N. 977",1031,CENTRO EDUCACIONAL MUNICIPAL PROFESSOR ANTÔNIO LÚCIO,"RUA ITÁLIA, N. 977",DAS NACOES,0
80390,56,1040,CENTRO EDUCACIONAL MUNICIPAL PRESIDENTE MÉDICI,"RUA PARAGUAI, N. 1005",1040,CENTRO EDUCACIONAL MUNICIPAL PRESIDENTE MÉDICI,"RUA PARAGUAI, N. 1005",DAS NACOES,0
80390,56,1058,CEJA - ANTIGA EEB. LAUREANO PACHECO,"RUA JULIETA LINS, N. 685",1058,CEJA - ANTIGA EEB. LAUREANO PACHECO,"RUA JULIETA LINS, N. 685",PIONEIROS,0
80390,56,1074,CENTRO EDUCACIONAL MUNICIPAL GOVERNADOR IVO SILVEIRA,"AVENIDA SANTA CATARINA, N. 637",1074,CENTRO EDUCACIONAL MUNICIPAL GOVERNADOR IVO SILVEIRA,"AVENIDA SANTA CATARINA, N. 637",DOS ESTADOS,0
80390,56,1082,CENTRO EDUCACIONAL MUNICIPAL ARIRIBÁ,"AVENIDA DOS TUCANOS, N. 60",1082,CENTRO EDUCACIONAL MUNICIPAL ARIRIBÁ,"AVENIDA DOS TUCANOS, N. 60",ARIRIBA,0
80390,56,1104,CENTRO EDUCACIONAL SISTEMA UNIFICADO,"RUA 1822, N. 160",1104,CENTRO EDUCACIONAL SISTEMA UNIFICADO,"RUA 1822, N. 160",CENTRO,0
80390,56,1090,NÚCLEO DE EDUCAÇÃO INFANTIL CARROSSEL,"RUA GRÉCIA, N. 205",1090,NÚCLEO DE EDUCAÇÃO INFANTIL CARROSSEL,"RUA GRÉCIA, N. 205",DAS NACOES,0
80390,56,1112,ESCOLA DE EDUCAÇÃO BÁSICA PROFESSORA MARIA DA GLÓRIA PEREIRA,"RUA 3450, N.367",1112,ESCOLA DE EDUCAÇÃO BÁSICA PROFESSORA MARIA DA GLÓRIA PEREIRA,"RUA 3450, N.367",CENTRO,0
80390,56,1120,CENTRO EDUCACIONAL MUNICIPAL DO ESTALEIRO DONA LILA,"AVENIDA VEREADOR DOMINGOS DA FONSECA, S/N",1120,CENTRO EDUCACIONAL MUNICIPAL DO ESTALEIRO DONA LILA,"AVENIDA VEREADOR DOMINGOS DA FONSECA, S/N",ESTALEIRO,0
80390,56,1139,CENTRO EDUCACIONAL MUNICIPAL GIOVANIA DE ALMEIDA,"RUA HIGINO JOÃO PIO, 324",1139,CENTRO EDUCACIONAL MUNICIPAL GIOVANIA DE ALMEIDA,"RUA HIGINO JOÃO PIO, 324",ESTALEIRINHO,0
80390,56,1163,CENTRO EDUCACIONAL MUNICIPAL TAQUARAS,"AVENIDA RODESINDO PAVAN, N. 1048",1163,CENTRO EDUCACIONAL MUNICIPAL TAQUARAS,"AVENIDA RODESINDO PAVAN, N. 1048",TAQUARAS,0
80390,56,1180,ESCOLA DE EDUCAÇÃO BÁSICA PROFESSORA FRANCISCA ALVES GEVAERD,"RUA NAGIB CORREIA, 55, ESQUINA COM A RUA HERMÓGENES DE ASSIS FEIJÓ",1180,ESCOLA DE EDUCAÇÃO BÁSICA PROFESSORA FRANCISCA ALVES GEVAERD,"RUA NAGIB CORREIA, 55, ESQUINA COM A RUA HERMÓGENES DE ASSIS FEIJÓ",BARRA,0
80390,56,1198,CENTRO EDUCACIONAL MUNICIPAL VEREADOR SANTA,"RUA 2450, N. 420",1198,CENTRO EDUCACIONAL MUNICIPAL VEREADOR SANTA,"RUA 2450, N. 420",CENTRO,0
80390,56,1201,CENTRO EDUCACIONAL MUNICIPAL DONA LILI,"R. FERMÍNIO TAVEIRA CRUZ, N. 219",1201,CENTRO EDUCACIONAL MUNICIPAL DONA LILI,"R. FERMÍNIO TAVEIRA CRUZ, N. 219",BARRA,0
80390,56,1210,FACULDADE AVANTIS,"AVENIDA MARGINAL LESTE, 3600",1210,FACULDADE AVANTIS,"AVENIDA MARGINAL LESTE, 3600",DOS ESTADOS,0
80390,56,1228,COLÉGIO LICEU CATARINENSE,"RUA 3.020, 167",1228,COLÉGIO LICEU CATARINENSE,"RUA 3.020, 167",CENTRO,0
80390,56,1244,COLÉGIO SALESIANO,"RUA ALVIN BAUER, N. 131",1244,COLÉGIO SALESIANO,"RUA ALVIN BAUER, N. 131",CENTRO,
80390,103,1015,CENTRO EDUCACIONAL MUNICIPAL PROFESSOR ARMANDO CÉSAR GHISLANDI,"RUA DOM DINIZ, 450",1015,CENTRO EDUCACIONAL MUNICIPAL PROFESSOR ARMANDO CÉSAR GHISLANDI,"RUA DOM DINIZ, 450",VILA REAL,0
80390,103,1023,CENTRO EDUCACIONAL MUNICIPAL NOVA ESPERANÇA,"RUA JOSÉ HONORATO DA SILVA, S/N, ESQ. RUA JOSÉ ALVES CABRAL",1023,CENTRO EDUCACIONAL MUNICIPAL NOVA ESPERANÇA,"RUA JOSÉ HONORATO DA SILVA, S/N, ESQ. RUA JOSÉ ALVES CABRAL",NOVA ESPERANCA,0
80390,103,1031,UNIVALI - UNIVERSIDADE DO VALE DO ITAJAI - CAMPUS II,"QUINTA AVENIDA, 1100",1031,UNIVALI - UNIVERSIDADE DO VALE DO ITAJAI - CAMPUS II,"QUINTA AVENIDA, 1100",MUNICIPIOS,0
80390,103,1040,CENTRO EDUCACIONAL MUNICIPAL JARDIM IATE CLUBE,"RUA DOM HENRIQUE, N. 903",1040,CENTRO EDUCACIONAL MUNICIPAL JARDIM IATE CLUBE,"RUA DOM HENRIQUE, N. 903",JARDIM IATE CLUBE,0
81744,54,1015,ESCOLA DE ENSINO FUNDAMENTAL PROFESSORA DORALINA CLEZAR DA SILVA,"RUA DAS PALMEIRAS, N 2960",1015,ESCOLA DE ENSINO FUNDAMENTAL PROFESSORA DORALINA CLEZAR DA SILVA,"RUA DAS PALMEIRAS, N 2960",LAGOA DE FORA,0
81744,54,1031,CENTRO DE EDUCAÇÃO INFANTIL LIBÂNIA PEREIRA MARTINS,"ESTRADA GERAL, S/N",1031,CENTRO DE EDUCAÇÃO INFANTIL LIBÂNIA PEREIRA MARTINS,"ESTRADA GERAL, S/N",RIO NOVO,0
81744,54,1058,ESCOLA DE ENSINO FUNDAMENTAL PROFESSOR DARCY RIBEIRO,"AVENIDA CRISPIM JOÃO PEREIRA, N. 576",1058,ESCOLA DE ENSINO FUNDAMENTAL PROFESSOR DARCY RIBEIRO,"AVENIDA CRISPIM JOÃO PEREIRA, N. 576",JARDIM ULTRAMAR,0
81744,54,1066,ESCOLA DE ENSINO FUNDAMENTAL ALBINO BERNARDINO DE MELO,"ESTRADA JORGE FLORIANO BORGES, 1661",1066,ESCOLA DE ENSINO FUNDAMENTAL ALBINO BERNARDINO DE MELO,"ESTRADA JORGE FLORIANO BORGES, 1661",RUA NOVA,0
81744,54,1074,ESCOLA DE EDUCAÇÃO BÁSICA PRAIA DA GAIVOTA,"RUA DOS IMIGRANTES, N. 184",1074,ESCOLA DE EDUCAÇÃO BÁSICA PRAIA DA GAIVOTA,"RUA DOS IMIGRANTES, N. 184",CENTRO,0
82511,68,1015,ESCOLA DE EDUCAÇÃO BÁSICA ALEXANDRE GUILHERME FIGUEREDO,"RUA FARMACEUTICO OSORIO DOMINGOS CORREA, 519",1015,ESCOLA DE EDUCAÇÃO BÁSICA ALEXANDRE GUILHERME FIGUEREDO,"RUA FARMACÊUTICO OSÓRIO DOMINGOS CORREA, 519",CENTRO,0
82511,68,1031,ESCOLA DE EDUCAÇÃO BÁSICA ADOLFO ANTÔNIO CABRAL,"RUA ADOLFO CABRAL, S/N",1031,ESCOLA DE EDUCAÇÃO BÁSICA ADOLFO ANTÔNIO CABRAL,"RUA ADOLFO CABRAL, S/N",SANTO ANTÔNIO,0
82511,68,1155,UNIVALI - UNIVERSIDADE DO VALE DO ITAJAÍ,"AV SAMBAQUI., 318",1155,UNIVALI - UNIVERSIDADE DO VALE DO ITAJAÍ,"AV SAMBAQUI., 318",SANTO ANTÔNIO,0
82511,68,1074,ESCOLA DE SAO BRÁS,"ESTRADA GERAL DE SÃO BRÁS, SN",1074,ESCOLA DE SAO BRÁS,"ESTRADA GERAL DE SÃO BRÁS, SN",SÃO BRÁS,0
82511,68,1163,CIEF - CENTRO INTEGRADO DE ENSINO FUNDAMENTAL,"RUA JOAÇABA, S/N",1163,CIEF - CENTRO INTEGRADO DE ENSINO FUNDAMENTAL,"RUA JOAÇABA, S/N",CENTRO,0
82511,68,1112,ESCOLA PROFESSORA FELICIDADE PINTO FIGUEREDO,"RUA VEREADOR ALTAIR DE SOUZA, S/N",1112,ESCOLA PROFESSORA FELICIDADE PINTO FIGUEREDO,"RUA VEREADOR ALTAIR DE SOUZA, S/N",NOSSA SENHORA DA CONCEIÇÃO,0
82511,68,1171,ESCOLA PROFESSORA FRANCISCA BORBA,"RUA VITOR ZIMMERMANN, S/N",1171,ESCOLA PROFESSORA FRANCISCA BORBA,"RUA VITOR ZIMMERMANN, S/N",ITACOLOMI,0
82511,68,1180,ESCOLA MONTEIRO LOBATO,"RUA GERALDO CARDOZO, S/N",1180,ESCOLA MONTEIRO LOBATO,"RUA GERALDO CARDOZO, S/N",NOSSA SENHORA DA PAZ,0
83909,79,1023,CENTRO DE EDUCAÇÃO INFANTIL CANTINHO DO RINCÃO,"RUA GERAL, S/N",1023,CENTRO DE EDUCAÇÃO INFANTIL CANTINHO DO RINCÃO,"RUA GERAL, S/N",URUSSANGA VELHA I,0
83909,79,1058,SALAO PAROQUIAL LAGOA DOS ESTEVES,RUA JORGE FORTULINO S/N,1058,SALAO PAROQUIAL LAGOA DOS ESTEVES,RUA JORGE FORTULINO S/N,LAGOA DOS ESTEVES,0
83909,79,1066,ESCOLA DE ENSINO FUNDAMENTAL GERVÁSIO TEIXEIRA FERNANDES,"RUA JOSÉ DE LAGOS INÁCIO, S/N",1066,ESCOLA DE ENSINO FUNDAMENTAL GERVÁSIO TEIXEIRA FERNANDES,"RUA JOSÉ DE LAGOS INÁCIO, S/N",PEDREIRAS,0
83909,79,1015,ESCOLA MUNICIPAL DE ENSINO FUNDAMENTAL PROF. AMÉLIA DE SOUZA SILVA,"RUA GERAL, S/N",1015,ESCOLA MUNICIPAL DE ENSINO FUNDAMENTAL PROF. AMÉLIA DE SOUZA SILVA,"RUA GERAL, S/N",BARRA VELHA,0
83909,79,1040,ESCOLA DE EDUCAÇÃO BÁSICA MELCHIADES BONIFÁCIO ESPINDOLA,"RUA GETULIO VARGAS, 554,  PROXIMO A IGREJA CATOLICA",1040,ESCOLA DE EDUCAÇÃO BÁSICA MELCHIADES BONIFÁCIO ESPINDOLA,"RUA GETULIO VARGAS, 554,  PROXIMO A IGREJA CATOLICA",BALNEÁRIO RINCÃO - CENTRO,0
83909,79,1031,ESCOLA MUNICIPAL DE ENSINO FUNDAMENTAL JOSÉ REUS,"RUA COPACABANA, S/N",1031,ESCOLA MUNICIPAL DE ENSINO FUNDAMENTAL JOSÉ REUS,"RUA COPACABANA, S/N",LAGOA DOS FREITAS,0
83909,79,1074,ESCOLA DE EDUCAÇÃO BÁSICA MUNICIPAL ARROIO RINCÃO,"RUA JAGUARUNA, S/N",1074,ESCOLA DE EDUCAÇÃO BÁSICA MUNICIPAL ARROIO RINCÃO,"RUA JAGUARUNA, S/N",BALNEÁRIO RINCÃO - CENTRO,0
83909,79,1082,CENTRO DE EDUCAÇÃO INFANTIL PEIXINHO DOURADO,"RUA URUBICI, S/N",1082,CENTRO DE EDUCAÇÃO INFANTIL PEIXINHO DOURADO,"RUA URUBICI, S/N",BALNEÁRIO RINCÃO - CENTRO,0
83909,79,1090,CENTRO DE EDUCAÇÃO INFANTIL NAVEGANDO NO SABER,"RUA MARIO PIAN, SN, ZONA SUL",1090,CENTRO DE EDUCAÇÃO INFANTIL NAVEGANDO NO SABER,"RUA MARIO PIAN, SN, ZONA SUL",BALNEÁRIO RINCÃO - CENTRO,0
81582,45,1023,ESCOLA DE EDUCAÇÃO BÁSICA HELIO WASUM,"RUA AFONSO OLIBONE, S/N FONE (49)36312940",1023,ESCOLA DE EDUCAÇÃO BÁSICA HELIO WASUM,"RUA AFONSO OLIBONE, S/N FONE (49)36312940",CENTRO,0
81582,45,1040,ESCOLA MUNICIPAL ANITA GARIBALDI,"ESTRADA GERAL, S/N, FONE (49) 3626-0005",1040,ESCOLA MUNICIPAL ANITA GARIBALDI,"ESTRADA GERAL, S/N, FONE (49) 3626-0005",LINHA PRATA,0
81760,82,1015,ESCOLA DE EDUCAÇÃO BÁSICA PROFESSORA CECILIA LOTIN,"TRAVESSA ITAMARATI, 87",1015,ESCOLA DE EDUCAÇÃO BÁSICA PROFESSORA CECILIA LOTIN,"TRAVESSA ITAMARATI, 87",CENTRO,0
81760,82,1040,ESCOLA BASICA MUNICIPAL OLAVO BILAC,LINHA 13 DE MAIO,1040,ESCOLA BASICA MUNICIPAL OLAVO BILAC,LINHA 13 DE MAIO,LINHA 13 DE MAIO,0
81760,82,1082,ESCOLA MUNICIPAL ISOLADA ÁGUAS DO ARAÇÁ,LINHA ÁGUAS DO ARAÇÁ,1082,ESCOLA MUNICIPAL ISOLADA ÁGUAS DO ARAÇÁ,ESTRADA GERAL,ÁGUAS DO ARAÇA,0
80411,68,1015,COLÉGIO ESTADUAL CONSELHEIRO ASTROGILDO ODON AGUIAR,"RUA PARANÁ, N. 763",1015,COLÉGIO ESTADUAL CONSELHEIRO ASTROGILDO ODON AGUIAR,"RUA PARANÁ, N. 763",CENTRO,0
80411,68,1023,ESCOLA BÁSICA MUNICIPAL MANOEL ANTÔNIO DE FREITAS,"RUA RITA DE CASSIA COELHO RAMOS, N. 150",1023,ESCOLA BÁSICA MUNICIPAL MANOEL ANTÔNIO DE FREITAS,"RUA RITA DE CASSIA COELHO RAMOS, N. 150",ITAJUBA,0
80411,68,1058,ESCOLA REUNIDA EPIFÂNIO MANOEL IGNÁCIO,"RUA EPIFÂNIO MANOEL IGNÁCIO, S/N",1058,ESCOLA REUNIDA EPIFÂNIO MANOEL IGNÁCIO,"RUA EPIFÂNIO MANOEL IGNÁCIO, S/N",SERTÃOZINHO,0
80411,68,1120,SOCIEDADE ESPORTIVA E RECREATIVA DE BARRA VELHA,"RUA ANTONIO RAMOS ALVIM, N. 192",1201,CENTRO DE EDUCAÇÃO INFANTIL MADRE PAULINA,"RUA AFONSO RADUN, 414",CENTRO,124
80411,68,1201,CENTRO DE EDUCAÇÃO INFANTIL MADRE PAULINA,"RUA AFONSO RADUN, 414",1201,CENTRO DE EDUCAÇÃO INFANTIL MADRE PAULINA,"RUA AFONSO RADUN, 414",CENTRO,0
80411,68,1147,ESCOLA BÁSICA MUNICIPAL PROFESSORA ANTÔNIA GASINO DE FREITAS,"RUA JOÃO PEDRO DE OLIVEIRA, N. 450",1147,ESCOLA BÁSICA MUNICIPAL PROFESSORA ANTÔNIA GASINO DE FREITAS,"RUA JOÃO PEDRO DE OLIVEIRA, N. 450",SÃO CRISTÓVÃO,0
80411,68,1171,ESCOLA REUNIDA MUNICIPAL PROFESSORA MARIA TUSNELDA BERNSTORFF,"RUA GUARINO DE OLIVEIRA FRANCO, 450",1171,ESCOLA REUNIDA MUNICIPAL PROFESSORA MARIA TUSNELDA BERNSTORFF,"RUA GUARINO DE OLIVEIRA FRANCO, 450",VILA NOVA,0
80411,68,1180,ESCOLA REGULAR MUNICIPAL PREFEITO BERNARDO AGUIAR,"RUA JOSE MANOEL BASÍLIO, N. 83",1180,ESCOLA REGULAR MUNICIPAL PREFEITO BERNARDO AGUIAR,"RUA JOSE MANOEL BASÍLIO, N. 83",ITAJUBA,0
80411,68,1198,ESCOLA DE ENSINO MÉDIO SENADOR LUIZ HENRIQUE DA SILVEIRA,"RUA PROFESSOR NILTON JOÃO BATISTA, N. 200",1198,ESCOLA DE ENSINO MÉDIO SENADOR LUIZ HENRIQUE DA SILVEIRA,"RUA PROFESSOR NILTON JOÃO BATISTA, N. 200",ITAJUBA,0
80411,68,1210,ESCOLA REUNIDA MUNICIPAL JUDITE BERNARDINA AGUIAR,"RUA ANASTÁCIO JOÃO PEREIRA, 90 (ANTIGA ESTRADA GERAL MEDEIROS, 3250)",1210,ESCOLA REUNIDA MUNICIPAL JUDITE BERNARDINA AGUIAR,"RUA ANASTÁCIO JOÃO PEREIRA, 90 (ANTIGA ESTRADA GERAL MEDEIROS, 3250)",MEDEIROS,0
81221,8,1015,NÚCLEO ESCOLAR MUNICIPAL JOÃO BATISTA PONTAROLO,"RUA PRINCIPAL, S/N",1015,NÚCLEO ESCOLAR MUNICIPAL JOÃO BATISTA PONTAROLO,"RUA PRINCIPAL, S/N",SÃO ROQUE,0
81221,8,1023,COLÉGIO ESTADUAL ESTANISLAU SCHUMANN,"RUA PROFESSOR ALFREDO LUDKA, 329",1023,ESCOLA DE EDUCAÇÃO BÁSICA ESTANISLAU SCHUMANN,"RUA PROFESSOR ALFREDO LUDKA, 329",CENTRO,0
81221,8,1040,NÚCLEO ESCOLAR MUNICIPAL JOÃO PEDRO ALBERTI,"RUA PRINCIPAL, S/N",1040,NÚCLEO ESCOLAR MUNICIPAL JOÃO PEDRO ALBERTI,"RUA PRINCIPAL, S/N",RIO D'AREIA DE CIMA,0
81221,8,1058,PAVILHÃO DA IGREJA DE LAGOA DO SUL,"RUA PRINCIPAL, S/N",1058,PAVILHÃO DA IGREJA DE LAGOA DO SUL,"RUA PRINCIPAL, S/N",LAGOA DO SUL,0
81221,8,1066,NÚCLEO ESCOLAR MUNICIPAL JULIANA TOMPOROSKI KRULL,"RUA PRINCIPAL, S/N",1066,NÚCLEO ESCOLAR MUNICIPAL JULIANA TOMPOROSKI KRULL,"RUA PRINCIPAL, S/N",SERRA DO LUCINDO,0
81221,8,1074,POSTO DE SAÚDE DE IMBUIA,"RUA PRINCIPAL, S/N",1074,POSTO DE SAÚDE DE IMBUIA,"RUA PRINCIPAL, S/N",IMBUIA,0
81221,8,1082,POSTO DE SAUDE DE COLÔNIA OURO VERDE,"RUA PRINCIPAL, S/N",1082,POSTO DE SAUDE DE COLÔNIA OURO VERDE,"RUA PRINCIPAL, S/N",COLÔNIA OURO VERDE,0
81221,8,1090,ESCOLA MUNICIPAL TEREZINHA CORRÊA AGOSTINHO,"RUA PRINCIPAL, S/N",1090,ESCOLA MUNICIPAL TEREZINHA CORRÊA AGOSTINHO,"RUA PRINCIPAL, S/N",ARROIO FUNDO,0
81221,8,1104,ESCOLA MUNICIPAL COLÔNIA PINHALZINHO,"RUA PRINCIPAL, S/N",1104,PAVILHÃO DA IGREJA DE PINHALZINHO,"RUA PRINCIPAL, S/N",COLONIA PINHALZINHO,0
81221,8,1112,ESCOLA MUNICIPAL PAULO SCHIESSL,"RUA PRINCIPAL, S/N",1112,ESCOLA MUNICIPAL PAULO SCHIESSL,"RUA PRINCIPAL, S/N",RIO BONITO,0
81221,8,1120,PAVILHÃO DA IGREJA DE TIRA FOGO,RUA PRINCIPAL S/N,1120,PAVILHÃO DA IGREJA DE TIRA FOGO,RUA PRINCIPAL S/N,TIRA FOGO,0
81221,8,1139,ESCOLA MUNICIPAL PEDRO SOARES DE LIMA,"RUA PRINCIPAL, S/N",1139,ESCOLA MUNICIPAL PEDRO SOARES DE LIMA,"RUA PRINCIPAL, S/N",GRALHA,0
81221,8,1147,PAVILHÃO DA IGREJA DE RIBEIRÃO RASO,"RUA PRINCIPAL, S/N",1147,PAVILHÃO DA IGREJA DE RIBEIRÃO RASO,"RUA PRINCIPAL, S/N",RIBEIRÃO RASO,0
80748,45,1015,ESCOLA DE EDUCAÇÃO BÁSICA PROFESSOR FRANCISCO BRASINHA DIAS,"AVENIDA PRESIDENTE GETÚLIO VARGAS, N. 61",1015,ESCOLA DE EDUCAÇÃO BÁSICA PROFESSOR FRANCISCO BRASINHA DIAS,"AVENIDA PRESIDENTE GETÚLIO VARGAS, N. 61",CENTRO,0
80748,45,1040,ESCOLA MUNICIPAL BELA UNIÃO,"ESTRADA GERAL LINHA BELA UNIÃO, S/N",1040,ESCOLA MUNICIPAL BELA UNIÃO,"ESTRADA GERAL LINHA BELA UNIÃO, S/N",LINHA BELA UNIAO,0
80438,32,1015,ESCOLA DE EDUCAÇÃO BÁSICA TEÓFILO NOLASCO DE ALMEIDA,"RUA CELSO RAMOS, 4686",1015,ESCOLA DE EDUCAÇÃO BÁSICA TEÓFILO NOLASCO DE ALMEIDA,"RUA CELSO RAMOS, 4686",CENTRO,0
80438,32,1023,ESCOLA MUNICIPAL SANTA ROSA,"ESTRADA GERAL SANTA ROSA, N. 2077",1023,ESCOLA MUNICIPAL SANTA ROSA,"ESTRADA GERAL SANTA ROSA, N. 2077",SANTA ROSA,0
80438,32,1031,CENTRO DE EDUCAÇÃO INFANTIL PROFA. MARINA ALVES MAUS,RUA CRUZ E SOUZA N.1212,1031,CENTRO DE EDUCAÇÃO INFANTIL PROFA. MARINA ALVES MAUS,RUA CRUZ E SOUZA N.1212,RIBEIRÃO TIGRE,0
80438,32,1058,ESCOLA MUNICIPAL RIBEIRÃO DOS RUSSOS,RUA KARL BLAESE N.3855,1058,ESCOLA MUNICIPAL RIBEIRÃO DOS RUSSOS,RUA KARL BLAESE N.3855,RIBEIRÃO DOS RUSSOS,0
80438,32,1082,ESCOLA DE EDUCAÇÃO BÁSICA LEOPOLDO KOPROWSKI,"RUA BELO HORIZONTE, 35",1082,ESCOLA DE EDUCAÇÃO BÁSICA LEOPOLDO KOPROWSKI,"RUA BELO HORIZONTE, 35",ALTO BENEDITO NOVO,0
80438,32,1104,ESCOLA MUNICIPAL RIBEIRÃO LIBERDADE,"ESTRADA GERAL RIBEIRÃO LIBERDADE, S/N",1104,ESCOLA MUNICIPAL RIBEIRÃO LIBERDADE,"ESTRADA GERAL RIBEIRÃO LIBERDADE, S/N",RIBEIRÃO LIBERDADE,0
80438,32,1171,ESCOLA DE EDUCAÇÃO BÁSICA TERCÍLIO LONGO,"RUA LUIZ GIRARDI, N.45",1171,ESCOLA DE EDUCAÇÃO BÁSICA TERCÍLIO LONGO,"RUA LUIZ GIRARDI, N.45",SANTA MARIA,0
80454,2,1015,ESCOLA DE ENSINO MÉDIO PROFESSORA MARIA DA GLÓRIA VERÍSSIMO DE FARIA,"RUA JOÃO BORNN, N. 255, FONE (48) 3243 3257",1015,ESCOLA DE ENSINO MÉDIO PROFESSORA MARIA DA GLÓRIA VIRÍSSIMO DE FARIA,"RUA JOÃO BORNN, 255",CENTRO,0
80454,2,1023,ESCOLA DE EDUCAÇÃO BÁSICA PROFESSOR JOSÉ BRASILÍCIO,"RUA CORONEL TEIXEIRA DE OLIVEIRA, N. 69",1023,ESCOLA DE EDUCAÇÃO BÁSICA PROFESSOR JOSÉ BRASILÍCIO,"RUA CORONEL TEIXEIRA DE OLIVEIRA, N. 69",CENTRO,0
80454,2,1031,CENTRO DE EDUCAÇÃO INFANTIL MUNICIPAL SÃO TOMAZ DE AQUINO,"RODOVIA SC 410, SERVIDÃO JOSÉ ADÃO, S/N",1031,CENTRO DE EDUCAÇÃO INFANTIL MUNICIPAL SÃO TOMAZ DE AQUINO,"RODOVIA SC 407, SERVIDÃO JOSÉ ADÃO, S/N",SANTA CATARINA,0
80454,2,1040,ESCOLA BÁSICA MUNICIPAL PROFESSOR MANOEL ROLDÃO DAS NEVES,"RUA GERAL DE TRÊS RIACHOS - ENCRUZILHADA, S/N",1040,ESCOLA BÁSICA MUNICIPAL PROFESSOR MANOEL ROLDÃO DAS NEVES,"RUA GERAL DE TRÊS RIACHOS - ENCRUZILHADA, S/N",ENCRUZILHADA,0
80454,2,1066,ESCOLA DE EDUCAÇÃO BÁSICA PROFESSORA CELINA DIAS DA CUNHA,"R. MARIA DOLORES PEREIRA, N. 125",1066,ESCOLA DE EDUCAÇÃO BÁSICA PROFESSORA CELINA DIAS DA CUNHA,"R. MARIA DOLORES PEREIRA, N. 125",LIMEIRA,0
80454,2,1082,ESCOLA DE EDUCAÇÃO BÁSICA PROFESSOR TEÓFILO TEODORO RÉGIS,"RUA GERAL, S/N",1082,ESCOLA DE EDUCAÇÃO BÁSICA PROFESSOR TEÓFILO TEODORO RÉGIS,"RUA GERAL, S/N",SOROCABA DO SUL,0
80454,2,1104,ESCOLA DE EDUCAÇÃO BÁSICA CÔNEGO RODOLFO MACHADO,"RODOVIA BR 101, KM 185, S/N",1104,ESCOLA DE EDUCAÇÃO BÁSICA CÔNEGO RODOLFO MACHADO,"RODOVIA BR 101, KM 185, S/N",TIJUQUINHAS,0
80454,2,1147,SALÃO DA CAPELA DO BOM JESUS,"ESTRADA GERAL, S/N",1546,SALÃO DA CAPELA DO BOM JESUS,ESTRADA GERAL FAZENDA DE DENTRO,FAZENDA DE DENTRO,49
80454,2,1139,ESCOLA DE EDUCAÇÃO BÁSICA PROFESSORA ELOÍSA MARIA PRAZERES DE FARIA,"RUA 17 DE MAIO, N. 349",1139,ESCOLA DE EDUCAÇÃO BÁSICA PROFESSORA ELOÍSA MARIA PRAZERES DE FARIA,"RUA 17 DE MAIO, N. 349",PRAIA JOÃO ROSA,0
80454,2,1155,SALÃO PAROQUIAL SÃO MATEUS,"RUA GERAL, S/N",1155,SALÃO PAROQUIAL SÃO MATEUS,"RUA GERAL, S/N",SÃO MATHEUS,0
80454,2,1406,CRECHE MUNICIPAL CECÍLIA ALAÍDE DE CARVALHO ROSA,"R. ARCANJO ANTÔNIO HENRIQUE, 166",1570,CEIM CECILIA ALAIDE DE CARVALHO ROSA,"R. ARCANJO ANTÔNIO HENRIQUE, 166",BOM VIVER,
80454,2,1171,ASSOCIAÇÃO DE MORADORES DA ESTIVA,"RUA GERAL DO INFERNINHO, S/N",1171,ASSOCIAÇÃO DE MORADORES DA ESTIVA,"RUA GERAL DO INFERNINHO, S/N",ESTIVA,0
80454,2,1198,ESCOLA DE ENSINO FUNDAMENTAL SANTO ANTÔNIO,"RUA ANTÔNIO JOSÉ GARCIA, S/N",1198,ESCOLA DE ENSINO FUNDAMENTAL SANTO ANTÔNIO,"RUA ANTÔNIO JOSÉ GARCIA, S/N",CACHOEIRAS,0
80454,2,1201,UNIVERSIDADE DO VALE DO ITAJAI - UNIVALI,"RUA JOÃO COAN, 400",1201,UNIVERSIDADE DO VALE DO ITAJAI - UNIVALI,"RUA JOÃO COAN, 400",UNIVERSITÁRIO,0
80454,2,1236,ESCOLA DE EDUCAÇÃO BÁSICA JOAQUIM JOÃO CARDOSO,"RUA LUIZ DALMOLIN, S/N",1236,ESCOLA DE EDUCAÇÃO BÁSICA JOAQUIM JOÃO CARDOSO,"RUA LUIZ DALMOLIN, S/N",PRADO DE BAIXO,0
80454,2,1252,ESCOLA DE EDUCAÇÃO BÁSICA PREFEITO AVELINO MÜLLER,"RUA ALBERTO MÜLLER, 259",1252,ESCOLA DE EDUCAÇÃO BÁSICA PREFEITO AVELINO MÜLLER,"RUA ALBERTO MÜLLER, 259",VENDAVAL,0
80454,2,1309,E. B. M. FERNANDO BRUGEMANN VIEGAS DE AMORIM,"RUA BENTA GERTRUDES DA SILVA, S/N",1309,E. B. M. FERNANDO BRUGEMANN VIEGAS DE AMORIM,"RUA BENTA GERTRUDES DA SILVA, S/N",JARDIM JANAÍNA,0
80454,2,1287,SALÃO PAROQUIAL CAPELA SANTA CRUZ,"RUA GERAL, S/N",1520,SALÃO DA CAPELA SANTA CRUZ,"ESTRADA GERAL SÃO ROQUE, S/N",RÚSSIA,17
80454,2,1295,ESCOLA DE EDUCAÇÃO BÁSICA CÉLIA LISBOA DOS SANTOS,"RUA VIDAL MENDES, N. 900",1295,ESCOLA DE EDUCAÇÃO BÁSICA CÉLIA LISBOA DOS SANTOS,"RUA VIDAL MENDES, N. 900",MORRO DA BOA VISTA,0
80454,2,1325,ESCOLA BÁSICA MUNICIPAL RUTH FARIA DOS REIS,"RUA VIVIANE ARAÚJO /CASTRO ALVES, S/N",1325,ESCOLA BÁSICA MUNICIPAL RUTH FARIA DOS REIS,"RUA VIVIANE ARAÚJO /CASTRO ALVES, S/N",MORRO DA BINA,0
80454,2,1317,ESCOLA BÁSICA MUNICIPAL PROFESSORA OLGA DE ANDRADE BORGONOVO,"RUA BELMIRA MAFRA VIEIRA, S/N",1317,ESCOLA BÁSICA MUNICIPAL PROFESSORA OLGA DE ANDRADE BORGONOVO,"RUA BELMIRA MAFRA VIEIRA, S/N",BOM VIVER,0
80454,2,1341,E.E.B. EMERITA DUARTE S E SOUZA,"RUA JOÃO ZEFERINO DE SOUZA, S/N",1341,E.E.B. EMERITA DUARTE S E SOUZA,"RUA JOÃO ZEFERINO DE SOUZA, S/N",FUNDOS,0
80454,2,1333,E.E.B. PROF. ALEXANDRE SERGIO GODINHO,"RUA NATALÍCIO VIEIRA, S/N",1333,E.E.B. PROF. ALEXANDRE SERGIO GODINHO,"RUA NATALÍCIO VIEIRA, S/N",JARDIM CARANDAI,0
80454,2,1350,E.E.F. AREIAS DE CIMA,"RUA MARIA MOISÉS, 201",1350,E.E.F. AREIAS DE CIMA,"RUA MARIA MOISÉS, 201",AREIAS DE CIMA,0
80470,3,1031,ESCOLA BÁSICA MUNICIPAL VIDAL RAMOS,"RUA ANTÔNIO TREISS, N. 140",1031,ESCOLA BÁSICA MUNICIPAL VIDAL RAMOS,"RUA ANTÔNIO TREISS, N. 140",VORSTADT,0
80470,3,1066,ASSOCIAÇÃO FRANCISCANA DE ENSINO SENHOR BOM JESUS,"RUA SANTO ANTÔNIO, S/N",1066,ASSOCIAÇÃO FRANCISCANA DE ENSINO SENHOR BOM JESUS,"RUA SANTO ANTÔNIO, S/N",CENTRO,0
80470,3,2038,CENTRO DE EDUCAÇÃO INFANTIL PEDRO KRAUS,"RUA MARCELINO SCHNEIDER, 34",2038,CENTRO DE EDUCAÇÃO INFANTIL PEDRO KRAUS,"RUA MARCELINO SCHNEIDER, 34",VORSTADT,0
80470,3,1163,ESCOLA BASICA MUNICIPAL TIRADENTES E PROFESSORA JULIA STRZALKOWSKA,"RUA CARL HEINZ BUECHLER, N. 171",1163,ESCOLA BASICA MUNICIPAL TIRADENTES E PROFESSORA JULIA STRZALKOWSKA,"RUA CARL HEINZ BUECHLER, N. 171",GARCIA,0
80470,3,1171,ESCOLA DE EDUCAÇÃO BÁSICA PROFESSORA IZOLETE ELISA GOUVEA MÜLLER,"RUA ADRIANO SCHAEFER, N. 77",1171,ESCOLA DE EDUCAÇÃO BÁSICA PROFESSORA IZOLETE ELISA GOUVEA MÜLLER,"RUA ADRIANO SCHAEFER, N. 77",VALPARAISO,0
80470,3,1180,ESCOLA DE EDUCAÇÃO BÁSICA SANTOS DUMONT,"RUA AMAZONAS, N. 2771",1180,ESCOLA DE EDUCAÇÃO BÁSICA SANTOS DUMONT,"RUA AMAZONAS, N. 2771",GARCIA,0
80470,3,1198,ESCOLA BÁSICA MUNICIPAL ALICE THIELE,"RUA JOÃO SCHETZ, N. 273",1198,ESCOLA BÁSICA MUNICIPAL ALICE THIELE,"RUA JOÃO SCHETZ, N. 273",GARCIA,0
80470,3,1252,ESCOLA DE EDUCAÇÃO BÁSICA GOVERNADOR CELSO RAMOS,"RUA DA GLÓRIA, N. 888",1252,ESCOLA DE EDUCAÇÃO BÁSICA GOVERNADOR CELSO RAMOS,"RUA DA GLÓRIA, N. 888",DA GLORIA,0
80470,3,1295,ESCOLA DE EDUCAÇÃO BÁSICA PADRE JOSÉ MAURÍCIO,"RUA PROGRESSO, N. 2053",1295,ESCOLA DE EDUCAÇÃO BÁSICA PADRE JOSÉ MAURÍCIO,"RUA PROGRESSO, N. 2053",PROGRESSO,0
80470,3,1317,ESCOLA BÁSICA MUNICIPAL PEDRO II (PROGRESSO),"RUA HELMUTH GOLL, N. 579",1317,ESCOLA BÁSICA MUNICIPAL PEDRO II (PROGRESSO),"RUA HELMUTH GOLL, N. 579",PROGRESSO,0
80470,3,1309,ESCOLA BÁSICA MUNICIPAL HENRIQUE ALFARTH,"RUA RUI BARBOSA, N. 1616",1309,ESCOLA BÁSICA MUNICIPAL HENRIQUE ALFARTH,"RUA RUI BARBOSA, N. 1616",PROGRESSO,0
80470,3,2054,ASSOCIAÇÃO EDUCACIONAL E ASSISTENCIAL SHALOM,"RUA PREF FREDERICO BUSCH JUNIOR, 455",2054,ASSOCIAÇÃO EDUCACIONAL E ASSISTENCIAL SHALOM,"RUA PREF FREDERICO BUSCH JUNIOR, 455",GARCIA,0
80470,3,2003,ESCOLA DE ENSINO FUNDAMENTAL JOSÉ VIEIRA CÔRTE,"RUA UDO SCHADRACK, N. 41",2003,ESCOLA DE ENSINO FUNDAMENTAL JOSÉ VIEIRA CÔRTE,"RUA UDO SCHADRACK, N. 41",PROGRESSO,0
80470,3,2062,ESCOLA DE EDUCAÇÃO BÁSICA ADOLPHO KONDER,"RUA UBERABA, N. 99",2062,ESCOLA DE EDUCAÇÃO BÁSICA ADOLPHO KONDER,"RUA UBERABA, N. 99",VELHA,0
80470,3,2070,ESCOLA DE EDUCAÇÃO BÁSICA PROFESSOR LOTHAR KRIECK,"RUA GUSTAVO POEPPER, 40",2070,ESCOLA DE EDUCAÇÃO BÁSICA PROFESSOR LOTHAR KRIECK,"RUA GUSTAVO POEPPER, 40",ÁGUA VERDE,0
80470,3,2097,ESCOLA BÁSICA MUNICIPAL CONSELHEIRO MAFRA,"RUA FRANZ MULLER, N 2113",2097,ESCOLA BÁSICA MUNICIPAL CONSELHEIRO MAFRA,"RUA FRANZ MULLER, N 2113",VELHA GRANDE,0
80470,3,2135,FURB - FUNDACAO UNIVERSIDADE REGIONAL DE BLUMENAU,"RUA ANTONIO DA VEIGA, 140",2135,FURB - FUNDACAO UNIVERSIDADE REGIONAL DE BLUMENAU,"RUA ANTONIO DA VEIGA, 140",ITOUPAVA SECA,0
80470,3,2119,ESCOLA DE EDUCAÇÃO BÁSICA JOÃO DURVAL MULLER,"RUA CARL KAUN, N. 60",2119,ESCOLA DE EDUCAÇÃO BÁSICA JOÃO DURVAL MULLER,"RUA CARL KAUN, N. 60",VELHA CENTRAL,0
80470,3,2127,ESCOLA DE EDUCAÇÃO BÁSICA VICTOR HERING,"RUA ANTÔNIO CÂNDIDO FIGUEIREDO, N. 399",2127,ESCOLA DE EDUCAÇÃO BÁSICA VICTOR HERING,"RUA ANTÔNIO CÂNDIDO FIGUEIREDO, N. 399",VILA NOVA,0
80470,3,2143,PRÓ FAMÍLIA I - UNIDADE IDOSOS,"RUA ITAPIRANGA, N. 368",2143,PRÓ FAMÍLIA I - UNIDADE IDOSOS,"RUA ITAPIRANGA, N. 368",VELHA,0
80470,3,2186,ESCOLA DE EDUCAÇÃO BÁSICA CARLOS TECHENTIN,"RUA BAHIA, 8222",2186,ESCOLA DE EDUCAÇÃO BÁSICA CARLOS TECHENTIN,"RUA BAHIA, 8222",PASSO MANSO,0
80470,3,2160,ESCOLA BÁSICA MUNICIPAL GENERAL LÚCIO ESTEVES,"RUA BENJAMIN CONSTANT, N. 630",2160,ESCOLA BÁSICA MUNICIPAL GENERAL LÚCIO ESTEVES,"RUA BENJAMIN CONSTANT, N. 630",ESCOLA AGRÍCOLA,0
80470,3,2178,ESCOLA DE EDUCAÇÃO BÁSICA HERCÍLIO DEEKE,"RUA JOSE REUTER, 581",2178,ESCOLA DE EDUCAÇÃO BÁSICA HERCÍLIO DEEKE,"RUA JOSE REUTER, 581",VELHA CENTRAL,0
80470,3,2240,CEDUPHH - CENTRO DE EDUCACAO PROFISSIONAL HERMANN HERING,"RUA  BENJAMIN CONSTANT, N. 857",2240,CEDUPHH - CENTRO DE EDUCACAO PROFISSIONAL HERMANN HERING,"RUA  BENJAMIN CONSTANT, N. 857",ESCOLA AGRÍCOLA,0
80470,3,2208,ESCOLA BÁSICA MUNICIPAL ALBERTO STEIN,"RUA GENERAL OSORIO, 1785",2208,ESCOLA BÁSICA MUNICIPAL ALBERTO STEIN,"RUA GENERAL OSORIO, 1785",VELHA,0
80470,3,2216,ESCOLA BÁSICA MUNICIPAL MACHADO DE ASSIS,"RUA ENGENHEIRO PAUL WERNER, N. 1334",2216,ESCOLA BÁSICA MUNICIPAL MACHADO DE ASSIS,"RUA ENGENHEIRO PAUL WERNER, N. 1334",ITOUPAVA SECA,0
80470,3,2224,ESCOLA BÁSICA MUNICIPAL PROFESSOR OSCAR UNBEHAUN,"RUA GAROPABA, 213",2224,ESCOLA BÁSICA MUNICIPAL PROFESSOR OSCAR UNBEHAUN,"RUA GAROPABA, 213",ÁGUA VERDE,0
80470,3,2232,ESCOLA BÁSICA MUNICIPAL PROFESSORA ZULMA SOUZA DA SILVA,"RUA FLORANIA, N. 464",2232,ESCOLA BÁSICA MUNICIPAL PROFESSORA ZULMA SOUZA DA SILVA,"RUA FLORANIA, N. 464",VELHA CENTRAL,0
80470,88,1015,FACULDADE SENAC BLUMENAU,"AVENIDA BRASIL, 610",1015,FACULDADE SENAC BLUMENAU,"AVENIDA BRASIL, 610",PONTA AGUDA,0
80470,88,1023,ESCOLA BÁSICA MUNICIPAL ALMIRANTE TAMANDARÉ,"RUA SANTA FÉ, N. 66",1023,ESCOLA BÁSICA MUNICIPAL ALMIRANTE TAMANDARÉ,"RUA SANTA FÉ, N. 66",PONTA AGUDA,0
80470,88,1317,ESCOLA DE EDUCAÇÃO BÁSICA BRUNO HOELTGEBAUM,"RUA PAULA HOELTGEBAUM, N. 131",1317,ESCOLA DE EDUCAÇÃO BÁSICA BRUNO HOELTGEBAUM,"RUA PAULA HOELTGEBAUM, N. 131",FORTALEZA,0
80470,88,1058,ESCOLA BASICA MUNICIPAL GUSTAVO RICHARD,"RUA HENRIQUE REIF, N. 477",1058,ESCOLA BASICA MUNICIPAL GUSTAVO RICHARD,"RUA HENRIQUE REIF, N. 477",NOVA ESPERANÇA,0
80470,88,1066,ESCOLA BÁSICA MUNICIPAL FRANCISCO LANSER,"RUA ALFREDO LANSER, N. 133",1066,ESCOLA BÁSICA MUNICIPAL FRANCISCO LANSER,"RUA ALFREDO LANSER, N. 133",TRIBESS,0
80470,88,1074,ESCOLA DE EDUCAÇÃO BÁSICA PROFESSOR HERIBERTO JOSEPH MULLER,"RUA GUTTENBERG, N. 80",1074,ESCOLA DE EDUCAÇÃO BÁSICA PROFESSOR HERIBERTO JOSEPH MULLER,"RUA GUTTENBERG, N. 80",FORTALEZA,0
80470,88,1104,ESCOLA DE EDUCAÇÃO BÁSICA PROFESSOR JOÃO WIDEMANN,"RUA 4 DE FEVEREIRO, N. 64",1104,ESCOLA DE EDUCAÇÃO BÁSICA PROFESSOR JOÃO WIDEMANN,"RUA 4 DE FEVEREIRO, N. 64",ITOUPAVA NORTE,0
80470,88,1120,ESCOLA DE EDUCACAO BASICA DOUTOR MAX TAVARES DO AMARAL,"RUA VEREADOR ROMÁRIO DA CONCEIÇÃO BADIA, N. 365",1120,ESCOLA DE EDUCACAO BASICA DOUTOR MAX TAVARES DO AMARAL,"RUA VEREADOR ROMÁRIO DA CONCEIÇÃO BADIA, N. 365",ITOUPAVA NORTE,0
80470,88,1139,ESCOLA DE EDUCAÇÃO BÁSICA EMILIO BAUMGART,"RUA DR. PEDRO ZIMMERMANN, N. 9611",1139,ESCOLA DE EDUCAÇÃO BÁSICA EMILIO BAUMGART,"RUA DR. PEDRO ZIMMERMANN, N. 9611",ITOUPAVA CENTRAL,0
80470,88,1147,ESCOLA BÁSICA MUNICIPAL PEDRO I,"RUA DOUTOR PEDRO ZIMMERMANN, N. 2461",1147,ESCOLA BÁSICA MUNICIPAL PEDRO I,"RUA DOUTOR PEDRO ZIMMERMANN, N. 2461",ITOUPAVA CENTRAL,0
80470,88,1155,ESCOLA BÁSICA MUNICIPAL VISCONDE DE TAUNAY,"RUA FRANZ VOLLES, N. 1930",1155,ESCOLA BÁSICA MUNICIPAL VISCONDE DE TAUNAY,"RUA FRANZ VOLLES, N. 1930",ITOUPAVA CENTRAL,0
80470,88,1163,ESCOLA BÁSICA MUNICIPAL DUQUE DE CAXIAS,"RUA DOUTOR PEDRO ZIMMERMANN, N. 12406",1163,ESCOLA BÁSICA MUNICIPAL DUQUE DE CAXIAS,"RUA DOUTOR PEDRO ZIMMERMANN, N. 12406",ITOUPAVA CENTRAL,0
80470,88,1171,ESCOLA BASICA MUNICIPAL FELIPE SCHMIDT,"RUA FREDERICO JENSEN, N. 3139",1171,ESCOLA BASICA MUNICIPAL FELIPE SCHMIDT,"RUA FREDERICO JENSEN, N. 3139",ITOUPAVAZINHA,0
80470,88,1180,ESCOLA DE EDUCAÇÃO BÁSICA CORONEL PEDRO CHRISTIANO FEDDERSEN,"RUA HENRIQUE CONRAD, N. 145",1180,ESCOLA DE EDUCAÇÃO BÁSICA CORONEL PEDRO CHRISTIANO FEDDERSEN,"RUA HENRIQUE CONRAD, N. 145",VILA ITOUPAVA,0
80470,88,1376,ESCOLA EDUCAÇÃO BÁSICA ERWIN RADTKE,"RUA ERWIN MANZKE, 13375",1376,ESCOLA EDUCAÇÃO BÁSICA ERWIN RADTKE,"RUA ERWIN MANZKE, 13375",VILA ITOUPAVA,0
80470,88,1368,ESCOLA MUNICIPAL FREDERICO SIEVERT,RUA VIENA 2290,1368,ESCOLA MUNICIPAL FREDERICO SIEVERT,RUA VIENA 2290,VILA ITOUPAVA,0
80470,88,1244,ESCOLA BÁSICA MUNICIPAL LEOBERTO LEAL,"RUA JOHANN SACHSE, N. 2602",1244,ESCOLA BÁSICA MUNICIPAL LEOBERTO LEAL,"RUA JOHANN SACHSE, N. 2602",SALTO DO NORTE,0
80470,88,1252,ESCOLA DE EDUCAÇÃO BÁSICA PROFESSORA ÁUREA PERPÉTUA GOMES,"RUA MARECHAL RONDON, N. 270",1252,ESCOLA DE EDUCAÇÃO BÁSICA PROFESSORA ÁUREA PERPÉTUA GOMES,"RUA MARECHAL RONDON, N. 270",SALTO DO NORTE,0
80470,88,1279,ESCOLA BÁSICA MUNICIPAL QUINTINO BOCAIÚVA,"RUA WALTER WACHOLZ, N. 157",1279,ESCOLA BÁSICA MUNICIPAL QUINTINO BOCAIÚVA,"RUA WALTER WACHOLZ, N. 157",TESTO SALTO,0
80470,88,1287,ESCOLA BÁSICA MUNICIPAL PROFESSOR RODOLFO HOLLENWEGER,"RUA PROFESSOR HERMANN LANGE, 2230",1287,ESCOLA BÁSICA MUNICIPAL PROFESSOR RODOLFO HOLLENWEGER,"RUA PROFESSOR HERMANN LANGE, 2230",FIDELIS,0
80470,88,1295,ESCOLA BÁSICA MUNICIPAL LAURO MULLER,"RUA HEINRICH HEMMER, N. 2876",1295,ESCOLA BÁSICA MUNICIPAL LAURO MULLER,"RUA HEINRICH HEMMER, N. 2876",BADENFURT,0
80470,88,1309,ESCOLA BÁSICA MUNICIPAL ANITA GARIBALDI,"RUA DOUTOR PEDRO ZIMMERMANN, N. 5900",1309,ESCOLA BÁSICA MUNICIPAL ANITA GARIBALDI,"RUA DOUTOR PEDRO ZIMMERMANN, N. 5900",ITOUPAVA CENTRAL,0
80470,88,1325,ESCOLA BÁSICA MUNICIPAL PROFESSORA ADELAIDE STARKE,"RUA SÃO BERNARDO, N. 700",1325,ESCOLA BÁSICA MUNICIPAL PROFESSORA ADELAIDE STARKE,"RUA SÃO BERNARDO, N. 700",ITOUPAVA NORTE,0
80470,88,1333,ESCOLA DE EDUCAÇÃO BÁSICA JONAS ROSÁRIO COELHO NEVES,"RUA DENIS DIDEROT, 125",1333,ESCOLA DE EDUCAÇÃO BÁSICA JONAS ROSÁRIO COELHO NEVES,"RUA DENIS DIDEROT, 125",FIDELIS,0
80470,88,1392,ESCOLA DE EDUCAÇÃO BÁSICA SENADOR EVELÁSIO VIEIRA,"RUA PROF. JACOB INEICHEN, S/N",1392,ESCOLA DE EDUCAÇÃO BÁSICA SENADOR EVELÁSIO VIEIRA,"RUA PROF. JACOB INEICHEN, S/N",ITOUPAVAZINHA,0
80470,88,1341,ESCOLA BASICA MUNICIPAL PROFESSOR JOÃO JOAQUIM FRONZA,"RUA PHILIPP BAULER, 1.391",1341,ESCOLA BASICA MUNICIPAL PROFESSOR JOÃO JOAQUIM FRONZA,"RUA PHILIPP BAULER, 1.391",TESTO SALTO,0
80470,88,1350,ESCOLA BÁSICA MUNICIPAL WILHELM THEODOR SCHURMANN,"RUA PÉROLA DO VALE, 377",1350,ESCOLA BÁSICA MUNICIPAL WILHELM THEODOR SCHURMANN,"RUA PÉROLA DO VALE, 377",ITOUPAVA CENTRAL,0
81280,21,1023,ESCOLA BÁSICA MUNICIPAL PADRE THEODORO BAUSCHULTE,"RUA EVALDO ASSINK, 145",1023,ESCOLA BÁSICA MUNICIPAL PADRE THEODORO BAUSCHULTE,"RUA EVALDO ASSINK, 145",CENTRO,0
81280,21,1082,ESCOLA DE EDUCAÇÃO BÁSICA CAMPOS SALES,"RUA ZECA ATANÁSIO, 389",1082,ESCOLA DE EDUCAÇÃO BÁSICA CAMPOS SALES,"RUA ZECA ATANÁSIO, 389",CENTRO,0
81280,21,1040,SALÃO PAROQUIAL DA IGREJA NOSSA SENHORA DO BOM CONSELHO,"ESTRADA GERAL, S/N",1040,SALÃO PAROQUIAL DA IGREJA NOSSA SENHORA DO BOM CONSELHO,"ESTRADA GERAL, S/N",LOCALIDADE PESSEGUEIROS,0
81280,21,1058,ESCOLA BÁSICA MUNICIPAL ANA VALQUÍRIA DE SOUZA,"ESTRADA GERAL DE PIÚRRAS, KM 5, S/N",1058,ESCOLA BÁSICA MUNICIPAL ANA VALQUÍRIA DE SOUZA,"ESTRADA GERAL DE PIÚRRAS, KM 5, S/N",LOCALIDADE PIURRAS,0
81280,21,1074,ESCOLA NUCLEADA MUNICIPAL JOÃO WALTER,"ESTRADA GERAL DE CAMPINAS, S/N",1074,ESCOLA NUCLEADA MUNICIPAL JOÃO WALTER,"ESTRADA GERAL DE CAMPINAS, S/N",LOCALIDADE CAMPINAS,0
83895,28,1015,ESCOLA DE EDUCAÇÃO BÁSICA ADOLFO JOSÉ MARTINS,"RUA RANIER CASSETARI, N. 47",1015,ESCOLA DE EDUCAÇÃO BÁSICA ADOLFO JOSÉ MARTINS,"RUA RANIER CASSETARI, N. 47",CENTRO,0
83895,28,1147,APAE - BOM JARDIM DA SERRA,"PRAÇA JOSÉ CAETANO DO AMARAL, N. 80",1147,APAE - BOM JARDIM DA SERRA,"PRAÇA JOSÉ CAETANO DO AMARAL, N. 80",CENTRO,0
83895,28,1040,SALÃO PAROQUIAL DA MANTIGUEIRA,"RODOVIA SC 438, KM 100, S/N",1040,SALÃO PAROQUIAL DA MANTIQUEIRA,"RODOVIA SC 438, KM 100, S/N",MANTIQUEIRA,0
83895,28,1066,ESCOLA DE EDUCAÇÃO BÁSICA MUNICIPAL ALTOS DA BOA VISTA,"ESTRADA GERAL, S/N",1066,ESCOLA DE EDUCAÇÃO BÁSICA MUNICIPAL ALTOS DA BOA VISTA,"ESTRADA GERAL, S/N",ALTOS DA BOA VISTA,0
83895,28,1023,CLUBE RECREATIVO BONJARDINENSE,"RUA PRUDENTE LUIZ VIEIRA, N. 60",1023,CLUBE RECREATIVO BONJARDINENSE,"RUA PRUDENTE LUIZ VIEIRA, N. 60",CENTRO,0
81388,43,1015,ESCOLA DE EDUCAÇÃO BÁSICA HELIO LENTZ PUERTA,"RUA VERGILIO SABINO DA SILVA, 1233",1015,ESCOLA DE EDUCAÇÃO BÁSICA HELIO LENTZ PUERTA,"RUA VERGILIO SABINO DA SILVA, 1233",CENTRO,0
81388,43,1031,CENTRO COMUNITÁRIO DE PASSO FERRAZ,"RODOVIA SC 480, S/N",1031,CENTRO COMUNITÁRIO DE PASSO FERRAZ,"RODOVIA SC 480, S/N",LINHA PASSO FERRAZ,0
81388,43,1066,CENTRO COMUNITÁRIO DE FORMIGAS,"RODOVIA SC 480, S/N",1066,CENTRO COMUNITÁRIO DE FORMIGAS,"RODOVIA SC 480, S/N",LINHA FORMIGAS,0
81469,83,1031,ESCOLA DE EDUCAÇÃO BÁSICA PROFESSOR SÍLVIO ROMERO,"RUA PADRE JÚLIO, N. 97",1031,ESCOLA DE EDUCAÇÃO BÁSICA PROFESSOR SÍLVIO ROMERO,"RUA PADRE JÚLIO, N. 97",CENTRO,8
81469,83,1074,ESCOLA MUNICIPAL PROFESSOR ALBANO BORRE,"RUA AFONSO RAYMUNDO WALKER, N 189",1074,ESCOLA MUNICIPAL PROFESSOR ALBANO BORRE,"RUA AFONSO RAYMUNDO WALKER, N 189",CENTRO,4
81469,83,1090,PAVILHÃO COMUNITÁRIO LINHA LAMB,"ESTRADA GERAL, S/N",1090,PAVILHÃO COMUNITÁRIO LINHA LAMB,"ESTRADA GERAL, S/N",LINHA LAMB,27
80497,4,1015,COLÉGIO ESTADUAL ALEXANDRE DE GUSMÃO,"RUA ANITA GARIBALDI, N. 505",1015,COLÉGIO ESTADUAL ALEXANDRE DE GUSMÃO,"RUA ANITA GARIBALDI, N. 505",CENTRO,0
80497,4,1040,SALÃO PARAQUIAL COSTÃO DO FRADE,"ESTRADA GERAL, S/N",1040,SALÃO PARAQUIAL COSTÃO DO FRADE,"ESTRADA GERAL, S/N",COSTAO DO FRADE,0
80497,4,1058,NÚCLEO MUNICIPAL PARAÍSO DA SERRA,"ESTRADA GERAL, S/N",1058,NÚCLEO MUNICIPAL PARAÍSO DA SERRA,"ESTRADA GERAL, S/N",PARAISO DA SERRA,0
80497,4,1066,NÚCLEO MUNICIPAL CANOAS,"ESTRADA GERAL, S/N",1066,NÚCLEO MUNICIPAL CANOAS,"ESTRADA GERAL, S/N",CANOAS,0
80497,4,1090,NÚCLEO MUNICIPAL SÃO JOSÉ,"AVENIDA MAJOR GENEROSO, S/N",1090,NÚCLEO MUNICIPAL SÃO JOSÉ,"AVENIDA MAJOR GENEROSO, S/N",SAO JOSE,0
80497,4,1180,ESCOLA DO CAMPO CAMBARÁ PROF. MARGARIDA BUGLER WIGGERS,"ESTRADA GERAL, S/N",1180,SALÃO PAROQUIAL CATÓLICO CAMBARÁ,"ESTRADA GERAL, S/N",CAMBARÁ,0
80497,4,1120,SALÃO PAROQUIAL CATÓLICO,"ESTRADA GERAL, S/N",1120,SALÃO PAROQUIAL CATÓLICO,"ESTRADA GERAL, S/N",RIO FREDERICO,0
80497,4,1155,SALÃO PAROQUIAL TRÊS PONTAS,"ESTRADA GERAL, S/N",1155,SALÃO PAROQUIAL TRÊS PONTAS,"ESTRADA GERAL, S/N",TRES PONTAS,0
80497,4,1031,SALÃO DO SANTUÁRIO NOSSA SENHORA APARECIDA,"RODOVIA BR 282 KM 138, S/N",1031,SALÃO DO SANTUÁRIO NOSSA SENHORA APARECIDA,"RODOVIA BR 282 KM 138, S/N",SANTA CLARA,0
80497,4,1198,NÚCLEO MUNICIPAL SÃO FRANCISCO,"ESTRADA GERAL, S/N",1198,NÚCLEO MUNICIPAL SÃO FRANCISCO,"ESTRADA GERAL, S/N",BARBAQUA,0
80497,4,1228,SALÃO PAROQUIAL,"RUA CARLOS MAYER, S/N",1228,SALÃO PAROQUIAL,"RUA CARLOS MAYER, S/N",CAPISTRANO,0
80985,31,1031,ESCOLA DE EDUCAÇÃO BÁSICA EDITH WILLECKE,"RUA TUCANEIRA, S/N",1031,ESCOLA EDITH WILLECKE - CANTO GRANDE,"RUA TUCANEIRA, S/N",CANTO GRANDE,0
80985,31,1040,ESCOLA BÁSICA MUNICIPAL MANOEL JOSÉ DA SILVA,"RUA HORTENCIA, S/N",1040,ESCOLA MANOEL JOSÉ DA SILVA - MORRINHOS,"RUA HORTENCIA, 348",MORRINHOS,0
80985,31,1058,ESCOLA DE EDUCAÇÃO BÁSICA PREFEITO LEOPOLDO JOSÉ GUERREIRO,"RUA RIO DAS GARÇAS, N. 98",1058,ESCOLA PREFEITO LEOPOLDO JOSÉ GUERREIRO - ZIMBROS,"RUA RIO DAS GARÇAS, N. 98",ZIMBROS,0
80985,31,1066,ESCOLA BÁSICA MUNICIPAL DONA DILMA MAFRA,"RUA DILMA MAFRA, N. 957",1066,ESCOLA DONA DILMA MAFRA - CENTRO,"RUA DILMA MAFRA, N. 957",CENTRO,0
80985,31,1074,ESCOLA BÁSICA MUNICIPAL PEQUENO PRÍNCIPE,"RUA ONÇA PINTADA, S/N",1074,ESCOLA PEQUENO PRÍNCIPE - ZÉ AMANDIO,"RUA ONÇA PINTADA, S/N",ZÉ AMANDIO,0
80985,31,1082,CENTRO DE EDUCAÇÃO INFANTIL SÍTIO DO PICA-PAU AMARELO,"AVENIDA DIAMANTE, N. 1012",1082,CEMEI SÍTIO DO PICA-PAU AMARELO - MARISCAL,"AVENIDA DIAMANTE, N. 1012",MARISCAL,0
80985,31,1104,ESCOLA DE EDUCAÇÃO BÁSICA MARIA RITA FLOR,"RUA GAIVOTA, N. 608",1104,ESCOLA MARIA RITA FLOR - BOMBAS,"RUA GAIVOTA, N. 608",BOMBAS,0
80985,31,1112,CENTRO DE EDUCAÇÃO INFANTIL ARCO IRIS,"AV. ARAÇÁ, 956",1112,CEMEI ARCO IRIS - SERTÃOZINHO,"AV. ARAÇÁ, 956",SERTÃOZINHO,0
80985,31,1120,CEIT LEONEL DE MOURA BRIZOLA,"RUA JAPIM, 310",1120,CEIT LEONEL DE MOURA BRIZOLA - BOMBAS,"RUA JAPIM, 310",BOMBAS,0
80519,5,1015,ESCOLA DE EDUCAÇÃO BÁSICA PADRE JOÃO STOLTE,"AVENIDA PAULO V, N. 7",1015,ESCOLA DE EDUCAÇÃO BÁSICA PADRE JOÃO STOLTE,"AVENIDA PAULO V, N. 7",CENTRO,0
80519,5,1031,CENTRO MUNICIPAL DE EDUCAÇÃO INFANTIL PREFEITO SEBASTIÃO TOMIO,"ESTRADA GERAL, S/N",1031,CENTRO MUNICIPAL DE EDUCAÇÃO INFANTIL PREFEITO SEBASTIÃO TOMIO,"ESTRADA GERAL, S/N",ÁGUAS NEGRAS,0
80519,5,1074,ESCOLA MUNICIPAL DE BARRA DA AREIA,"ESTRADA GERAL, S/N",1074,ESCOLA MUNICIPAL DE BARRA DA AREIA,"ESTRADA GERAL, S/N",BARRA DA AREIA,0
80519,5,1082,SALÃO DA IGREJA SÃO PAULO APÓSTOLO,"ESTRADA GERAL DO LAGEADO, S/N",1082,SALÃO DA IGREJA SÃO PAULO APÓSTOLO,"ESTRADA GERAL DO LAGEADO, S/N",LAGEADO,0
80519,5,1090,ESCOLA MUNICIPAL DE LAGEADO ALTO,"ESTRADA GERAL, S/N",1090,ESCOLA MUNICIPAL DE LAGEADO ALTO,"ESTRADA GERAL, S/N",LAGEADO ALTO,0
80519,5,1228,ESCOLA MUNICIPAL DE OURINHO,ESTRADA GERAL DE OURINHO,1228,ESCOLA MUNICIPAL DE OURINHO,ESTRADA GERAL DE OURINHO,OURINHO,0
80519,5,1120,ESCOLA MUNICIPAL INES GIANESINI MERIZIO,"RODOVIA SC-486, PG 10",1120,ESCOLA MUNICIPAL INES GIANESINI MERIZIO,"RODOVIA SC-486, PG 10",PEDRAS GRANDES,0
80519,5,1155,ESCOLA REUNIDA PROFESSORA MARIA LUIZA DA SILVA DIAS,"ROD. GERMANO BARNI, 151",1155,ESCOLA REUNIDA PROFESSORA MARIA LUIZA DA SILVA DIAS,"ROD. GERMANO BARNI, 151",RIBEIRÃO DO OURO,0
80519,5,1180,SALÃO PAROQUIAL DA VARGEM GRANDE,"RUA GERAL, S/N",1180,SALÃO PAROQUIAL DA VARGEM GRANDE,"RUA GERAL, S/N",VARGEM GRANDE,0
80535,44,1015,ESCOLA DE EDUCAÇÃO BÁSICA DOM JOAQUIM,"RUA SENADOR NEREU RAMOS, 1010",1015,ESCOLA DE EDUCAÇÃO BÁSICA DOM JOAQUIM,RUA SENADOR NEREU RAMOS - CENTRO,CENTRO,0
80535,44,1023,ESCOLA MUNICIPAL ADOLFO WIGGERS,"RUA DONA LEOPOLDINA, SN",1023,ESCOLA MUNICIPAL ADOLFO WIGGERS,RUA DONA LEOPOLDINA - SÃO JOSÉ,SÃO JOSÉ,0
80535,44,1031,CENTRO COMUNITÁRIO CRUZEIRO DO SUL,"ESTRADA GERAL, S/N",1031,CENTRO COMUNITÁRIO CRUZEIRO DO SUL,ESTRADA GERAL BAIXO PINHEIRAL,BAIXO PINHEIRAL,0
80535,44,1040,ESCOLA BASICA PADRE JACO LUIZ NEIBEL,RODOVIA BRN 424,1040,ESCOLA BASICA PADRE JACO LUIZ NEIBEL,RODOVIA BRN 424 - ALTO PINHEIRAL,ALTO PINHEIRAL,0
80535,44,1058,ESCOLA BÁSICA WERNER KNABBEN,"RODOVIA SC 370 KM 155, 9600",1058,ESCOLA BÁSICA WERNER KNABBEN,"RODOVIA SC 370 , 9600 - TRAVESSÃO",TRAVESSÃO,0
80535,44,1066,ESCOLA DE EDUCAÇÃO BÁSICA ENGENHEIRO ANNES GUALBERTO,"RUA SAO BASILIO, 2076",1066,ESCOLA DE EDUCAÇÃO BÁSICA ENGENHEIRO ANNES GUALBERTO,"RUA SAO BASILIO, 2076 - SÃO BASÍLIO",SÃO BASÍLIO,0
80535,44,1155,ESCOLA BÁSICA MUNICIPAL ANTONIO ROHDEN,"RUA GETULIO VARGAS, 780",1155,ESCOLA BÁSICA MUNICIPAL ANTONIO ROHDEN,"RUA GETULIO VARGAS, 780 - SANTA AUGUSTA",SANTA AUGUSTA,0
80535,44,1090,ESCOLA BASICA CONEGO NICOLAU GESING,"RUA IRINEU BORNHAUSEN, 4738",1090,ESCOLA BASICA CONEGO NICOLAU GESING,"RUA IRINEU BORNHAUSEN, 4738 - RIO BONITO",RIO BONITO,0
80535,44,1104,CENTRO COMUNITARIO RIO SANTO ANTÔNIO,"ESTRADA GERAL, S/N",1104,CENTRO COMUNITARIO RIO SANTO ANTÔNIO,ESTRADA GERAL RIO SANTO ANTÔNIO (CORUJAS),RIO SANTO ANTÔNIO,0
80535,44,1112,CENTRO COMUNITARIO ALTO TRAVESSÃO,"RODOVIA SC 438 KM 28, S/N",1112,CENTRO COMUNITARIO ALTO TRAVESSÃO,RODOVIA SC 438 - ALTO TRAVESSÃO,ALTO TRAVESSÃO,0
80535,44,1120,CENTRO COMUNITÁRIO SÃO ROQUE,"ESTRADA GERAL, S/N",1120,CENTRO COMUNITÁRIO SÃO ROQUE,ESTRADA GERAL  AVISTOSO,AVISTOSO,0
80535,44,1139,CENTRO COMUNITÁRIO SÃO MAURÍCIO,"RODOVIA SC 482, KM 15, S/N",1139,CENTRO COMUNITÁRIO SÃO MAURÍCIO,RODOVIA SC 482 - SÃO MAURÍCIO,SÃO MAURÍCIO,0
80535,44,1147,CENTRO COMUNITÁRIO RIO AMÉLIA,"ESTRADA GERAL, S/N",1147,CENTRO COMUNITÁRIO RIO AMÉLIA,ESTRADA GERAL RIO AMÉLIA,RIO AMÉLIA,0
80535,44,1163,ESCOLA MUNICIPAL JOAO BATISTA DA SILVA,"RUA MANOEL PEDRO MAIA, 489",1163,ESCOLA MUNICIPAL JOAO BATISTA DA SILVA,"RUA MANOEL PEDRO MAIA, 489 - FLORESTA",FLORESTA,0
80535,44,1171,ESCOLA MUNICIPAL PEDRO MARCOLINO GESSER,"RUA JOÃO BLOEMER FILHO, 233",1171,ESCOLA MUNICIPAL PEDRO MARCOLINO GESSER,"RUA JOÃO BLOEMER FILHO, 233 - VILA NOVA",VILA NOVA,0
80535,44,1236,APAE - ASSOCIAÇÃO DE PAIS E AMIGOS DOS EXCEPCIONAIS,"RUA JOAO ELEODORO NUNES, 74",1236,APAE - ASSOCIAÇÃO DE PAIS E AMIGOS DOS EXCEPCIONAIS,"RUA JOAO ELEODORO NUNES, 74 - BELA VISTA",BELA VISTA,0
80535,44,1180,CENTRO COMUNITÁRIO NOSSA SENHORA DE FÁTIMA,"RUA PROFESSOR PEDRO MICHELS, 1174",1180,CENTRO COMUNITÁRIO NOSSA SENHORA DE FÁTIMA,"RUA PROFESSOR PEDRO MICHELS, 1174 - NOSSA SENHORA DE FÁTIMA",NOSSA SENHORA DE FÁTIMA,0
80535,44,1198,CENTRO COMUNITARIO SAO FRANCISCO DE ASSIS,"RUA JACINTO BIANCO, S/N",1198,CENTRO COMUNITARIO SAO FRANCISCO DE ASSIS,RUA JACINTO BIANCO - SÃO FRANCISCO DE ASSIS,SÃO FRANCISCO DE ASSIS,0
80535,44,1210,CENTRO COMUNITARIO AZEITEIRO,"ESTRADA GERAL, S/N",1210,CENTRO COMUNITARIO AZEITEIRO,ESTRADA GERAL  AZEITEIRO,AZEITEIRO,0
80535,44,1287,ESCOLA MUNICIPAL ATÍLIO GHISI,RUA JOÃO CARLOS DELLA GIUSTINA,1287,ESCOLA MUNICIPAL ATÍLIO GHISI,RUA JOÃO CARLOS DELLA GIUSTINA - UNIÃO,UNIÃO,0
80535,44,1279,SOCIEDADE ESPORTIVA RECREATIVA PALMEIRAS,"ESTRADA GERAL, S/N",1279,SOCIEDADE ESPORTIVA RECREATIVA PALMEIRAS,ESTRADA GERAL RIO CACHOEIRINHA,RIO CACHOEIRINHA,0
80535,44,1295,SOCIEDADE ESPORTIVA RECREATIVA SÃO CRISTOVÃO,"RUA GIUSEPPE DELLA GIUSTINA, S/N",1295,SOCIEDADE ESPORTIVA RECREATIVA SÃO CRISTOVÃO,RUA GIUSEPPE DELLA GIUSTINA - UNIÃO,UNIÃO,0
80535,44,1309,CENTRO COMUNITÁRIO NOSSO SENHOR DO BOM FIM,"PRAÇA PADRE ROHER, S/N",1309,CENTRO COMUNITÁRIO NOSSO SENHOR DO BOM FIM,PRAÇA PADRE ROHER - CENTRO,CENTRO,0
80420,57,1015,ESCOLA DE EDUCAÇÃO BÁSICA ADOLFO BÖVING,"RUA LEOPOLDO JÖENK, 134",1015,ESCOLA DE EDUCAÇÃO BÁSICA ADOLFO BÖVING,"RUA LEOPOLDO JÖENK, 134",CENTRO,0
80420,57,1023,ESCOLA NUCLEADA BRAÇO DO TROMBUDO KM 20,"RUA BRUNO PLASTER, N. 225",1023,ESCOLA NUCLEADA BRAÇO DO TROMBUDO KM 20,"RUA BRUNO PLASTER, N. 225",CENTRO,0
80420,57,1031,ESCOLA NUCLEADA BRAÇO DO TROMBUDO KM 15,"RODOVIA SC 426, KM 15, S/N",1031,ESCOLA NUCLEADA BRAÇO DO TROMBUDO KM 15,"RODOVIA SC 426, KM 15, S/N",KM 15,0
80420,57,1040,ESCOLA BÁSICA ADRIANO MOSIMANN,"RUA LEÔNCIO MACHADO, N. 179",1040,ESCOLA BÁSICA ADRIANO MOSIMANN,"RUA LEÔNCIO MACHADO, N. 179",SERRIL,0
81787,7,1015,ESCOLA PREFEITO AUGUSTO CARLOS STEFANES,"ESTRADA GERAL, S/N",1015,ESCOLA PREFEITO AUGUSTO CARLOS STEFANES,"ESTRADA GERAL, S/N",MAROMBAS,0
81787,7,1023,ESCOLA DE EDUCAÇÃO BÁSICA NADIR BECKER,"RUA CARLOTA SIQUEIRA CORREA, S/N",1023,ESCOLA DE EDUCAÇÃO BÁSICA NADIR BECKER,"RUA CARLOTA SIQUEIRA CORREA, S/N",CENTRO,0
81787,7,1040,SALÃO COMUNITÁRIO TRÊS SERRARIA,"ESTRADA GERAL, S/N",1040,SALÃO COMUNITÁRIO TRÊS SERRARIA,"ESTRADA GERAL, S/N",PALMARES,0
81787,7,1058,ESCOLA MUNICIPAL VICENTE PIRES,"ESTRADA GERAL, S/N",1058,ESCOLA MUNICIPAL VICENTE PIRES,"ESTRADA GERAL, S/N",GALEGOS,0
81787,7,1066,ESCOLA MUNICIPAL DE RAMO VERDE,"ESTRADA GERAL, S/N",1066,ESCOLA MUNICIPAL DE RAMO VERDE,"ESTRADA GERAL, S/N",RAMO VERDE,0
81787,7,1074,SALÃO COMUNITÁRIO LAGEADO DOS PEREIRAS,"ESTRADA GERAL, S/N",1074,SALÃO COMUNITÁRIO LAGEADO DOS PEREIRAS,"ESTRADA GERAL, S/N",LAGEADO DOS PEREIRAS,0
81787,7,1082,SALÃO COMUNITÁRIO RIO DOS TOUROS,"ESTRADA GERAL, S/N",1082,SALÃO COMUNITÁRIO RIO DOS TOUROS,"ESTRADA GERAL, S/N",RIO DOS TOUROS,0
80551,5,1031,COLEGIO CONSUL CARLOS RENAUX,"AVENIDA MONTE CASTELO, 81 FONE (47) 3351 1294",1031,COLEGIO CONSUL CARLOS RENAUX,"AVENIDA MONTE CASTELO, 81 FONE (47) 3351 1294",CENTRO,0
80551,5,1040,ESCOLA DE EDUCAÇÃO BÁSICA FELICIANO PIRES,"RUA RODRIGUES ALVES, 250",1040,ESCOLA DE EDUCAÇÃO BÁSICA FELICIANO PIRES,"RUA RODRIGUES ALVES, 250",CENTRO,0
80551,5,2089,SERVIÇO SOCIAL DO COMÉRCIO - SESC,"AVENIDA ARNO CARLOS GRACHER, N. 211",2089,SERVIÇO SOCIAL DO COMÉRCIO - SESC,"AVENIDA ARNO CARLOS GRACHER, N. 211",CENTRO,0
80551,5,1945,ESCOLA DE EDUCAÇÃO BÁSICA FRANCISCO DE ARAÚJO BRUSQUE,"RUA PEDRO GRACHER, 43",1945,ESCOLA DE EDUCAÇÃO BÁSICA FRANCISCO DE ARAÚJO BRUSQUE,"RUA PEDRO GRACHER, 43",SÃO LUIZ,0
80551,5,1392,ESCOLA DE ENSINO FUNDAMENTAL PROF. GEORGINA DE CARVALHO RAMOS DA LUZ,"RUA THEODORO ALBRECHT, 70",1392,ESCOLA DE ENSINO FUNDAMENTAL PROF. GEORGINA DE CARVALHO RAMOS DA LUZ,"RUA THEODORO ALBRECHT, 70",SÃO PEDRO,0
80551,5,1457,ESCOLA DE ENSINO FUNDAMENTAL PADRE TEODORO BECKER,"RUA BERTHOLDO TODT, 1005",1457,ESCOLA DE ENSINO FUNDAMENTAL PADRE TEODORO BECKER,"RUA BERTHOLDO TODT, 1005",BATEAS,0
80551,5,1988,ESCOLA DE ENSINO FUNDAMENTAL LIONS CLUB COMPANHEIRO OSCAR MALUCHE,"RUA RODOLFO STEFFEN, N. 182",1988,ESCOLA DE ENSINO FUNDAMENTAL LIONS CLUB COMPANHEIRO OSCAR MALUCHE,"RUA RODOLFO STEFFEN, N. 182",STEFFEN,0
80551,5,1597,ESCOLA DE EDUCAÇÃO BÁSICA JOÃO HASSMANN,"RUA NICOLAU HASSMANN, 150",1597,ESCOLA DE EDUCAÇÃO BÁSICA JOÃO HASSMANN,"RUA NICOLAU HASSMANN, 150",GUARANI,0
80551,5,2097,CENTRO DE EDUCAÇÃO INFANTIL PREFEITO HYLARIO ZEN,"RUA MARIA ANDRE DE FREITAS, 1020",2097,CENTRO DE EDUCAÇÃO INFANTIL PREFEITO HYLARIO ZEN,"RUA MARIA ANDRE DE FREITAS, 1120",RIO BRANCO,0
80551,5,1783,ESCOLA DE ENSINO FUNDAMENTAL RIO BRANCO,"RUA RB 18, 829",1783,ESCOLA DE ENSINO FUNDAMENTAL RIO BRANCO,"RUA RB 18, 829",RIO BRANCO,0
80551,5,2038,ESCOLA DE ENSINO FUNDAMENTAL ROTARY CLUB COMPANHEIRO AYRES GEVAERD,"RUA ALBERTO MICHEI, 67",2038,ESCOLA DE ENSINO FUNDAMENTAL ROTARY CLUB COMPANHEIRO AYRES GEVAERD,"RUA ALBERTO MICHEI, 67",VOLTA GRANDE,0
80551,5,2070,CENTRO DE EDUCAÇÃO INFANTIL MAX RODOLFO STEFFEN,"RUA RODOLFO STEFEN, N. 180",2070,CENTRO DE EDUCAÇÃO INFANTIL MAX RODOLFO STEFFEN,"RUA RODOLFO STEFEN, N. 180",STEFFEN,0
80551,5,2062,ESCOLA DE ENSINO FUNDAMENTAL PROFESSORA AUGUSTA KNORRING,"RUA GUILHERME STEFFEN,  855",2062,ESCOLA DE ENSINO FUNDAMENTAL PROFESSORA AUGUSTA KNORRING,"RUA GUILHERME STEFFEN,  855",STEFFEN,0
80551,5,2100,FACULDADE SÃO LUIZ,"AV. DAS COMUNIDADES, 233",2100,FACULDADE SÃO LUIZ,"AV. DAS COMUNIDADES, 233",CENTRO,0
80551,86,1023,UNIASSELVI,"AVENIDA GETÚLIO VARGAS, N 35 A",1023,UNIASSELVI,"AVENIDA GETÚLIO VARGAS, N 35 A",CENTRO,0
80551,86,1074,SENAI - SERVICO NACIONAL DE APRENDIZAGEM INDUSTRIAL,"AVENIDA PRIMEIRO DE MAIO, N. 670",1074,SENAI - SERVICO NACIONAL DE APRENDIZAGEM INDUSTRIAL,"AVENIDA PRIMEIRO DE MAIO, N. 670",CENTRO,0
80551,86,1090,ESCOLA DE ENSINO FUNDAMENTAL PADRE LUIZ GONZAGA STEINER,"TRAVESSA LAGOA DOURADA, N. 560",1090,ESCOLA DE ENSINO FUNDAMENTAL PADRE LUIZ GONZAGA STEINER,"TRAVESSA LAGOA DOURADA, N. 560",DOM JOAQUIM,0
80551,86,1120,ESCOLA DE EDUCAÇÃO BÁSICA GOVERNADOR IVO SILVEIRA,"RUA SANTA CRUZ, N. 201",1120,ESCOLA DE EDUCAÇÃO BÁSICA GOVERNADOR IVO SILVEIRA,"RUA SANTA CRUZ, N. 201",ÁGUAS CLARAS,0
80551,86,1139,ESCOLA DE ENSINO FUNDAMENTAL PAQUETÁ,"RUA PADRE ANTÔNIO EISING, N. 291",1139,ESCOLA DE ENSINO FUNDAMENTAL PAQUETÁ,"RUA PADRE ANTÔNIO EISING, N. 291",PAQUETÁ,0
80551,86,1163,ESCOLA DE EDUCAÇÃO BÁSICA PADRE LUX,"RUA EGON APPEL, N. 30",1163,ESCOLA DE EDUCAÇÃO BÁSICA PADRE LUX,"RUA EGON APPEL, N. 30",AZAMBUJA,0
80551,86,1651,CENTRO DE EDUCAÇÃO INFANTIL BENTA VANOLLI,"RUA AZAMBUJA, N. 554",1651,CENTRO DE EDUCAÇÃO INFANTIL BENTA VANOLLI,"RUA AZAMBUJA, N. 554",AZAMBUJA,0
80551,86,1759,CENTRO DE EDUCAÇÃO INFANTIL RAIO DE SOL II,"RUA NOVA TRENTO, 516",1759,CENTRO DE EDUCAÇÃO INFANTIL RAIO DE SOL II,"RUA NOVA TRENTO, 516",AZAMBUJA,0
80551,86,1660,ESCOLA DE ENSINO FUNDAMENTAL PADRE VENDELINO WIEMES,"RUA ALBERTO KLABUNDE, N. 893",1660,ESCOLA DE ENSINO FUNDAMENTAL PADRE VENDELINO WIEMES,"RUA ALBERTO KLABUNDE, N. 893",CEDRINHO,0
80551,86,1210,ESCOLA DE ENSINO FUNDAMENTAL CEDRO ALTO,"ESTRADA GERAL, S/N",1210,ESCOLA DE ENSINO FUNDAMENTAL CEDRO ALTO,"ESTRADA GERAL, S/N",CEDRO ALTO,0
80551,86,1252,ESCOLA DE EDUCAÇÃO BÁSICA MONSENHOR GREGÓRIO LOCKS,"RUA LUDOVICO MERICO, N. 64",1252,ESCOLA DE EDUCAÇÃO BÁSICA MONSENHOR GREGÓRIO LOCKS,"RUA LUDOVICO MERICO, N. 64",DOM JOAQUIM,0
80551,86,1287,ESCOLA DE EDUCAÇÃO BÁSICA JOÃO XXIII,"RUA FLORIANÓPOLIS, N. 1017",1287,ESCOLA DE EDUCAÇÃO BÁSICA JOÃO XXIII,"RUA FLORIANÓPOLIS, N. 1017",BOA PARADA,0
80551,86,1317,ESCOLA DE EDUCAÇÃO BÁSICA DOM JOÃO BECKER,"RUA VEREADOR OSCAR KRIEGER, N. 10",1317,ESCOLA DE EDUCAÇÃO BÁSICA DOM JOÃO BECKER,"RUA VEREADOR OSCAR KRIEGER, N. 10",JARDIM MALUCHE,0
80551,86,1341,CENTRO MUNICIPAL DE EDUCAÇÃO INFANTIL VÓ ROSA DALLAGO,"RUA ALBERTO MULLER, S/N",1341,CENTRO MUNICIPAL DE EDUCAÇÃO INFANTIL VÓ ROSA DALLAGO,"RUA ALBERTO MULLER, S/N",LIMEIRA BAIXA,0
80551,86,1368,ESCOLA DE ENSINO FUNDAMENTAL ALBERTO PRETTI,"RUA ALBERTO MULLER, N. 3785",1368,ESCOLA DE ENSINO FUNDAMENTAL ALBERTO PRETTI,"RUA ALBERTO MULLER, N. 3785",LIMEIRA BAIXA,0
80551,86,1457,ESCOLA DE ENSINO FUNDAMENTAL PROFESSOR JOSÉ VIEIRA CORTE,"RUA AUGUSTO KLAPOTH, N. 1313",1902,CENTRO MUNICIPAL DE EDUCAÇÃO INFANTIL CLARA MARIA FURTADO,"RUA AUGUSTO KLAPOTH, SN",SANTA LUZIA,144
80551,86,1813,CENTRO DE EDUCAÇÃO INFANTIL ADELINA ZEN,"RUA FERNANDO ZEN, 50",1813,CENTRO DE EDUCAÇÃO INFANTIL ADELINA ZEN,"RUA FERNANDO ZEN, 50",POÇO FUNDO,0
80551,86,1724,CENTRO DE EDUCAÇÃO INFANTIL HILDA ANNA ECCEL,"RUA DR OLIMPIO DE SOUZA PITANGA, N. 4",1724,CENTRO DE EDUCAÇÃO INFANTIL HILDA ANNA ECCEL,"RUA DR OLIMPIO DE SOUZA PITANGA, N. 4",JARDIM MALUCHE,0
80551,86,1422,ESCOLA DE ENSINO FUNDAMENTAL PONTA RUSSA,"RUA PONTA RUSSA, S/N",1422,ESCOLA DE ENSINO FUNDAMENTAL PONTA RUSSA,"RUA PONTA RUSSA, S/N",PONTA RUSSA,0
80551,86,1481,CENTRO DE EDUCAÇÃO INFANTIL SOFIA DUBIELA,"RUA VITORIO DEMARCHE, S/N",1481,CENTRO DE EDUCAÇÃO INFANTIL SOFIA DUBIELA,"RUA VITORIO DEMARCHE, S/N",SANTA RITA,0
80551,86,1511,ESCOLA DE ENSINO FUNDAMENTAL NOVA BRASÍLIA,"RUA  JOSÉ CUNHA, N. 301",1511,ESCOLA DE ENSINO FUNDAMENTAL NOVA BRASÍLIA,"RUA  JOSÉ CUNHA, N. 301",NOVA BRASÍLIA,0
80551,86,1520,ESCOLA DE EDUCAÇÃO BÁSICA SANTA TEREZINHA,"RUA GEORGE BOETTGER, N. 70",1520,ESCOLA DE EDUCAÇÃO BÁSICA SANTA TEREZINHA,"RUA GEORGE BOETTGER, N. 70",SANTA TEREZINHA,0
80551,86,1554,UNIFEBE - CENTRO UNIVERSITÁRIO DE BRUSQUE,"RUA DORVAL LUZ, N. 123",1554,UNIFEBE - CENTRO UNIVERSITÁRIO DE BRUSQUE,"RUA DORVAL LUZ, N. 123",SANTA TEREZINHA,0
80551,86,1589,ESCOLA DE ENSINO FUNDAMENTAL PROFESSORA IZAURA GOUVEA GEVAERD,"RUA JOSÉ DUBIELA, N. 724",1589,ESCOLA DE ENSINO FUNDAMENTAL PROFESSORA ISAURA GOUVEA GEVAERD,"RUA JOSÉ DUBIELA, N. 724",THOMAZ COELHO,0
80551,86,1600,ESCOLA DE ENSINO FUNDAMENTAL DOUTOR CARLOS MORITZ,"RUA ARNOLDO RISTOW, N. 436",1600,ESCOLA DE ENSINO FUNDAMENTAL DOUTOR CARLOS MORITZ,"RUA ARNOLDO RISTOW, N. 436",ZANTÃO,0
80551,86,1643,ESCOLA DE ENSINO FUNDAMENTAL ANGELO DOGNINI,"RUA XV DE NOVEMBRO, N. 848",1643,ESCOLA DE ENSINO FUNDAMENTAL ANGELO DOGNINI,"RUA XV DE NOVEMBRO, N. 848",LOTEAMENTO PLANALTO,0
80551,86,1740,CENTRO DE EDUCAÇÃO INFANTIL TIA LAURA,"RUA  SANTA CRUZ, N. 244",1740,CENTRO DE EDUCAÇÃO INFANTIL TIA LAURA,"RUA  SANTA CRUZ, N. 244",ÁGUAS CLARAS,0
80551,86,1708,CENTRO DE EDUCAÇÃO INFANTIL RAIO DE SOL,"RUA LUIZ VANOLLI, N. 297",1708,CENTRO DE EDUCAÇÃO INFANTIL RAIO DE SOL,"RUA LUIZ VANOLLI, N. 297",AZAMBUJA,0
80551,86,1767,CENTRO DE EDUCAÇÃO INFANTIL TIA ANA,"RUA ALBERTO MULLER, N. 1520",1767,CENTRO DE EDUCAÇÃO INFANTIL TIA ANA,"RUA ALBERTO MULLER, N. 1520",LIMEIRA BAIXA,0
80551,86,1384,ESCOLA DE ENSINO FUNDAMENTAL POÇO FUNDO,"RUA POÇO FUNDO, N. 1111",1384,ESCOLA DE ENSINO FUNDAMENTAL POÇO FUNDO,"RUA POÇO FUNDO, N. 1111",POÇO FUNDO,0
80551,86,1856,IFC - INSTITUTO FEDERAL CATARINENSE,"AVENIDA HUGO SCHLOSSER, 605",1856,IFC - INSTITUTO FEDERAL CATARINENSE,"AVENIDA HUGO SCHLOSSER, 605",JARDIM MALUCHE,0
80551,86,1791,E. DE ENSINO FUNDAMENTAL PREFEITO ALEXANDRE MERICO,"RUA RAFAEL CARLOS SILVA, S/N",1791,E. DE ENSINO FUNDAMENTAL PREFEITO ALEXANDRE MERICO,"RUA RAFAEL CARLOS SILVA, S/N",LIMEIRA BAIXA,0
80551,86,1821,ESCOLA DE EDUCAÇÃO BÁSICA OSVALDO REIS,"RUA SETE DE SETEMBRO, 388",1821,ESCOLA DE EDUCAÇÃO BÁSICA OSVALDO REIS,"RUA SETE DE SETEMBRO, 388",SANTA RITA,0
80551,86,1805,ESCOLA DE ENSINO MÉDIO YVONNE OLINGER APPEL,"RUA ALBERTO KLABUNDE, 555",1805,ESCOLA DE ENSINO MÉDIO YVONNE OLINGER APPEL,"RUA ALBERTO KLABUNDE, 555",CEDRINHO,0
80578,6,1015,ESCOLA DE EDUCACAO BASICA PAULO SCHIEFFLER,"RUA NEREU RAMOS, 351",1015,ESCOLA DE EDUCACAO BASICA PAULO SCHIEFFLER,"RUA NEREU RAMOS, 351",CENTRO,0
80578,6,1368,ESCOLA DE EDUCACAO BASICA DOM ORLANDO DOTTI,"RUA IRMAO TOMAS, 293",1368,ESCOLA DE EDUCACAO BASICA DOM ORLANDO DOTTI,"RUA IRMAO TOMAS, 293",BOM JESUS,0
80578,6,1066,COLÉGIO BOM JESUS AURORA,"RUA MARECHAL DEODORO DA FONSECA, N. 150",1066,COLÉGIO BOM JESUS AURORA,"RUA MARECHAL DEODORO DA FONSECA, N. 150",CENTRO,0
80578,6,1538,ESCOLA MUNICIPAL DE EDUCACAO BASICA CASTELHANO,RODOVIA SC 302 KM 7,1538,ESCOLA MUNICIPAL DE EDUCACAO BASICA CASTELHANO,RODOVIA SC 302 KM 7,CASTELHANO,0
80578,6,1481,ESCOLA DE ENSINO FUNDAMENTAL PROFESSOR DOMINGOS DA COSTA FRANCO,"RODOVIA COMENDADOR PRIMO TEDESCO KM 2, S/N FONE (49) 35630309",1481,ESCOLA DE EDUCAÇÃO BÁSICA PROFESSOR DOMINGOS DA COSTA FRANCO,"RODOVIA COMENDADOR PRIMO TEDESCO KM 2, S/N FONE (49) 35630309",BONSSUCESSO - TEDESCO,0
80578,6,1678,GRUPO ESCOLAR TABAJARA,"RUA AMAZONAS, 800",1678,ESCOLA MUNICIPAL DE EDUCAÇÃO BÁSICA TABAJARA,"RUA AMAZONAS, 800",LOTEAMENTO SANTA CLARA,0
80578,6,1139,ESCOLA DE ENSINO FUNDAMENTAL THOMAS PADILHA,"RODOVIA SC 451 KM 22, S/N",1139,ESCOLA DE ENSINO FUNDAMENTAL THOMAZ PADILHA,"RODOVIA SC 451 KM 22, S/N",TAQUARA VERDE,0
80578,6,1228,ESCOLA DE ENSINO MEDIO IRMAO LEO,"RUA CONSELHEIRO MAFRA, S/N",1228,ESCOLA DE EDUCAÇÃO BÁSICA IRMÃO LEO,"RUA CONSELHEIRO MAFRA, 750",CENTRO,0
80578,6,1236,ESCOLA DE EDUCACAO BASICA DANTE MOSCONI,"RUA FERMINIANO PAES CARNEIRO, S/N",1236,ESCOLA DE EDUCACAO BASICA DANTE MOSCONI,"RUA FERMINIANO PAES CARNEIRO, S/N",CENTRO,0
80578,6,1295,ESCOLA MUNICIPAL DE EDUCAÇÃO BÁSICA HENRIQUE JULIO BERGER,"RUA MARCOS GONCALVES CORDEIRO, N. 40",1295,ESCOLA MUNICIPAL DE EDUCAÇÃO BÁSICA HENRIQUE JULIO BERGER,"RUA MARCOS GONCALVES CORDEIRO, N. 40",BERGER,0
80578,6,1341,ESCOLA DE EDUCACAO BASICA DOUTOR NAYA GONZAGA SAMPAIO,"RUA ADOLFO FRANZ GROTH, 421",1341,ESCOLA DE EDUCACAO BASICA DOUTOR NAYA GONZAGA SAMPAIO,"RUA ADOLFO FRANZ GROTH, 421",DER,0
80578,6,1422,UNIVERSIDADE DO ALTO VALE DO RIO DO PEIXE - UNIARP,"RUA VICTOR BAPTISTA ADAMI, N. 800",1422,UNIVERSIDADE DO ALTO VALE DO RIO DO PEIXE - UNIARP,"RUA VICTOR BAPTISTA ADAMI, N. 800",CENTRO,0
80578,6,1627,ESCOLA DE ENSINO FUNDAMENTAL GRACIOSA COPETI PEREIRA,"RUA ODELIR GODINHO, N. 204",1627,ESCOLA DE ENSINO FUNDAMENTAL GRACIOSA COPETTI PEREIRA,"RUA ODELIR GODINHO, N. 204",BELLO,0
80578,6,1554,ESCOLA DE EDUCACAO BASICA DOUTOR JOAO SANTO DAMO,"RUA MILTON CESAR PEGORARO, 31",1554,ESCOLA DE EDUCACAO BASICA DOUTOR JOAO SANTO DAMO,"RUA MILTON CESAR PEGORARO, 31",SAO CRISTOVAO,0
80578,6,1562,ESCOLA MUNICIPAL DE EDUCAÇÃO BÁSICA MORADA DO SOL,"RUA ALCIDES SABINO, S/N",1562,ESCOLA MUNICIPAL DE EDUCAÇÃO BÁSICA MORADA DO SOL,"RUA ALCIDES SABINO, S/N",MORADA DO SOL,0
80578,6,1570,ESCOLA MUNICIPAL DE ED. BÁSICA PROF. MARIA LUIZA BARBOSA,"RUA ANTÔNIO OSÓRIO, 170",1570,ESCOLA MUNICIPAL DE ED. BÁSICA PROF. MARIA LUIZA MARTINS BARBOSA,"RUA ANTÔNIO OSÓRIO, 170",JUNG,0
80578,6,1635,ESCOLA BÁSICA PIERINA SANTIN PERRET,"RUA SANTA CECÍLIA, N 31",1635,ESCOLA DE EDUCAÇÃO BÁSICA PIERINA SANTIN PERRET,"RUA SANTA CECÍLIA, N 31",DOS MUNICÍPIOS,0
80578,6,1619,ESCOLA MUNICIPAL DE EDUCAÇÃO BÁSICA NOSSA SENHORA SALETE,"RUA SANTA BÁRBARA, 50",1619,ESCOLA MUNICIPAL DE EDUCAÇÃO BÁSICA NOSSA SENHORA SALETE,"RUA SANTA BÁRBARA, 50",NOSSA SENHORA SALETE,0
80578,6,1651,SESI - SERVICO SOCIAL DA INDUSTRIA,"RUA MUNICIPAL HONORINDO MORO, 610",1651,SESI - SERVICO SOCIAL DA INDUSTRIA,"RUA MUNICIPAL HONORINDO MORO, 610",ALTO BONITO,0
80578,6,1597,ESCOLA MUNICIPAL DE EDUCAÇÃO BÁSICA ALCIDES TOMBINI,"RUA AUGUSTO DRISSEN, 350",1597,ESCOLA MUNICIPAL DE EDUCAÇÃO BÁSICA ALCIDES TOMBINI,"RUA AUGUSTO DRISSEN, 350",SORGATTO,0
80578,6,1465,ESCOLA MUNICIPAL DE EDUCAÇÃO BÁSICA ESPERANÇA,"RUA FLORINDO D'AGOSTINI, N. 461",1465,ESCOLA MUNICIPAL DE EDUCAÇÃO BÁSICA ESPERANÇA,"RUA FLORINDO D'AGOSTINI, N. 461",MARTELO,0
80578,6,1058,ESCOLA MUNICIPAL DE EDUCAÇÃO BÁSICA IRMÃO VENÂNCIO JOSÉ,"RUA PEDRO DEBONI, S/N",1058,ESCOLA MUNICIPAL DE EDUCAÇÃO BÁSICA IRMÃO VENÂNCIO JOSÉ,"RUA PEDRO DEBONI, 107",VILA KURTZ,0
80578,6,1686,GRUPO ESCOLAR PADRE JOSE CHAMOT,"RUA  ANTONIO PEREIRA, 17",1686,ESCOLA MUNICIPAL DE EDUCAÇÃO BÁSICA PADRE JOSÉ CHAMOT,"RUA  ANTONIO PEREIRA, 17",RANCHO FUNDO,0
80578,6,1694,GRUPO ESCOLAR DOUTOR ULISSES GUIMARAES,"RUA HERCÍLIO TOBIAS, S/N",1694,GRUPO ESCOLAR DOUTOR ULISSES GUIMARAES,"RUA HERCÍLIO TOBIAS, S/N",BOM SUCESSO,0
80578,6,1708,ESCOLA ISOLADA RODOLFO NICKEL,"ESTRADA CALMON, SC 302",1708,ESCOLA MUNICIPAL DE EDUCAÇÃO BÁSICA RODOLFO NICKEL,"ESTRADA CALMON, SC 302",ASSENTAMENTO HERMINIO GONCALVES DOS SANTOS,0
80578,6,1767,PRESÍDIO REGIONAL DE CAÇADOR,"AV. ALBINO FELIPE POTRICK, N 50",1767,PRESÍDIO REGIONAL DE CAÇADOR,"AV. ALBINO FELIPE POTRICK, N 50",BOM SUCESSO,
80594,41,1058,COLEGIO DE ENSINO BASICO DOM PEDRO II,"RUA DA INDEPENDENCIA, 714",1058,COLEGIO DE ENSINO BASICO DOM PEDRO II,"RUA DA INDEPENDENCIA, 714",CENTRO,0
80594,41,1023,SALÃO COMUNITÁRIO DE LINHA MARACUJÁ,"RUA PRINCIPAL, S/N",1023,SALÃO COMUNITÁRIO DE LINHA MARACUJÁ,"RUA PRINCIPAL, S/N",LINHA MARACUJÁ,0
80594,41,1031,SALÃO COMUNITÁRIO DA LINHA SÃO JORGE,"RUA PRINCIPAL, S/N",1031,SALÃO COMUNITÁRIO DA LINHA SÃO JORGE,"RUA PRINCIPAL, S/N",LINHA SÃO JORGE,0
80594,41,1066,ESCOLA MUNICIPAL ANITA GARIBALDI DE LINHA PLANALTINA,"ESTRADA GERAL, S/N",1066,GINASIO DE ESPORTES DA LINHA PLANALTINA,"ESTRADA GERAL, S/N",LINHA PLANALTINA,0
80594,41,1074,SALÃO COMUNITÁRIO DE LINHA SÃO ROQUE,"ESTRADA GERAL, S/N",1074,SALÃO COMUNITÁRIO DE LINHA SÃO ROQUE,"ESTRADA GERAL, S/N",LINHA SÃO ROQUE,0
80594,41,1082,SALÃO COMUNITÁRIO DE LINHA SÃO PAULO,"ESTRADA GERAL, S/N",1082,SALÃO COMUNITÁRIO DE LINHA SÃO PAULO,"ESTRADA GERAL, S/N",LINHA SÃO PAULO,0
80594,41,1090,SALÃO COMUNITÁRIO DE LINHA ROSÁRIO,"ESTRADA GERAL, S/N",1090,SALÃO COMUNITÁRIO DE LINHA ROSÁRIO,"ESTRADA GERAL, S/N",LINHA ROSÁRIO,0
80594,41,1104,SALÃO COMUNITÁRIO DE LINHA SANTO ANTÔNIO,"ESTRADA GERAL, S/N",1104,SALÃO COMUNITÁRIO DE LINHA SANTO ANTÔNIO,"ESTRADA GERAL, S/N",LINHA SANTO ANTÔNIO,0
80594,41,1112,ESCOLA DE LINHA APARECIDA,"ESTRADA GERAL, S/N",1112,ESCOLA DE LINHA APARECIDA,"ESTRADA GERAL, S/N",LINHA APARECIDA,0
80594,41,1120,ESCOLA MUNICIPAL REUNIDA PEDRO IVO CAMPOS,"RUA DAS PALMEIRAS, S/N",1120,ESCOLA MUNICIPAL PROFESSORA RITA TEREZINHA FAZOLO (PEDRO IVO),"RUA DAS PALMEIRAS, S/N",BAIRRO NATAL,0
80594,41,1139,SALÃO COMUNITÁRIO DE LINHA SÃO JOSÉ,"ESTRADA GERAL, S/N",1139,SALÃO COMUNITÁRIO DE LINHA SÃO JOSÉ,"ESTRADA GERAL, S/N",LINHA SÃO JOSÉ,0
80667,6,1015,COLEGIO ESTADUAL CALMON,"RUA JOÃO SERAFINI, 85",1015,ESCOLA DE EDUCAÇÃO BÁSICA CALMON,"RUA JOÃO SERAFINI, 85",CENTRO,0
80667,6,1023,SALAO PAROQUIAL DE SÃO JOÃO DE CIMA,"RUA GERAL, S/N",1023,SALAO PAROQUIAL DE SÃO JOÃO DE CIMA,"RUA GERAL, S/N",SÂO JOAO DE CIMA,0
80667,6,1120,ESCOLA MUNICIPAL PROFESSORA ERODITH DOS PASSOS RODRIGUES,"ESTRADA GERAL, S/N",1082,COMUNIDADE SANTA LUZIA GRUPO 3,"ESTRADA GERAL, S/N",CINCO DE MAIO - GRUPO TRES,
80667,6,1112,ESCOLA MUNICIPAL JOAO CARNEIRO,"RUA PEDRO ALMEIDA, S/N, FONE (49) 3573 0035",1112,ESCOLA MUNICIPAL JOAO CARNEIRO,"RUA PEDRO ALMEIDA, S/N, FONE (49) 3573 0035",CENTRO,0
80667,6,1082,COMUNIDADE SANTA LUZIA GRUPO 3,"ESTRADA GERAL, S/N",1082,COMUNIDADE SANTA LUZIA GRUPO 3,"ESTRADA GERAL, S/N",CINCO DE MAIO - GRUPO TRES,0
80616,103,1015,ESCOLA DE EDUCAÇÃO BÁSICA PROFESSOR JOSÉ ARANTES,"RUA CORONEL BENJAMIN VIEIRA, N. 129",1015,ESCOLA DE EDUCAÇÃO BÁSICA PROFESSOR JOSÉ ARANTES,"RUA CORONEL BENJAMIN VIEIRA, N. 129",CENTRO,0
80616,103,1244,ESCOLA BÁSICA MUNICIPAL PROFESSOR ARTUR SICHMANN,"RUA MATIAS FAQUETI, S/N",1244,ESCOLA BÁSICA MUNICIPAL PROFESSOR ARTUR SICHMANN,"RUA MATIAS FAQUETI, S/N",CENTRO,0
80616,103,1040,GRUPO ESCOLAR MUNICIPAL PROFESSOR JOAQUIM MAGALHÃES,"RUA RIO AMAZONAS, N. 1852",1040,GRUPO ESCOLAR MUNICIPAL PROFESSOR JOAQUIM MAGALHÃES,"RUA RIO AMAZONAS, N. 1852",RIO PEQUENO,0
80616,103,1180,GRUPO ESCOLAR MUNICIPAL PROFESSORA CLOTILDE RAMOS CHAVES,"RUA JOSÉ FRANCISCO BERNARDES, N. 1426",1180,GRUPO ESCOLAR MUNICIPAL PROFESSORA CLOTILDE RAMOS CHAVES,"RUA JOSÉ FRANCISCO BERNARDES, N. 1426",AREIAS,0
80616,103,1082,CENTRO EDUCACIONAL INFANTIL TIA LELA (RIO DO MEIO),"RUA PREFEITO ANTONIO MAFRA, S/N",1082,CENTRO EDUCACIONAL INFANTIL TIA LELA (RIO DO MEIO),"RUA PREFEITO ANTONIO MAFRA, S/N",JOAO DA COSTA,0
80616,103,1090,ESCOLA ISOLADA ADOLFO OVÍDIO COPPI,"RUA GERAL DO RIO DO MEIO, S/N",1090,ESCOLA ISOLADA ADOLFO OVÍDIO COPPI,"RUA GERAL DO RIO DO MEIO, S/N",RIO DO MEIO,0
80616,103,1104,ESCOLA ISOLADA HERCÍLIO ZIMMERMANN,"RUA GERAL DA VILA CONCEIÇÃO, S/N",1104,ESCOLA ISOLADA HERCÍLIO ZIMMERMANN,"RUA GERAL DA VILA CONCEIÇÃO, S/N",VILA CONCEICAO,0
80616,103,1139,ESCOLA ISOLADA DO BRACO,"RUA GERAL DO BRAÇO, S/N",1139,ESCOLA ISOLADA DO BRACO,"RUA GERAL DO BRAÇO, S/N",BRACO,0
80616,103,1171,POSTO DE SAÚDE DO BRAÇO,"ESTRADA GERAL DE LAGEADO, S/N",1171,POSTO DE SAÚDE DO BRAÇO,"ESTRADA GERAL DE LAGEADO, S/N",BRACO,0
80616,103,1198,GRUPO ESCOLAR MUNICIPAL ANDRÔNICO PEREIRA,"RUA SÃO JOSÉ, N. 114",1198,GRUPO ESCOLAR MUNICIPAL ANDRÔNICO PEREIRA,"RUA SÃO JOSÉ, N. 114",SÃO FRANCISCO DE ASSIS,0
80616,103,1201,CAIC JOVEM AILOR LOTÉRIO,RUA MONTE AGULHAS NEGRAS,1201,CAIC JOVEM AILOR LOTÉRIO,RUA MONTE AGULHAS NEGRAS,MONTE ALEGRE,0
80616,103,1210,ESCOLA DE EDUCAÇÃO BÁSICA ALCUÍNO GONÇALO VIEIRA,"RUA JACARANDÁ, S/N",1210,ESCOLA DE EDUCAÇÃO BÁSICA ALCUÍNO GONÇALO VIEIRA,"RUA JACARANDÁ, S/N",TABOLEIRO,0
80616,103,1228,ESCOLA DE EDUCAÇÃO BÁSICA PROFESSOR MÁRIO GARCIA,"RUA SAUL DALLAGO, N. 370",1228,ESCOLA DE EDUCAÇÃO BÁSICA PROFESSOR MÁRIO GARCIA,"RUA SAUL DALLAGO, N. 370",CEDRO,0
80616,103,1236,ESCOLA DE EDUCAÇÃO BÁSICA PROFESSORA MARIA TEREZINHA GARCIA,"RUA MONTE BANDEIRA, N. 445",1236,ESCOLA DE EDUCAÇÃO BÁSICA PROFESSORA MARIA TEREZINHA GARCIA,"RUA MONTE BANDEIRA, N. 445",MONTE ALEGRE,0
80616,103,1252,ESCOLA BÁSICA MUNICIPAL ANITA BERNARDES GANANCINI,"RUA MONTE CASTELITO, N. 39",1252,ESCOLA BÁSICA MUNICIPAL ANITA BERNARDES GANANCINI,"RUA MONTE CASTELITO, N. 39",MONTE ALEGRE,0
80616,103,1260,ESCOLA BÁSICA MUNICIPAL LUCINIRA MELO REBELLO,"RUA RIO JAGUARIBA, N. 674",1260,ESCOLA BÁSICA MUNICIPAL LUCINIRA MELO REBELLO,"RUA RIO JAGUARIBA, N. 674",RIO PEQUENO,0
80616,103,1287,ESCOLA BÁSICA MUNICIPAL PROFESSORA IVONE TERESINHA GARCIA,"RUA QUITO, 43",1287,ESCOLA BÁSICA MUNICIPAL PROFESSORA IVONE TERESINHA GARCIA,"RUA QUITO, 43",SANTA REGINA,0
80616,103,1279,GRUPO ESCOLAR MUNICIPAL DOMINGOS FONSECA,"RUA MARMELEIRO, 645",1279,GRUPO ESCOLAR MUNICIPAL DOMINGOS FONSECA,"RUA MARMELEIRO, 645",TABOLEIRO,0
80632,30,1163,ESCOLA MUNICIPAL DE EDUCAÇÃO BÁSICA MARIA JOSÉ DUARTE SILVA BERNARDES,"RUA BENJAMIN CONSTANT, 500",1163,ESCOLA MUNICIPAL DE EDUCAÇÃO BÁSICA MARIA JOSÉ DUARTE SILVA BERNARDES,"RUA BENJAMIN CONSTANT, 500",CENTRO,0
80632,30,1031,ESCOLA DE EDUCAÇÃO BÁSICA PROFESSOR ARGEMIRO GONÇALVES,"RUA JOÃO PIUS SCHINDLER, N. 263",1031,ESCOLA DE EDUCAÇÃO BÁSICA PROFESSOR ARGEMIRO GONÇALVES,"RUA JOÃO PIUS SCHINDLER, N. 263",BATEIAS DE BAIXO,0
80632,30,1040,ESCOLA MUNICIPAL DE EDUCAÇÃO BÁSICA PAULO FUCKNER,"RUA PRINCIPAL BATEIAS DE CIMA, S/N",1040,ESCOLA MUNICIPAL DE EDUCAÇÃO BÁSICA PAULO FUCKNER,"RUA PRINCIPAL BATEIAS DE CIMA, S/N",BATEIAS DE CIMA,0
80632,30,1058,ASSOCIAÇÃO DE MORADORES DE SANTANA,"RUA PRINCIPAL SANTANA, S/N",1058,ASSOCIAÇÃO DE MORADORES DE SANTANA,"RUA PRINCIPAL SANTANA, S/N",SANTANA,0
80632,30,1066,ESCOLA DE ENSINO FUNDAMENTAL PROF. JERÔNIMO FRANCISCO COELHO PACHECO,"RUA FERNANDO JUNG, N. 420",1066,ESCOLA DE ENSINO FUNDAMENTAL PROF. JERÔNIMO FRANCISCO COELHO PACHECO,"RUA FERNANDO JUNG, N. 420",FRAGOSOS,0
80632,30,1090,SALÃO DE CATEQUESE DA IGREJA DE AVENQUINHA DE SANTO ANTÔNIO,"RUA PRINCIPAL AVENQUINHA, S/N",1090,SALÃO DE CATEQUESE DA IGREJA DE AVENQUINHA DE SANTO ANTÔNIO,"RUA PRINCIPAL AVENQUINHA, S/N",AVENQUINHA,0
80632,30,1147,ASSOCIAÇÃO DE MORADORES DE TIJUCUME,"ESTRADA GERAL, S/N",1147,ASSOCIAÇÃO DE MORADORES DE TIJUCUME,"ESTRADA GERAL, S/N",TIJUCUME,0
80659,52,1066,ESCOLA DE EDUCAÇÃO BÁSICA MAJOR OTACÍLIO COUTO,"RUA ÁLVARO PUCCI, 57",1066,ESCOLA DE EDUCAÇÃO BÁSICA MAJOR OTACÍLIO COUTO,"RUA ÁLVARO PUCCI, 57",CENTRO,12
80659,52,1074,NÚCLEO MUNICIPAL NOSSA SENHORA DOS PRAZERES,"ESTRADA GERAL, S/N",1074,NÚCLEO MUNICIPAL NOSSA SENHORA DOS PRAZERES,"ESTRADA GERAL, S/N",CAPELA DOS MOTAS,11
80659,52,1082,ESCOLA MUNICIPAL MORRO DO CHAPEU,"ESTRADA GERAL MORRO DO CHAPEU, S/N",1082,ESCOLA MUNICIPAL MORRO DO CHAPEU,"ESTRADA GERAL MORRO DO CHAPEU, S/N",MORRO DO CHAPEU,7
80659,52,1090,SALÃO COMUNITÁRIO DIVINO ESPÍRITO SANTO,"ESTRADA GERAL, S/N",1090,SALÃO COMUNITÁRIO DIVINO ESPÍRITO SANTO,"ESTRADA GERAL, S/N",CAPELA DO DIVINO ESPIRITO SANTO,24
80659,52,1104,NÚCLEO ESCOLAR DELLA COSTA,"ESTRADA GERAL DELLA COSTA, S/N",1104,NÚCLEO ESCOLAR DELLA COSTA,"ESTRADA GERAL DELLA COSTA, S/N",DELLA COSTA,48
80659,52,1120,NÚCLEO MUNICIPAL MONTE ALEGRE,"ESTRADA GERAL, S/N",1120,NÚCLEO MUNICIPAL MONTE ALEGRE,"ESTRADA GERAL, S/N",MONTE ALEGRE,26
80659,52,1171,ESCOLA MUNICIPAL RUI BARBOSA,"ESTRADA GERAL, S/N",1171,ESCOLA MUNICIPAL RUI BARBOSA,"ESTRADA GERAL, S/N",MACHADOS,33
80659,52,1180,ESCOLA MUNICIPAL FRANCISCO MANOEL DA SILVA,"ESTRADA GERAL ALTO TRAVESSAO, S/N",1180,ESCOLA MUNICIPAL FRANCISCO MANOEL DA SILVA,"ESTRADA GERAL ALTO TRAVESSAO, S/N",TRAVESSAO - ALTO TRAVESSÃO,25
80659,52,1228,ESCOLA MUNICIPAL CASEMIRO DE ABREU,"RUA AURELIANO PEREIRA DE JESUS, S/N",1228,ESCOLA MUNICIPAL CASEMIRO DE ABREU,"RUA AURELIANO PEREIRA DE JESUS, S/N",SOBRADINHO,45
80659,52,1236,ESCOLA MUNICIPAL LAGO AZUL,"RUA FLORIANÓPOLIS, S/N",1236,EBM PROFESSOR JANY PUCCI DELVES FILHO,"RUA FLORIANÓPOLIS, S/N",LAGO AZUL,12
80659,52,1252,SALÃO COMUNITÁRIO,LOCALIDADE DE BARRA DO IMIGRANTE,1252,SALÃO COMUNITÁRIO BARRA DO IMIGRANTE,LOCALIDADE DE BARRA DO IMIGRANTE,BARRA DO IMIGRANTE,13
80675,69,1074,PAVILHÃO DA IGREJA MATRIZ,"RUA GIACOMO CASSOL, N.228",1074,PAVILHÃO DA IGREJA MATRIZ,"RUA GIACOMO CASSOL, N.228",CENTRO,0
80675,69,1082,ESCOLA DE EDUCAÇÃO BÁSICA EMÍLIO GARRASTAZU MÉDICI,"RUA MARANHÃO, N. 712",1082,ESCOLA DE EDUCAÇÃO BÁSICA EMÍLIO GARRASTAZU MÉDICI,"RUA MARANHÃO, N. 712",CENTRO,0
80675,69,1031,CÂMARA MUNICIPAL DE VEREADORES DE CAMPO ERÊ,"AV. ASTOR SCHÖENINGER, N. 969",1031,CÂMARA MUNICIPAL DE VEREADORES DE CAMPO ERÊ,"AV. ASTOR SCHÖENINGER, N. 969",CENTRO,0
80675,69,1090,ESCOLA DE EDUCAÇÃO BÁSICA RAUL POMPÉIA,"RUA RIO DE JANEIRO, 353",1090,ESCOLA DE EDUCAÇÃO BÁSICA RAUL POMPÉIA,"RUA RIO DE JANEIRO, 353",CENTRO,0
80675,69,1686,CENTRO EDUCACIONAL MUNICIPAL PREFEITO JOÃO TELES PADILHA,"RUA CORONEL BERTASO, S/N",1686,CENTRO EDUCACIONAL MUNICIPAL PREFEITO JOÃO TELES PADILHA,"RUA CORONEL BERTASO, S/N",CENTRO,0
80675,69,1228,PAVILHÃO COMUNITÁRIO LINHA AGROISA,"ESTRADA GERAL, S/N",1228,PAVILHÃO COMUNITÁRIO LINHA AGROISA,"ESTRADA GERAL, S/N",LINHA AGROISA,0
80675,69,1511,CEM NOSSA SENHORA DE FÁTIMA - LINHA 12 DE NOVEMBRO,"LINHA DOZE DE NOVEMBRO, S/N",1511,CEM NOSSA SENHORA DE FÁTIMA - LINHA 12 DE NOVEMBRO,"LINHA DOZE DE NOVEMBRO, S/N",LINHA DOZE DE NOVEMBRO,0
80691,7,1015,ESCOLA DE EDUCAÇÃO BÁSICA PAULO BLASI,"RUA CORONEL PEDRO CARLOS, N. 803",1015,ESCOLA DE EDUCAÇÃO BÁSICA PAULO BLASI,"RUA CORONEL PEDRO CARLOS, N. 803",CENTRO,0
80691,7,1023,ESCOLA DE EDUCAÇÃO BÁSICA HENRIQUE RUPP JUNIOR,RUA BENJAMIN COLLA,1023,ESCOLA DE EDUCAÇÃO BÁSICA HENRIQUE RUPP JUNIOR,RUA BENJAMIN COLLA,SENHOR BOM JESUS,0
80691,7,1040,ESCOLA DE EDUCAÇÃO BÁSICA CORONEL GASPARINO ZORZI,"RUA CORONEL LUCIDORO, N. 1919",1040,ESCOLA DE EDUCAÇÃO BÁSICA CORONEL GASPARINO ZORZI,"RUA CORONEL LUCIDORO, N. 1919",SÃO SEBASTIÃO,0
80691,7,1058,ESCOLA MUNICIPAL DE ENSINO FUNDAMENTAL SANTA JÚLIA BILLIART,"RUA CORAÇÃO DE MARIA, N. 438",1058,ESCOLA MUNICIPAL DE ENSINO FUNDAMENTAL SANTA JÚLIA BILLIART,"RUA CORAÇÃO DE MARIA, N. 438",NOSSA SENHORA APARECIDA,0
80691,7,1082,ESCOLA DE EDUCAÇÃO BÁSICA PROFESSOR JOSÉ FARIA NETO,"RUA DOS OPERÁRIOS, S/N",1082,ESCOLA DE EDUCAÇÃO BÁSICA PROFESSOR JOSÉ FARIA NETO,"RUA DOS OPERÁRIOS, S/N",IBICUI,0
80691,7,1090,ESCOLA BÁSICA PROFESSORA ANTÔNIA CORREA MENDES,"ESTRADA GERAL, S/N",1090,ESCOLA BÁSICA PROFESSORA ANTÔNIA CORREA MENDES,"ESTRADA GERAL, S/N",ALTO BELA VISTA,0
80691,7,1112,ESCOLA MULTISSERIADA ENCRUZILHADA,"ESTRADA GERAL, S/N",1112,ESCOLA MULTISSERIADA ENCRUZILHADA,"ESTRADA GERAL, S/N",ENCRUZILHADA,0
80691,7,1120,ESCOLA ISOLADA SÃO SIMÃO PANHO,"ESTRADA GERAL, S/N",1120,ESCOLA ISOLADA SÃO SIMÃO PANHO,"ESTRADA GERAL, S/N",SÃO SIMÃO,0
80691,7,1147,ESCOLA MULTISSERIADA PROFESSORA ANDREIA DURIGON,"ESTRADA GERAL, S/N",1147,ESCOLA MULTISSERIADA PROFESSORA ANDREIA DURIGON,"ESTRADA GERAL, S/N",GUARANI,0
80691,7,1155,SALÃO COMUNITÁRIO SANTA BÁRBARA,"ESTRADA GERAL, S/N",1155,SALÃO COMUNITÁRIO SANTA BÁRBARA,"ESTRADA GERAL, S/N",SANTA BÁRBARA - COLÔNIA HIPÓLITO,0
80691,7,1201,ESCOLA ISOLADA MUNICIPAL PROFESSORA CARLOTINA CORDEIRO ANTUNES,"ESTRADA GERAL, S/N",1201,ESCOLA ISOLADA MUNICIPAL PROFESSORA CARLOTINA CORDEIRO ANTUNES,"ESTRADA GERAL, S/N",PACHECO,0
80691,7,1236,ESCOLA DE EDUCAÇÃO FUNDAMENTAL RAFAEL DALPAI,"ESTRADA GERAL, S/N",1236,ESCOLA DE EDUCAÇÃO FUNDAMENTAL RAFAEL DALPAI,"ESTRADA GERAL, S/N",DAL PAI,0
80691,7,1309,ESCOLA MULTISSERIADA PROFª LIDES TEREZINHA DETOFFOL TITON,"ESTRADA GERAL, S/N",1309,ESCOLA MULTISSERIADA PROFª LIDES TEREZINHA DETOFFOL TITON,"ESTRADA GERAL, S/N",ASSENTAMENTO SÃO JOSÉ,0
80691,7,1457,SALAO DE FESTAS SAO FRANCISCO,"ESTRADA GERAL, S/N",1457,SALAO DE FESTAS SAO FRANCISCO,"ESTRADA GERAL, S/N",SÃO FRANCISCO,0
80691,7,1465,ESCOLA MULTISSERIADA PINHAL PRETO,"ESTRADA GERAL, S/N",1465,ESCOLA MULTISSERIADA PINHAL PRETO,"ESTRADA GERAL, S/N",PINHAL PRETO,0
80691,7,1481,SALÃO COMUNITÁRIO BOA ESPERANCA,"ESTRADA GERAL, S/N",1481,SALÃO COMUNITÁRIO BOA ESPERANCA,"ESTRADA GERAL, S/N",BOA ESPERANÇA,0
80691,7,1651,ESCOLA ISOLADA PADRE JÓSIMO TAVARES,"ESTRADA GERAL, S/N",1651,ESCOLA ISOLADA PADRE JÓSIMO TAVARES,"ESTRADA GERAL, S/N",ASSENTAMENTO 30 DE OUTUBRO,0
80691,7,1708,GRUPO ESCOLAR MUNICIPAL JARDIM BELA VISTA,"RUA VERGINIO CENI, S/N",1708,GRUPO ESCOLAR MUNICIPAL JARDIM BELA VISTA,"RUA VERGINIO CENI, S/N",JARDIM BELA VISTA,0
80691,7,1716,CENTRO DE EDUCAÇÃO INFANTIL MUNICIPAL PROFª MARILENE RUPP BAGATINI,"RUA BENONI DE OLIVEIRA LEMOS, S/N",1716,CENTRO DE EDUCAÇÃO INFANTIL MUNICIPAL PROFª MARILENE RUPP BAGATINI,"RUA BENONI DE OLIVEIRA LEMOS, S/N",BOA VISTA,0
80691,7,1724,ESCOLA ISOLADA PROFESSORA MARIA GORETE DELAVI BECKER,"RODOVIA BR 282 KM, S/N",1724,ESCOLA ISOLADA PROFESSORA MARIA GORETE DELAVI BECKER,"RODOVIA BR 282 KM, S/N",REASSENTAMENTO GERASUL,0
80691,7,1732,ESCOLA SÃO JOÃO DOS CAMPOS NOVOS,"ESTRADA GERAL, S/N",1732,ESCOLA SÃO JOÃO DOS CAMPOS NOVOS,"ESTRADA GERAL, S/N",NOVA MACHADINHO,0
80691,7,1740,ESCOLA MUNICIPAL DE ENSINO FUNDAMENTAL ANDRÉ REBOUÇAS,"ESTRADA GERAL, S/N",1740,ESCOLA MUNICIPAL DE ENSINO FUNDAMENTAL ANDRÉ REBOUÇAS,"ESTRADA GERAL, S/N",BARRA DO LEÃO,0
80691,7,1759,SALÃO COMUNITÁRIO DE LINHA POCINHOS,"ESTRADA GERAL, S/N",1759,SALÃO COMUNITÁRIO DE LINHA POCINHOS,"ESTRADA GERAL, S/N",BARRA DO LEÃO,0
80691,7,1767,GINÁSIO DA COMUNIDADE RIO PARDO,"ESTRADA GERAL, S/N",1767,GINÁSIO DA COMUNIDADE RIO PARDO,"ESTRADA GERAL, S/N",BARRA DO LEÃO,0
80713,31,1015,ESCOLA DE EDUCAÇÃO BÁSICA PROFESSORA HERMÍNIA ALVES REIS,"AV. PREFEITO SILVESTRE NUNES, 901",1015,ESCOLA PROFESSORA HERMÍNIA ALVES REIS - AREIAO,"AV. PREFEITO SILVESTRE NUNES, 901",AREIAO,0
80713,31,1023,ESCOLA DE EDUCAÇÃO BÁSICA PROFESSORA MINERVINA LAUS,"ROD. SC. 411, KM. 12,  N. 2423",1023,ESCOLA PROFESSORA MINERVINA LAUS,"ROD. SC. 411, KM. 12,  N. 2423",CENTRO,0
80713,31,1031,ESCOLA DE EDUCAÇÃO BÁSICA BARTOLOMEU DA SILVA,"RUA VEREADOR OTAVIANO ANGELO DAROSCI, N. 63",1031,ESCOLA BARTOLOMEU DA SILVA - MOURA,"RUA VEREADOR OTAVIANO ANGELO DAROSCI, N. 63",MOURA,0
80713,31,1058,ESCOLA DE EDUCAÇÃO BÁSICA SENADOR FRANCISCO BENJAMIN GALLOTTI,"RUA AMBROZIO BORGONOVO, 41",1058,ESCOLA SEN. FRANCISCO BENJAMIN GALLOTTI - GALERA,"RUA AMBROZIO BORGONOVO, 41",GALERA,0
80713,31,1066,ESCOLA DE EDUCAÇÃO BÁSICA MUNICIPAL FAZENDA VITÓRIA,"RUA ANTERO JOSÉ DIAS, N. 893",1066,ESCOLA ODILIA WALTRICK DIAS/FAZENDA VITÓRIA - PORTO DA GALERA,"RUA ANTERO JOSÉ DIAS, N. 893",PORTO DA GALERA,0
80713,31,1074,ESCOLA DE EDUCAÇÃO BÁSICA MUNICIPAL CANTÓRIO FLORENTINO DA SILVA,"RUA JOÃO BUSNARDO, N. 160",1074,ESCOLA CANTÓRIO FLORENTINO DA SILVA - INDIA,"RUA JOÃO BUSNARDO, N. 160",INDIA,0
80713,31,1082,ESCOLA DE EDUCAÇÃO BÁSICA MUNICIPAL COBRE,"RUA MANOEL REINALDO CORREIA, N. 115",1082,ESCOLA FLÁVIA GODINHO MAFRA - COBRE,"RUA FRANCISCO JOSÉ REIS, 110",COBRE,0
80713,31,1090,ESCOLA DE EDUCAÇÃO BÁSICA MUNICIPAL PROFESSORA REALINA FELLER ROBERTI,"RUA FRANCISCO DAMIÃO GARCIA, S/N, MARUIM",1090,ESCOLA PROFESSORA REALINA FELLER ROBERTI - MOURA,"RUA FRANCISCO DAMIÃO GARCIA, S/N",MOURA,0
80713,31,1104,CENTRO DE EDUCAÇÃO INFANTIL CAROCHINHA,"RUA JOÃO GOMES, S/N",1104,CMEI CAROCHINHA - PAPAGAIOS,"RUA JOÃO GOMES, S/N",PAPAGAIOS,0
80730,8,1015,ESCOLA DE ENSINO FUNDAMENTAL SAGRADO CORAÇÃO DE JESUS,"RUA BARÃO DO RIO BRANCO, 1182",1015,ESCOLA DE ENSINO FUNDAMENTAL SAGRADO CORAÇÃO DE JESUS,"RUA BARÃO DO RIO BRANCO, 1182",CENTRO,0
80730,8,1430,FUNDAÇÃO UNIVERSIDADE DO CONTESTADO - UNC,"RUA ROBERTO HELKE, 86",1430,FUNDAÇÃO UNIVERSIDADE DO CONTESTADO - UNC,"RUA ROBERTO HELKE, 86",CENTRO,0
80730,8,1481,ESCOLA DE EDUCAÇÃO BÁSICA GERTRUDES MULLER,"RUA CATARINA DE SOUZA HUBNER, 116",1481,ESCOLA DE EDUCAÇÃO BÁSICA GERTRUDES MULLER,"RUA CATARINA DE SOUZA HUBNER, 116",PIEDADE,0
80730,8,1082,COLÉGIO ESTADUAL PROFESSOR MANOEL DA SILVA QUADROS,"RUA BERNARDO OLSEN, 4602",1082,ESCOLA EDUCAÇÃO BÁSICA PROFESSOR MANOEL DA SILVA QUADROS,"RUA BERNARDO OLSEN, 4602",MARCÍLIO DIAS,0
80730,8,1090,PAVILHÃO DA IGREJA DE PIEDADE TAUNAY,"ESTRADA PRINCIPAL, S/N",1090,PAVILHÃO DA IGREJA DE PIEDADE TAUNAY,"ESTRADA PRINCIPAL, S/N",TAUNAY,0
80730,8,1104,PAVILHÃO DA IGREJA DA FARTURA DO MEIO,"ESTRADA PRINCIPAL, S/N",1104,PAVILHÃO DA IGREJA DA FARTURA DO MEIO,"ESTRADA PRINCIPAL, S/N",FARTURA DO MEIO,0
80730,8,1350,ESCOLA BÁSICA MUNICIPAL GUILHERMINA MARIA VEIGA FERREIRA,"ESTRADA PRINCIPAL, S/N",1350,ESCOLA BÁSICA MUNICIPAL GUILHERMINA MARIA VEIGA FERREIRA,"ESTRADA PRINCIPAL, S/N",ARROIOS,0
80730,8,1147,PAVILHÃO DA IGREJA DE PINHEIROS,"ESTRADA PRINCIPAL, S/N",1147,PAVILHÃO DA IGREJA DE PINHEIROS,"ESTRADA PRINCIPAL, S/N",PINHEIROS,0
80730,8,1163,ESCOLA BÁSICA MUNICIPAL DE BARRA MANSA,"ESTRADA PRINCIPAL, S/N",1163,ESCOLA BÁSICA MUNICIPAL DE BARRA MANSA,"ESTRADA PRINCIPAL, S/N",BARRA MANSA,0
80730,8,1171,ESCOLA BÁSICA MUNICIPAL BENEDITO TERÉZIO DE CARVALHO,"RUA JOÃO MARIA DA SILVA, 100",1171,ESCOLA BÁSICA MUNICIPAL BENEDITO TERÉZIO DE CARVALHO,"RUA JOÃO MARIA DA SILVA, 100",FELIPE SCHMIDT,0
80730,8,1180,PAVILHÃO DA IGREJA DE VALINHOS,"ESTRADA PRINCIPAL, S/N",1180,PAVILHÃO DA IGREJA DE VALINHOS,"ESTRADA PRINCIPAL, S/N",VALINHOS,0
80730,8,1198,ESCOLA RURAL MUNICIPAL PROFESSORA EDEMITA CONCEIÇÃO ROSA,"ESTRADA PRINCIPAL, S/N",1198,ESCOLA RURAL MUNICIPAL PROFESSORA EDEMITA CONCEIÇÃO ROSA,"ESTRADA PRINCIPAL, S/N",PAULA PEREIRA,0
80730,8,1201,PAVILHÃO DA IGREJA DE SANTA LEOCADIA,"RODOVIA PRINCIPAL, S/N",1201,PAVILHÃO DA IGREJA DE SANTA LEOCADIA,"RODOVIA PRINCIPAL, S/N",SANTA LEOCÁDIA,0
80730,8,1236,PAVILHÃO DA IGREJA DE SEREIA,"ESTRADA PRINCIPAL, S/N",1236,PAVILHÃO DA IGREJA DE SEREIA,"ESTRADA PRINCIPAL, S/N",SEREIA,0
80730,8,1252,CENTRO DE EDUCAÇÃO INFANTIL SANTA BÁRBARA,"ESTRADA PRINCIPAL, S/N",1252,CENTRO DE EDUCAÇÃO INFANTIL SANTA BÁRBARA,"ESTRADA PRINCIPAL, S/N",RIO DOS PARDOS,0
80730,8,1260,PAVILHÃO DA IGREJA DE PACIÊNCIA DOS NEVES,"ESTRADA PRINCIPAL, S/N",1260,PAVILHÃO DA IGREJA DE PACIÊNCIA DOS NEVES,"ESTRADA PRINCIPAL, S/N",PACIÊNCIA DOS NEVES,0
80730,8,1287,ESCOLA BÁSICA MUNICIPAL JOSÉ GROSSKOPF,"RUA MÁRIO JOÃO MAYER, 555",1287,ESCOLA BÁSICA MUNICIPAL JOSÉ GROSSKOPF,"RUA MÁRIO JOÃO MAYER, 555",ÁGUA VERDE,0
80730,8,1295,ESCOLA DE EDUCAÇÃO BÁSICA RODOLFO ZIPPERER,"AVENIDA EXPEDICIONÁRIOS, 566",1295,ESCOLA DE EDUCAÇÃO BÁSICA RODOLFO ZIPPERER,"AVENIDA EXPEDICIONÁRIOS, 566",CAMPO D'ÁGUA VERDE,0
80730,8,1708,PAVILHÃO DA IGREJA DE ANTA GORDA,ESTRADA PRINCIPAL,1708,PAVILHÃO DA IGREJA DE ANTA GORDA,ESTRADA PRINCIPAL,ANTA GORDA,0
80730,8,1333,PAVILHÃO DA IGREJA DE ENCRUZILHADA,"RODOVIA BR 280, S/N",1333,PAVILHÃO DA IGREJA DE ENCRUZILHADA,"RODOVIA BR 280, S/N",ENCRUZILHADA,0
80730,8,1368,PAVILHÃO DA IGREJA DE SERRA DAS MORTES,"ESTADA PRINCIPAL, S/N",1368,PAVILHÃO DA IGREJA DE SERRA DAS MORTES,"ESTADA PRINCIPAL, S/N",SERRA DAS MORTES,0
80730,8,1376,PAVILHÃO DA IGREJA DE RIO D'AREIA DE BAIXO,"RODOVIA BR 280, KM 25",1376,PAVILHÃO DA IGREJA DE RIO D'AREIA DE BAIXO,"RODOVIA BR 280, KM 25",RIO D'AREIA DE BAIXO,0
80730,8,1384,ESCOLA BÁSICA MUNICIPAL ALBERTO WARDENSKI,"ESTRADA PRINCIPAL, S/N",1384,ESCOLA BÁSICA MUNICIPAL ALBERTO WARDENSKI,"ESTRADA PRINCIPAL, S/N",SALTO D'ÁGUA VERDE,0
80730,8,1392,ESCOLA BÁSICA MUNICIPAL MARIA IZABEL DE LIMA CUBAS,"ESTRADA PRINCIPAL, S/N",1392,ESCOLA BÁSICA MUNICIPAL MARIA IZABEL DE LIMA CUBAS,"ESTRADA PRINCIPAL, S/N",RIO D'AREIA DO MEIO,0
80730,8,1406,ESCOLA MUNICIPAL DE TAQUARIZAL,"ESTRADA PRINCIPAL, S/N",1406,ESCOLA RURAL MUNICIPAL CAMPO DOS BUENOS,"ESTRADA PRINCIPAL, S/N",CAMPO DOS BUENOS,0
80730,8,1414,ESCOLA BÁSICA MUNICIPAL PRESIDENTE CASTELO BRANCO,"RUA 1 DE MAIO, 160",1414,ESCOLA BÁSICA MUNICIPAL PRESIDENTE CASTELO BRANCO,"RUA 1 DE MAIO, 160",INDUSTRIAL I,0
80730,8,1422,ESCOLA DE EDUCAÇÃO BÁSICA IRMÃ MARIA FELÍCITAS,"RUA AGENOR FÁBIO GOMES, 100",1422,ESCOLA DE EDUCAÇÃO BÁSICA IRMÃ MARIA FELÍCITAS,"RUA AGENOR FÁBIO GOMES, 100",ALTO DAS PALMEIRAS,0
80730,8,1465,ESCOLA DE EDUCAÇÃO BÁSICA JÚLIA BALEOLI ZANIOLO,"RUA JACOB SCHEUER, 152",1465,ESCOLA DE EDUCAÇÃO BÁSICA JÚLIA BALEOLI ZANIOLO,"RUA JACOB SCHEUER, 152",INDUSTRIAL II,0
80730,8,1490,ESCOLA BÁSICA MUNICIPAL PROFESSORA ALZIRINHA DA SILVA CORRÊA,"RUA LOACIR MUNIZ RIBAS, 50",1490,ESCOLA BÁSICA MUNICIPAL PROFESSORA ALZIRINHA DA SILVA CORRÊA,"RUA LOACIR MUNIZ RIBAS, 50",ÁGUA VERDE,0
80730,8,1511,PAVILHÃO DA IGREJA DE HERVAL BONITO,"ESTRADA PRINCIPAL, S/N",1511,PAVILHÃO DA IGREJA DE HERVAL BONITO,"ESTRADA PRINCIPAL, S/N",HERVAL BONITO,0
80730,8,1520,ESCOLA RURAL MUNICIPAL BONETES DE CIMA,"ESTRADA PRINCIPAL, S/N",1520,ESCOLA RURAL MUNICIPAL BONETES DE CIMA,"ESTRADA PRINCIPAL, S/N",BONETES,0
80730,8,1538,ESCOLA MUNICIPAL DE SANTA EMIDIA,"ESTRADA PRINCIPAL, S/N",1538,ESCOLA MUNICIPAL DE SANTA EMÍDIA,"ESTRADA PRINCIPAL, S/N",SANTA EMÍDIA,0
80730,8,1597,PAVILHÃO DA IGREJA DO PARADO,"ESTRADA PRINCIPAL, S/N",1597,PAVILHÃO DA IGREJA DO PARADO,"ESTRADA PRINCIPAL, S/N",PARADO,0
80730,8,1635,PAVILHÃO DA IGREJA DE ENTRE RIOS,"ESTRADA PRINCIPAL, S/N",1635,PAVILHÃO DA IGREJA DE ENTRE RIOS,"ESTRADA PRINCIPAL, S/N",ENTRE RIOS,0
80730,8,1686,GRUPO ESCOLAR MUNICIPAL MENINO JESUS,"ESTRADA PRINCIPAL, S/N",1686,GRUPO ESCOLAR MUNICIPAL MENINO JESUS,"ESTRADA PRINCIPAL, S/N",FARTURA DE BAIXO,0
80730,8,1660,ESCOLA MUNICIPAL ACHILLES PAZDA,"ESTRADA PRINCIPAL, S/N",1660,ESCOLA MUNICIPAL ACHILLES PAZDA,"ESTRADA PRINCIPAL, S/N",RIO DO PINHO,0
81248,104,1015,ESCOLA DE EDUCAÇÃO BÁSICA EMILIANO RAMOS,"RUA ATANÁSIO SILVA, N. 125",1015,ESCOLA DE EDUCAÇÃO BÁSICA EMILIANO RAMOS,"RUA ATANÁSIO SILVA, N. 125",CENTRO,0
81248,104,1023,ESCOLA MUNICIPAL GOERINO GODOI DE SOUZA,"ESTRADA GERAL, S/N",1023,ESCOLA MUNICIPAL GOERINO GODOI DE SOUZA,"ESTRADA GERAL, S/N",LOCALIDADE SANTO ANTONIO DO PELOTAS,0
81248,104,1058,SALÃO DE FESTAS IGREJA SANTA TEREZA,"ESTRADA GERAL KM 14, S/N",1058,SALÃO DE FESTAS IGREJA SANTA TEREZA KM 14,"ESTRADA GERAL KM 14, S/N",LOCALIDADE DE KM 14,0
81248,104,1090,ESCOLA BÁSICA BELIZÁRIO JOSÉ LUIZ,"RODOVIA BR 116, S/N",1090,ESCOLA BÁSICA BELIZÁRIO JOSÉ LUIZ,"RODOVIA BR 116, S/N",VACAS GORGAS,0
81248,104,1112,SALÃO DE FESTAS DA IGREJA NOSSA SENHORA DE FÁTIMA,"ESTRADA GERAL, S/N",1112,SALÃO DE FESTAS DA IGREJA NOSSA SENHORA DE FÁTIMA,"ESTRADA GERAL, S/N",LOCALIDADE VACAS GORDAS,0
81248,104,1031,SALAO PAROQUIAL IGREJA SANTA ANA,"ESTRADA GERAL, S/N",1031,SALAO PAROQUIAL IGREJA SANTA ANA,"ESTRADA GERAL, S/N",LOCALIDADE COXILHA RICA VIGIA,0
80756,37,1015,ESCOLA DE EDUCAÇÃO BÁSICA BELISÁRIO PENA,"RUA DONA LINDA SANTOS, N. 605",1015,ESCOLA DE EDUCAÇÃO BÁSICA BELISÁRIO PENA,RUA DONA LINDA SANTOS,CENTRO,9
80756,37,1112,COLEGIO ESTADUAL MATER DOLORUM,"RUA COSEMINO EPIFANI, 125 FONE (49) 3555 1233",1112,COLEGIO ESTADUAL MATER DOLORUM,RUA COSEMINO EPIFANI,CENTRO,9
80756,37,1031,ESCOLA MUNICIPAL ERNESTO HACHMANN,"ESTRADA GERAL, S/N FONE (49) 3555 1596",1031,ESCOLA MUNICIPAL ERNESTO HACHMANN,ESTRADA GERAL,BARRO PRETO,14
80756,37,1040,ESCOLA MUNICIPAL DR. VILSON PEDRO KLEINUBING,"RUA SANTO DOMÊNICO CALZA, N. 45, FONE (49) 3555 1122  E 3555 3162",1040,ESCOLA MUNICIPAL DR. VILSON PEDRO KLEINUBING,RUA SANTO DOMÊNICO CALZA,SÃO CRISTOVÃO,13
80756,37,1090,ESCOLA MUNIPAL IVO SILVEIRA,"ESTRADA GERAL, S/N FONE (49) 3555 1521",1090,ESCOLA MUNIPAL IVO SILVEIRA,ESTRADA GERAL ERMINDO CAMPIONI,DISTRITO ALTO ALEGRE,28
80756,37,1074,ESCOLAS REUNIDAS CARLOS JAIME DA ROCHA,ESTRADA GERAL,1074,ESCOLAS REUNIDAS CARLOS JAIME DA ROCHA,ESTRADA GERAL,LINDEMBERG,30
80756,37,1104,PAVILHÃO COMUNITÁRIO DA CAPELA ENGENHO NOVO,"RODOVIA SC 303 KM, S/N",1104,PAVILHÃO COMUNITÁRIO DA CAPELA ENGENHO NOVO,RODOVIA SC 150,ENGENHO NOVO,100
80756,37,1139,ESCOLA ISOLADA SAO ROQUE,"ESTRADA GERAL, S/N FONE (49) 3555 2223",1139,ESCOLA ISOLADA SAO ROQUE,ESTRADA GERAL,LINHA SÃO ROQUE,348
80756,37,1147,ESCOLA BASICA SAO CRISTOVAO,"RUA ACESSO CIDADE ALTA, S/N FONE (49) 3555 2188",1147,ESCOLA BASICA SAO CRISTOVAO,RUA ACESSO CIDADE ALTA,SÃO CRISTOVÃO,29
80756,37,1155,ESCOLA MUNICIPAL VISTA ALEGRE,"ESTRADA GERAL, S/N",1155,ESCOLA MUNICIPAL VISTA ALEGRE,ESTRADA GERAL,VISTA ALEGRE,118
80756,37,1171,ESCOLA MUNICIPAL VIDAL RAMOS,"ESTRADA GERAL, S/N FONE (49) 3555 1700 R 0",1171,ESCOLA MUNICIPAL VIDAL RAMOS,ESTRADA GERAL,VIDAL RAMOS,21
80756,37,1198,ESCOLA MUNICIPAL BERNARDO MORO SOBRINHO,"RUA DANILO GALILEU CALDURO PICCOLI, N. 400 FONE (49) 3555 1066",1198,ESCOLA MUNICIPAL BERNARDO MORO SOBRINHO,"RUA DANILO GALILEU CALDURO PICCOLI, N. 400",LOT. VILA 7 DE JULHO,48
80756,37,1252,ESCOLA MUNICIPAL VIVER E CONHECER,"RUA GRACIA GRAMAZIO PEREIRA DE LIMA, N. 15",1252,ESCOLA MUNICIPAL VIVER E CONHECER,RUA GRACIA GRAMAZIO PEREIRA DE LIMA,LOT. SÃO JOÃO,29
81027,99,1031,E.E.B. TEREZA MARTINS DE BRITTO,"RUA CASSEMIRO DE ABREU, N. 463 - TEL. 48 36319244",1031,E.E.B. TEREZA MARTINS DE BRITTO,"RUA CASSEMIRO DE ABREU, N. 463 - TEL. 48 36319244",CENTRO,0
81027,99,1082,E.E.B. DOUTOR OTTO FEUERSCHUETTE,"RUA RAIMUNDO CORREA,  N. 100",1082,E.E.B. DOUTOR OTTO FEUERSCHUETTE,"RUA RAIMUNDO CORREA,  N. 100",CENTRO,0
81027,99,1155,EEB. GENERAL OSVALDO PINTO DA VEIGA,"RUA DEPUTADO FRANCISCO DE SOUZA NEVES, 1196",1155,EEB. GENERAL OSVALDO PINTO DA VEIGA,"RUA DEPUTADO FRANCISCO DE SOUZA NEVES, 1196",CENTRO,0
81027,99,1040,E.M.E.B. STANISLAU GAIDZINSKI FILHO (SENAI ANTIGO),"RUA ARNALDO SANTIAGO, N. 70",1040,E.M.E.B. STANISLAU GAIDZINSKI FILHO (SENAI ANTIGO),"RUA ARNALDO SANTIAGO, N. 70",CENTRO,0
81027,99,1147,SENAI - SERVIÇO NACIONAL DE APRENDIZAGEM INDUSTRIAL,AV. SALVADOR JOAQUIM NUNES,1147,SENAI - SERVIÇO NACIONAL DE APRENDIZAGEM INDUSTRIAL,AV. SALVADOR JOAQUIM NUNES,ALVORADA,0
81027,99,1066,ESCOLA MUNICIPAL VITÓRIO MARCON,"RUA JOSÉ DE SOUZA BALDOINO, N. 293",1066,ESCOLA MUNICIPAL VITÓRIO MARCON,"RUA JOSÉ DE SOUZA BALDOINO, N. 293",ILHOTINHA,0
81027,99,1120,E.E.B. SÃO JOÃO BATISTA,"RUA JOSÉ ANASTÁCIO TEIXEIRA,  N 2280",1120,E.E.B. SÃO JOÃO BATISTA,"RUA JOSÉ ANASTÁCIO TEIXEIRA,  N 2280",VILA FLOR,0
81027,99,1090,CIEP - E.E.B.M. DOM ANSELMO PEITRULLA,"RUA CARLOS CHAGAS, N. 700",1090,CIEP - E.E.B.M. DOM ANSELMO PEITRULLA,"RUA CARLOS CHAGAS, N. 700",CAÇADOR,0
81027,99,1112,ESCOLA MUNICIPAL SANTO ANDRÉ,"RUA DANIEL TOMAZ OLIVEIRA, N. 158",1112,ESCOLA MUNICIPAL SANTO ANDRÉ,"RUA DANIEL TOMAZ OLIVEIRA, N. 158",SANTO ANDRÉ,0
81027,99,1139,ASSOCIAÇÃO DOS MORADORES DA VILA PARAÍSO,"R. BENONI VICENTE, N. 120",1139,ASSOCIAÇÃO DOS MORADORES DA VILA PARAÍSO,"R. BENONI VICENTE, N. 120",VILA FLOR,0
80772,18,1023,COLÉGIO ESTADUAL IRMÃ WIENFRIDA,"RUA SEVERIANO GUERREIRO, S/N",1023,COLÉGIO ESTADUAL IRMÃ WIENFRIDA,"RUA SEVERIANO GUERREIRO, S/N",CENTRO,0
80772,18,1031,ESCOLA MUNICIPAL AUGUSTINHO MARCON,"RUA ALFREDO GOMES, S/N",1031,ESCOLA MUNICIPAL AUGUSTINHO MARCON,"RUA ALFREDO GOMES, S/N",CIDADE JARDIM,0
80772,18,1058,PAVILHÃO COMUNITÁRIO DA LINHA PEDRA LISA,"ESTRADA GERAL, S/N",1058,PAVILHÃO COMUNITÁRIO DA LINHA PEDRA LISA,"ESTRADA GERAL, S/N",LINHA PEDRA LISA,0
80772,18,1252,ESCOLA ISOLADA JACUTINGA,"ESTRADA GERAL - MARGENS BR 282, S/N",1252,PAVILHÃO COMUNITÁRIO DA LINHA JACUTINGA,"ESTRADA GERAL - MARGENS BR 282, S/N",LINHA JACUTINGA,0
80772,18,1147,SALÃO PAROQUIAL,"RUA ALMIRANTE BARROSO, S/N",1147,SALÃO PAROQUIAL,"RUA ALMIRANTE BARROSO, S/N",CENTRO,0
80772,18,1279,ESCOLA MUNICIPAL DE EDUCAÇÃO BÁSICA ALFREDO GOMES,"RUA CORONEL RUPP, S/N",1279,ESCOLA MUNICIPAL DE EDUCAÇÃO BÁSICA ALFREDO GOMES,"RUA CORONEL RUPP, S/N",CENTRO-OESTE,0
80772,18,1295,E.M.E. BÁSICA PROF. VITOLDO ALEXANDRE CZECH,"RUA FRITZ CARL, N. 741",1295,E.M.E. BÁSICA PROF. VITOLDO ALEXANDRE CZECH,"RUA FRITZ CARL, N. 741",SEBALDO KUNZ,0
80799,70,1015,E. E. B. CANDIDO RAMOS,"RUA DEMETRIO ALVES DA SILVA, N. 27",1015,E. E. B. CANDIDO RAMOS,"RUA DEMETRIO ALVES DA SILVA, N. 27",CENTRO,0
80799,70,1074,SALÃO COMUNITÁRIO DA LINHA ENGENHO VELHO,"ESTRADA GERAL, S/N",1074,SALÃO COMUNITÁRIO DA LINHA ENGENHO VELHO,"ESTRADA GERAL, S/N",LINHA ENGENHO VELHO,0
80799,70,1104,E. E. F. ADELE FACCIN ZANUZZO,"ESTRADA GERAL, S/N",1104,E. E. F. ADELE FACCIN ZANUZZO,"ESTRADA GERAL, LINHA DOM JOSÉ",LINHA DOM JOSE,0
80799,70,1147,SALÃO COMUNITÁRIO DA LINHA SÃO FÉLIX,"ESTRADA GERAL, S/N",1147,SALÃO COMUNITÁRIO DA LINHA SÃO FÉLIX,"ESTRADA GERAL, S/N",LINHA SAO FELIX,0
80268,52,1023,ESCOLA MUNICIPAL SÃO PEDRO,RODOVIA SC 458,1023,ESCOLA MUNICIPAL SÃO PEDRO,RODOVIA SC 458,SÃO PEDRO,6
80268,52,1015,ESCOLA DE EDUCAÇÃO BÁSICA JOSÉ CESÁRIO BRASIL,"RUA PROFESSOR AURÉLIO SPAGNOLI, S/N",1015,ESCOLA DE EDUCAÇÃO BÁSICA JOSÉ CESÁRIO BRASIL,"RUA PROFESSOR AURÉLIO SPAGNOLI, S/N",CENTRO,34
80268,52,1031,SALÃO COMUNITÁRIO ENTRE RIOS,"ESTRADA GERAL, S/N",1031,SALÃO COMUNITÁRIO ENTRE RIOS,"ESTRADA GERAL, S/N",NOSSA SENHORA SALETE,16
80268,52,1040,ESCOLA MUNICIPAL SANTO ANTÔNIO,"RODOVIA SC 458, S/N",1040,ESCOLA MUNICIPAL SANTO ANTÔNIO,"RODOVIA SC 458, S/N",SANTO ANTÔNIO,113
80381,52,1015,ESCOLA DE EDUCAÇÃO BÁSICA PROFESSORA OTILIA ULYSSEA UNGARETTI,"RUA OTAVIANO KLEY, 98",1015,ESCOLA DE EDUCAÇÃO BÁSICA PROFESSORA OTILIA ULYSSEA UNGARETTI,"RUA OTAVIANO KLEY, 98",CENTRO,14
80381,52,1023,SALÃO DA IGREJA TANQUE,"ESTRADA GERAL, S/N",1023,SALÃO DA IGREJA TANQUE,"ESTRADA GERAL, S/N",TANQUE,3
80381,52,1031,NUCLEO MUNICIPAL JOAO RODRIGUES DA SILVA,"ESTRADA GERAL, S/N",1031,NUCLEO MUNICIPAL JOAO RODRIGUES DA SILVA,"ESTRADA GERAL, S/N",ARAÇÁ,11
80381,52,1040,SALÃO COMUNITÁRIO SÃO JORGE,"ESTRADA GERAL, S/N",1040,SALÃO COMUNITÁRIO SÃO JORGE,"ESTRADA GERAL, S/N",SÃO JORGE,9
80381,52,1058,SALÃO COMUNITÁRIO SAGRADO CORAÇÃO DE JESUS,"ESTRADA GERAL, S/N",1058,SALÃO COMUNITÁRIO SAGRADO CORAÇÃO DE JESUS,"ESTRADA GERAL, S/N",SAGRADO CORAÇÃO DE JESUS,13
80381,52,1074,NUCLEO MUNICIPAL ORIVAL DE OLIVEIRA BRANCO,"ESTRADA GERAL, S/N",1074,NUCLEO MUNICIPAL ORIVAL DE OLIVEIRA BRANCO,"ESTRADA GERAL, S/N",SÃO ROQUE,17
80381,52,1090,SALÃO DA IGREJA VILA CAMARGOS,"ESTRADA GERAL, S/N",1090,SALÃO DA IGREJA VILA CAMARGOS,"ESTRADA GERAL, S/N",BARRA DOS CAMARGOS,10
80381,52,1104,ESCOLA MUNICIPAL PEDRO RODRIGUES DE BARROS,"ESTRADA GERAL, S/N",1104,ESCOLA MUNICIPAL PEDRO RODRIGUES DE BARROS,"ESTRADA GERAL, S/N",CAMPINHO,101
80381,52,1260,NÚCLEO MUNICIPAL PEDRO AUTA CARDOSO,ESTRADA GERAL VARGEM DOS BENEDITOS,1260,NÚCLEO MUNICIPAL PEDRO AUTA CARDOSO,ESTRADA GERAL VARGEM DOS BENEDITOS,VARGEM DOS BENEDITOS,15
80381,52,1287,SALÃO DA IGREJA NOSSA SENHORA DAS GRAÇAS,"ESTRADA GERAL, S/N",1287,SALÃO DA IGREJA NOSSA SENHORA DAS GRAÇAS,"ESTRADA GERAL, S/N",RAITHZ,26
81701,39,1015,ESCOLA MUNICIPAL RIO SALTINHO,"RUA GERAL RIO SALTINHO, S/N",1015,ESCOLA DESATIVADA RIO SALTINHO,"RUA GERAL RIO SALTINHO, S/N",RIO SALTINHO,0
81701,39,1023,COLÉGIO ESTADUAL OTÍLIA MULLER,"RUA 29 NOVEMBRO, S/N",1023,COLÉGIO ESTADUAL OTÍLIA MULLER,"RUA 29 NOVEMBRO, S/N",CENTRO,0
81701,39,1090,GINÁSIO DE ESPORTE FIGUEIREDO,"RUA GERAL, S/N",1090,GINÁSIO DE ESPORTE FIGUEIREDO,"RUA GERAL, S/N",FIGUEIREDO,0
81701,39,1058,CENTRO COMUNITÁRIO FLORESTAL,"ESTRADA GERAL FLORESTAL, S/N",1058,CENTRO COMUNITÁRIO FLORESTAL,"ESTRADA GERAL FLORESTAL, S/N",FLORESTAL,0
80810,35,1104,COLEGIO MARISTA SAO FRANCISCO,"RUA MARECHAL FLORIANO PEIXOTO, N. 550-L",1104,COLEGIO MARISTA SAO FRANCISCO,"RUA MARECHAL FLORIANO PEIXOTO, N. 550-L",CENTRO,0
80810,35,1058,ESCOLA DE EDUCAÇÃO BÁSICA MARECHAL BORMANN,"TRAVESSA BRASIL, N. 31- D",1058,ESCOLA DE EDUCAÇÃO BÁSICA MARECHAL BORMANN,"TRAVESSA BRASIL, N. 31- D",CENTRO,0
80810,35,1090,ESCOLA DE EDUCACAO BASICA BOM PASTOR,"RUA FLORIANÓPOLIS, 314-E",1090,ESCOLA DE EDUCACAO BASICA BOM PASTOR,"RUA FLORIANÓPOLIS, 314-E",SANTA MARIA,0
80810,35,1473,ESCOLA DE EDUCAÇÃO BÁSICA PEDRO MACIEL,"RUA ASSIS BRASIL, N. 53-D",1473,CENTRO DE CULTURA E EVENTOS PLÍNIO ARLINDO DE NÊS,"RUA ASSIS BRASIL, N. 20-D",MARIA GORETTI,0
80810,35,1171,ESCOLA DE EDUCAÇÃO BÁSICA PROFESSORA IRENE STONOGA,"RUA MARECHAL DEODORO DA FONSECA, N. 1310-D",1171,ESCOLA DE EDUCAÇÃO BÁSICA PROFESSORA IRENE STONOGA,"RUA MARECHAL DEODORO DA FONSECA, N. 1310-D",MARIA GORETTI,0
80810,35,2100,E.E.B. PROFESSORA LOURDES ÂNGELA SARTURI LAGO,"RUA CARAMURU, N. 300 E",2100,E.E.B. PROFESSORA LOURDES ÂNGELA SARTURI LAGO,"RUA CARAMURU, N. 300 E",BELA VISTA,0
80810,35,1198,ESCOLA DE EDUCAÇÃO BÁSICA CORONEL LARA RIBAS,"RUA JOHN KENNEDY, N. 1123 E",1198,ESCOLA DE EDUCAÇÃO BÁSICA CORONEL LARA RIBAS,"RUA JOHN KENNEDY, N. 1123 E",PASSO DOS FORTES,0
80810,35,1228,ESCOLA BÁSICA MUNICIPAL PROFESSORA LUIZA SANTIN,"RUA ASSIS BRASIL, N. 710-D",1228,ESCOLA BÁSICA MUNICIPAL PROFESSORA LUIZA SANTIN,"RUA ASSIS BRASIL, N. 710-D",SANTA MARIA,0
80810,35,1244,ESCOLA DE EDUCAÇÃO BÁSICA PROFESSORA ZÉLIA SCHARF,"RUA BORGES DE MEDEIROS, N. 1341 E",1244,ESCOLA DE EDUCAÇÃO BÁSICA PROFESSORA ZÉLIA SCHARF,"RUA BORGES DE MEDEIROS, N. 1341 E",PRESIDENTE MÉDICI,0
80810,35,1287,ESCOLA BÁSICA MUNICIPAL VICTOR MEIRELES,"RUA SÃO JOÃO BATISTA, N. 140-D",1287,ESCOLA BÁSICA MUNICIPAL MANIRA TEREZINHA CLENIS SARQUIS SARTORI,"RUA MANOEL ROLIN DE MOURA, 61 - D",SÃO PEDRO,0
80810,35,1325,ESCOLA BÁSICA MUNICIPAL PADRE JOSÉ DE ANCHIETA,"RUA TAPAJÓS, N. 283-D",1325,ESCOLA BÁSICA MUNICIPAL PADRE JOSÉ DE ANCHIETA,"RUA TAPAJÓS, N. 283-D",UNIVERSITÁRIO,0
80810,35,1341,ESCOLA BASICA MUNICIPAL OLÍMPIO CORREA FIGUEIRÓ,"RUA JOAO FRANCISCO SCHINEIDER, N. 234-D",1341,ESCOLA BASICA MUNICIPAL OLÍMPIO CORREA FIGUEIRÓ,"RUA JOAO FRANCISCO SCHINEIDER, N. 234-D",BELVEDERE,0
80810,35,1430,ESCOLA DE EDUCACAO BÁSICA SÃO FRANCISCO,"RUA NEREU RAMOS, N. 3444-D",1430,ESCOLA DE EDUCACAO BÁSICA SÃO FRANCISCO,"RUA NEREU RAMOS, N. 3444-D",SEMINÁRIO,0
80810,35,1457,ESCOLA BÁSICA MUNICIPAL VILA REAL,"RUA EMÍLIO PALUDO, N. 32-D",1457,ESCOLA BÁSICA MUNICIPAL VILA REAL,"RUA EMÍLIO PALUDO, N. 32-D",VILA REAL,0
80810,35,1600,ESCOLA BASICA MUNICIPAL RODEIO BONITO,"ESTRADA GERAL, S/N",1600,SALÃO COMUNITÁRIO LINHA RODEIO BONITO,"ESTRADA GERAL, S/N",LINHA RODEIO BONITO,0
80810,35,1694,ESCOLA DE EDUCACAO BÁSICA ALÉCIO ALEXANDRE CELLA,"RUA LUIZ CELLA, N. 130-E",1694,ESCOLA BÁSICA MUNICIPAL ALÉCIO ALEXANDRE CELLA,"RUA LUIZ CELLA, N. 130-E",TREVO,0
80810,35,1708,ESCOLA INDÍGENA DE ENSINO FUNDAMENTAL FEN'NÓ,"ESTRADA GERAL, S/N",1708,ESCOLA INDÍGENA DE ENSINO FUNDAMENTAL FEN'NÓ,"ESTRADA GERAL, S/N",LINHA SEDE TRENTIN,0
80810,35,1767,ESCOLA BÁSICA MUNICIPAL ÁGUA AMARELA,RODOVIA AMGELO BALDISSERA S/N,1767,ESCOLA BÁSICA MUNICIPAL ÁGUA AMARELA,RODOVIA AMGELO BALDISSERA S/N,LINHA ÁGUA AMARELA,0
80810,35,1732,ESCOLA BASICA MUNICIPAL LAGEADO LISO,"ESTRADA GERAL, S/N",1732,ESCOLA BASICA MUNICIPAL LAGEADO LISO,"ESTRADA GERAL, S/N",LINHA BARONESA DA LIMEIRA,0
80810,35,1821,SALAO COMUNITARIO DE LINHA CARAVAGIO,"ESTRADA GERAL, S/N FONE (49)  3391-0044",1821,SALAO COMUNITARIO DE LINHA CARAVAGIO,"ESTRADA GERAL, S/N",LINHA CARAVAGIO,0
80810,35,1872,SALAO COMUNITÁRIO DA COMUNIDADE DE LINHA SÃO ROQUE,"ESTRADA CHAPECÓ-SEARA, KM 4, S/N, FONE (49) 3322 3234",1872,SALAO COMUNITÁRIO DA COMUNIDADE DE LINHA SÃO ROQUE,"ESTRADA CHAPECÓ-SEARA, KM 4, S/N",LINHA SÃO ROQUE,0
80810,35,2364,ESCOLA DE EDUCAÇÃO BÁSICA ZITTA FLACH,"RUA GUERRA JUNQUEIRA, N. 3200",2364,ESCOLA DE EDUCAÇÃO BÁSICA ZITTA FLACH,"RUA GUERRA JUNQUEIRA, N. 3200",PASSO DOS FORTES,0
80810,35,2321,C.E.I.M PEQUENO PRÍNCIPE,"RUA IRLANDA, N. 360",2321,C.E.I.M PEQUENO PRÍNCIPE,"RUA IRLANDA, N. 360",PRESIDENTE MÉDICI,0
80810,35,2305,E.B.M. ANDRÉ ANTONIO MARAFON,"RUA ISRAEL, N. 1850 E",2305,E.B.M. ANDRÉ ANTONIO MARAFON,"RUA ISRAEL, N. 1850 E",ESPLANADA,0
80810,94,1481,EEB TANCREDO DE ALMEIDA NEVES,"RUA CURRUÍRA, N. 1055",1481,EEB TANCREDO DE ALMEIDA NEVES,"RUA CURRUÍRA, N. 1055",EFAPI,0
80810,94,1031,EEB DRUZIANA SARTORI,"RUA IRINEU BORNHAUSEN, 607 E",1031,EEB DRUZIANA SARTORI,"RUA IRINEU BORNHAUSEN, 607 E",PALMITAL,0
80810,94,1597,EEB PROF NELSON HOROSTECKI,"AV. PORTO ALEGRE, 819 D",1597,EEB PROF NELSON HOROSTECKI,"AV. PORTO ALEGRE, 819 D",CENTRO,0
80810,94,1058,EBM SEVERIANO ROLIN DE MOURA,"RUA JOÃO ELOI MENDES, N. 823D",1058,EBM SEVERIANO ROLIN DE MOURA,"RUA JOÃO ELOI MENDES, N. 823D",SANTO ANTÔNIO,0
80810,94,1066,EEB CORONEL ERNESTO BERTASO,"RUA CASTRO ALVES, 1104E",1066,EEB CORONEL ERNESTO BERTASO,"RUA CASTRO ALVES, 1104E",SÃO CRISTÓVÃO,0
80810,94,1600,CEIM CRIANÇA É ESPERANÇA,"RUA MARTINHO LUTERO, 1070E",1600,CEIM CRIANÇA É ESPERANÇA,"RUA MARTINHO LUTERO, 1070E",SÃO CRISTÓVÃO,0
80810,94,1090,UNOCHAPECÓ - UNIVERSIDADE COMUNITÁRIA REGIONAL DE CHAPECÓ,"SERVIDÃO ANJO DA GUARDA, 295D",1090,UNOCHAPECÓ - UNIVERSIDADE COMUNITÁRIA REGIONAL DE CHAPECÓ,"SERVIDÃO ANJO DA GUARDA, 295D",EFAPI,0
80810,94,1082,EBM SÃO CRISTÓVÃO,RUA PRUDENTE DE MORAIS 825D,1082,EBM SÃO CRISTÓVÃO,RUA PRUDENTE DE MORAIS 825D,SÃO CRISTÓVÃO,0
80810,94,1104,EEB ANTÔNIO MORANDINI,RUA IGUAÇU 160E,1104,EEB ANTÔNIO MORANDINI,RUA IGUAÇU 160E,SAIC,0
80810,94,1368,SENAC - SERVIÇO NACIONAL DE APRENDIZAGEM COMERCIAL,"RUA CASTRO ALVES, N. 298 D",1368,FACULDADE SENAC,"RUA CASTRO ALVES, N. 298 D",SÃO CRISTÓVÃO,0
80810,94,1422,EEB PROFESSORA VALESCA CARMEM RESCHKE PARIZOTTO,"RUA GUIMARÃES ROSA, 314-D",1422,EEB PROFESSORA VALESCA CARMEM RESCHKE PARIZOTTO,"RUA GUIMARÃES ROSA, 314-D",JARDIM AMÉRICA,0
80810,94,1457,EEB SAADE ANTÔNIO SARQUIS,"RUA SÃO LOURENÇO DO OESTE, N. 558-E",1457,EEB SAAD ANTÔNIO SARQUIS,"RUA SÃO LOURENÇO DO OESTE, N. 558-E",CRISTO REI,0
80810,94,1210,EBM GOIO-EN,RODOVIA SC-480,1210,EBM GOIO-EN,RODOVIA SC-480,PORTO GOIO EN,0
80810,94,1228,EEB MARCOLINA RODRIGUES DA SILVA,"RUA JOÃO VICENTE COSTA, 131 D",1228,EEB MARCOLINA RODRIGUES DA SILVA,"RUA JOÃO VICENTE COSTA, 131 D",DISTRITO DE MARECHAL BORMANN,0
80810,94,1309,EBM SEDE FIGUEIRA,"ESTRADA GERAL, S/N",1309,EBM SEDE FIGUEIRA,"ESTRADA GERAL, S/N",DISTRITO DE SEDE FIGUEIRA,0
80810,94,1520,EBM NOVA AURORA,VILA GRANJA AURORA,1520,EBM NOVA AURORA,LINHA SERRARIA REATO,DISTRITO DE MARECHAL BORMANN,0
80810,94,1252,EEB PROFESSORA LÍDIA GLUSTACK REMUS,"RUA DO COMÉRCIO, N. 251",1252,SALÃO COMUNITÁRIO SANTO EXPEDITO ALTO DA SERRA,"RUA DO COMÉRCIO, S/N",ALTO DA SERRA,0
80810,94,1260,SALÃO COMUNITÁRIO LINHA CACHOEIRA,"ESTRADA GERAL, S/N",1260,SALÃO COMUNITÁRIO LINHA CACHOEIRA,"ESTRADA GERAL, S/N",LINHA CACHOEIRA,0
80810,94,1279,EBM ALÍPIO JOSÉ DA ROSA,"ESTRADA GERAL, S/N",1279,EBM ALÍPIO JOSÉ DA ROSA,"ESTRADA GERAL, S/N",FACHINAL DOS ROSAS,0
80810,94,1562,EBM LINHA CAMPINAS,ESTRADA GERAL,1562,EBM LINHA CAMPINAS,ESTRADA GERAL,LINHA CAMPINAS,0
80810,94,1414,SALÃO COMUNITÁRIO AEROPORTO NOSSA SENHORA DO CARMO,"RODOVIA DE ACESSO AO AEROPORTO MUNICIPAL, S/N",1414,CENTRO COMUNITÁRIO AEROPORTO,"RODOVIA DE ACESSO AO AEROPORTO MUNICIPAL, S/N",AEROPORTO,0
80810,94,1465,SALÃO COMUNITÁRIO LINHA SIMONETTO,"ESTRADA GERAL, S/N",1465,SALÃO COMUNITÁRIO LINHA SIMONETTO,"ESTRADA GERAL, S/N",LINHA SIMONETTO,0
80810,94,1503,EBM MARIA BORDIGNON DESTRI,"RUA BOM JESUS DA SERRA, N. 460D",1503,EBM MARIA BORDIGNON DESTRI,"RUA BOM JESUS DA SERRA, N. 460D",ELDORADO,0
80810,94,1511,EBM JARDIM DO LAGO,"RUA PAULO PASQUALI, 433D LOT.JARDIM DO LAGO",1511,EBM JARDIM DO LAGO,"RUA PAULO PASQUALI, 433D LOT.JARDIM DO LAGO",EFAPI,0
80810,94,1635,PRESÍDIO FEMININO DE CHAPECÓ,"RUA CUNHA PORÃ, 1600-E",1627,PRESÍDIO REGIONAL DE CHAPECÓ,"RUA CUNHA PORÃ, 1600-E",EFAPI,
80810,94,1627,PRESÍDIO REGIONAL DE CHAPECÓ,"RUA CUNHA PORÃ, 1600-E",1627,PRESÍDIO REGIONAL DE CHAPECÓ,"RUA CUNHA PORÃ, 1600-E",EFAPI,
80306,34,1015,ESCOLA DE EDUCAÇÃO BÁSICA PROFESSOR PADRE SCHULER,"RUA EDSON GAIDZINSK, N. 260",1015,ESCOLA DE EDUCAÇÃO BÁSICA PROFESSOR PADRE SCHULER,"RUA EDSON GAIDZINSK, N. 260",CENTRO,0
80306,34,1023,SALÃO DE FESTAS DA IGREJA DO RIO COMPRUDENTE,"ESTRADA GERAL RIO COMPRUDENTE, KM 3281",1023,SALÃO DE FESTAS DA IGREJA DO RIO COMPRUDENTE,"ESTRADA GERAL RIO COMPRUDENTE, KM 3281",RIO COMPRUDENTE,0
80306,34,1040,ESCOLA DE ENSINO FUNDAMENTAL DEMÉTRIO BETTIOL,"RUA FREDERICO ZANETTE,  N. 36",1040,ESCOLA DE ENSINO FUNDAMENTAL DEMÉTRIO BETTIOL,"RUA FREDERICO ZANETTE,  N. 36",BRASILIA,0
80306,34,1058,ESCOLA DE EDUCAÇÃO BÁSICA PROFESSOR JOSÉ PERUCCHI,"RUA PAULO GRACINDO, N. 234",1058,ESCOLA DE EDUCAÇÃO BÁSICA PROFESSOR JOSÉ PERUCCHI,"RUA GRACILIANO RAMOS, N. 234",VILA NOVA,0
80306,34,1074,ESCOLA DE EDUCAÇÃO BÁSICA FRANCISCA MARTINS DE OLIVEIRA BURIGO,"RUA SANTA CATARINA, N. 1439",1074,ESCOLA DE EDUCAÇÃO BÁSICA FRANCISCA MARTINS DE OLIVEIRA BURIGO,"RUA SANTA CATARINA, N. 1439",JARDIM ELIZABETH,0
80306,34,1082,ESCOLA OS AMIGOS - INSTITUTO DE EDUCAÇÃO INFANTIL MAXIMILIANO GAIDZINS,"RUA BRASIL, N. 13",1082,INSTITUIÇÃO DE EDUCAÇÃO INFANTIL RITA CONSONI,"RUA PRIMAVERA, S/N",HORIZONTE,120
80306,34,1090,ESCOLA DE ENSINO FUNDAMENTAL CRISTO REI,"RUA JOSÉ SLOVINSKI, N. 650",1090,ESCOLA DE ENSINO FUNDAMENTAL CRISTO REI,"RUA JOSÉ SLOVINSKI, N. 650",CRISTO REI,0
80837,9,2488,COLEGIO ESTADUAL DEODORO,"RUA DOUTOR MARURI, 911 FONE (49) 34424136",2488,COLÉGIO ESTADUAL DEODORO,"RUA DOUTOR MARURI, 911 FONE (49) 34424136",CENTRO,0
80837,9,1236,SESI - SERVICO SOCIAL DA INDUSTRIA,"RUA 29 DE JULHO, 1590 FONE (49) 34413904",1236,ESCOLA BÁSICA MUNICIPAL WALDEMAR PFEIFFER,"RUA SILVINO CIARINI, 431",INDUSTRIÁRIOS,0
80837,9,1040,ESCOLA DE EDUCAÇÃO BÁSICA PROFESSOR OLAVO CECCO RIGON,"RUA LAURO MULLER, 21 FONE (49) 34826053",1040,ESCOLA DE EDUCAÇÃO BÁSICA PROFESSOR OLAVO CECCO RIGON,"RUA LAURO MULLER, 21 FONE (49) 34826094",CENTRO,0
80837,9,1120,ESCOLA DE EDUCAÇÃO BÁSICA WALTER FONTANA,"RUA FIORELO SUNTI, 225 FONE (49) 34826085",1120,ESCOLA DE EDUCAÇÃO BÁSICA WALTER FONTANA,"RUA FIORELO SUNTI, 225 FONE (49) 3482 6084",IMPERIAL,0
80837,9,1260,GRUPO ESCOLAR MUNICIPAL MARIA MELÂNIA SIQUEIRA,"RUA 29 DE JULHO, 776 FONE (49) 35536809",1260,GRUPO ESCOLAR MUNICIPAL MARIA MELÂNIA SIQUEIRA,"RUA 29 DE JULHO, 776 FONE (49) 3553 6809",CENTRO,0
80837,9,1279,ESCOLA BASICA MUNICIPAL DE CACHIMBO,"ESTRADA GERAL, S/N FONE (49) 34428011",1279,ESCOLA BÁSICA MUNICIPAL FREI CIPRIANO CHARDON (CACHIMBO),"ESTRADA GERAL, S/N FONE (49) 3442 8011",CACHIMBO,0
80837,9,1287,ESCOLA BASICA MUNICIPAL ROMEU DE SISTI,"RUA HELEODORO DE MORAIS BRANCO, S/N FONE (49) 34390049",1287,ESCOLA BÁSICA MUNICIPAL ROMEU DE SISTI,"RUA HELEODORO DE MORAIS BRANCO, S/N FONE (49) 34390049",DISTRITO DE PLANALTO,0
80837,9,1295,ESCOLA ISOLADA MUNICIPAL SÃO MIGUEL (RANCHO GRANDE),"ESTRADA GERAL, S/N FONE (49) 34428706",1295,CLUBE DE MÃES DE RANCHO GRANDE,"ESTRADA GERAL, S/N FONE (49) 34428706",LINHA RANCHO GRANDE,0
80837,9,1333,ESCOLA MUNICIPAL CAMPO ELVIRA E. B. SCHELL (LAGEADO PAULINO),"ESTRADA GERAL, S/N",1333,CENTRO COMUNITÁRIO DE LAGEADO PAULINO,"ESTRADA GERAL, S/N",LAGEADO PAULINO,0
80837,9,1376,CENTRO COMUNITÁRIO DE LINHA TIRADENTES,"ESTRADA GERAL, S/N",1376,CENTRO COMUNITÁRIO DE TIRADENTES,"ESTRADA GERAL, S/N",LINHA TIRADENTES,0
80837,9,1406,CENTRO COMUNITÁRIO DE LINHA GUARANI,"ESTRADA GERAL, S/N",1406,CENTRO COMUNITÁRIO DE GUARANI,"ESTRADA GERAL, S/N",LINHA GUARANI,0
80837,9,1414,CLUBE DA COMUNIDADE DE LINHA CARAVAGIO,"ESTRADA GERAL, S/N",1414,CLUBE DA COMUNIDADE DE CARAVAGIO,"ESTRADA GERAL, S/N",LINHA CARAVÁGGIO,0
80837,9,1430,ESCOLA ISOLADA MUNICIPAL DE LINHA SAO LUIZ,"ESTRADA GERAL, S/N",1430,CLUBE DE MÃES DE SÃO LUIZ,"ESTRADA GERAL, S/N",LINHA SÃO LUIZ,0
80837,9,1457,ESCOLA ISOLADA MUNICIPAL DE BOA ESPERANCA,"ESTRADA GERAL, S/N",1457,CENTRO COMUNITÁRIO DE BOA ESPERANÇA,"ESTRADA GERAL, S/N",LINHA BOA ESPERANÇA,0
80837,9,1481,CENTRO COMUNITÁRIO DE LINHA GASPERINI,"ESTRADA GERAL, S/N",1481,CENTRO COMUNITÁRIO DE GASPERINI,"ESTRADA GERAL, S/N",LINHA GASPERINI,0
80837,9,2305,ESCOLA BASICA MUNICIPAL GIUSEPPE SETTE,"RUA ADILIO MUTZENBERGER, S/N FONE (49) 34423671",2305,ESCOLA BÁSICA MUNICIPAL GIUSEPPE SETTE,"RUA ADILIO MUTZENBERGER, S/N FONE (49) 3442 3671",GUILHERME REICH,0
80837,9,1538,CENTRO COMUNITÁRIO DE LINHA PINHAL,"ESTRADA GERAL, S/N",1538,CENTRO COMUNITÁRIO DE PINHAL,"ESTRADA GERAL, S/N",LINHA PINHAL,0
80837,9,1562,ESCOLA ISOLADA MUNICIPAL DE LINHA APARECIDA,"ESTRADA GERAL, S/N FONE (49) 34447999",1562,CENTRO COMUNITÁRIO DE APARECIDA,"ESTRADA GERAL, S/N FONE (49) 34447999",LINHA APARECIDA,0
80837,9,1570,CENTRO COMUNITÁRIO DE FREI ROGÉRIO,"ESTRADA GERAL, S/N",1570,CENTRO COMUNITÁRIO DE FREI ROGÉRIO,"ESTRADA GERAL, S/N",LINHA FREI ROGÉRIO,0
80837,9,1902,CENTRO COMUNITÁRIO LAGEADO MEDEIROS,"ESTRADA GERAL, S/N FONE (49) 34428492",1902,CENTRO COMUNITÁRIO DE LAGEADO MEDEIROS,"ESTRADA GERAL, S/N FONE (49) 3442 8492",LAGEADO MEDEIROS,0
80837,9,1864,ESCOLA ISOLADA MUNICIPAL DE SURUVI,"ESTRADA GERAL, S/N",1864,CLUBE DE MÃES DE SURUVI,"ESTRADA GERAL, S/N",LINHA SURUVI,0
80837,9,1759,COLEGIO ESTADUAL DOMINGOS MAGARINOS,"ESTRADA GERAL, S/N FONE (49) 34826033",1759,ESCOLA DE EDUCAÇÃO BÁSICA DOMINGOS MAGARINOS,"ESTRADA GERAL, S/N FONE (49) 34826033",DISTRITO TAMANDUÁ,0
80837,9,1783,ESCOLA BASICA ESTADUAL ELIDIA BIEZUS,"ESTRADA GERAL, S/N FONE (49) 34428463",1783,ESCOLA DE EDUCAÇÃO BÁSICA ELIDIA MARIA BIEZUS,"ESTRADA GERAL, S/N FONE (49) 34428463",BARRA BONITA,0
80837,9,1791,ESCOLA BASICA DOGELO GOSS,"ESTRADA GERAL, S/N FONE (49) 34826247",1791,ESCOLA DE EDUCAÇÃO BÁSICA DOGELLO GOSS,"ESTRADA GERAL, S/N FONE (49) 34826247",BARRA DO TIGRE,0
80837,9,1805,CENTRO COMUNITÁRIO DE BARRA SECA,"ESTRADA GERAL, S/N FONE (49) 34428140",1805,CENTRO COMUNITÁRIO DE BARRA SECA,"ESTRADA GERAL, S/N FONE (49) 34428140",BARRA SECA,0
80837,9,1872,ESCOLA DE ENSINO FUNDAMENTAL FRANCISCO BAGATINI - SEDE BRUM,"ESTRADA GERAL, S/N FONE (49) 34826250",1872,ESCOLA DE ENSINO FUNDAMENTAL FRANCISCO BAGATINI - SEDE BRUM,"ESTRADA GERAL, S/N FONE (49) 3482 6250",LINHA SEDE BRUM,0
80837,9,1910,CENTRO COMUNITÁRIO DE LAGEADO GUILHERME,"ESTRADA GERAL, S/N FONE (49) 34428238",1910,CENTRO COMUNITÁRIO DE LAGEADO GUILHERME,"ESTRADA GERAL, S/N FONE (49) 34428238",LAGEADO GUILHERME,0
80837,9,2232,CENTRO COMUNITARIO DE ALTO SURUVI,ALTO SURUVI,2232,CENTRO COMUNITÁRIO DE ALTO SURUVI,ALTO SURUVI,LINHA ALTO SURUVI,0
80837,9,2283,COLEGIO ESTADUAL JOÃO BATISTA DE LA SALLE,"RUA CHARUAS, N. 322 FONE (49) 34427004",2283,ESCOLA DE EDUCAÇÃO BÁSICA SÃO JOÃO BATISTA DE LA SALLE,"RUA CHARUAS, N. 322 FONE (49) 3482 6088",VILA ITAIBA,0
80837,9,2321,CENTRO COMUNITÁRIO DE CANHADA FUNDA,"ESTRADA GERAL, S/N",2321,CENTRO COMUNITÁRIO DE CANHADA FUNDA,"ESTRADA GERAL, S/N",LINHA CANHADA FUNDA,
80837,9,2330,ESCOLA BASICA MUNICIPAL IRMAO MIGUEL,"RUA CANÁRIOS, 261 FONE (49) 34425151",2330,ESCOLA BÁSICA MUNICIPAL IRMÃO MIGUEL,"RUA CANÁRIOS, 261 FONE (49) 3442 5151",VILA JACOB BIEZUS,0
80837,9,2380,ESCOLA BÁSICA MUNICIPAL PARQUE DE EXPOSICOES,"RUA VICTOR SOPELSA, 842 FONE (49) 34423901",2380,ESCOLA BÁSICA MUNICIPAL PARQUE DE EXPOSIÇÕES,"RUA VICTOR SOPELSA, 842 FONE (49) 3442 3901",PARQUE DE EXPOSIÇÕES,0
80837,9,2399,ESCOLA DE EDUCAÇÃO BÁSICA PROFESSOR MANSUETO BOFF,"RUA ROSA CHIOSSI, 141 FONE (49) 34826125",2399,ESCOLA DE EDUCAÇÃO BÁSICA PROFESSOR MANSUETO BOFF,"RUA ROSA CHIOSSI, 141 FONE (49) 34826125",SÃO CRISTOVÃO,0
80837,9,2470,ESCOLA ISOLADA MUNICIPAL DE LINHA DOS COQUEIROS,"ESTRADA GERAL, S/N",2470,CLUBE DE MÃES DE COQUEIROS,"ESTRADA GERAL, S/N (BR 153 KM 94)",LINHA DOS COQUEIROS,0
80837,9,2496,COLEGIO ESTADUAL VIDAL RAMOS JUNIOR,"RUA JOSE VENANCIO FINGER, 229 FONE (49) 34424119",2496,ESCOLA DE EDUCAÇÃO BÁSICA VIDAL RAMOS JÚNIOR,"RUA JOSE VENANCIO FINGER, 229 FONE (49) 3442 4119",CENTRO,0
80837,9,1147,ESCOLA BÁSICA MUNICIPAL DAS NACOES,"RUA JAPAO, 88 FONE (49) 34424015",1147,ESCOLA BÁSICA MUNICIPAL DAS NAÇÕES,"RUA JAPAO, 88 FONE (49) 34424015",NAÇÕES,0
80837,9,2526,GRUPO ESCOLAR MUNICIPAL NOVA BRASILIA,"RODOVIA NEUDY PRIMO MASSOLINI, FONE (49) 34428950",2526,GRUPO ESCOLAR MUNICIPAL NOVA BRASÍLIA,"RODOVIA NEUDY PRIMO MASSOLINI, FONE (49) 3442 8950",NOVA BRASILIA,0
80837,9,2534,CENTRO DE CONVIVÊNCIA FREI SAMUEL BOTH,"RUA LEDA MARIA MATIELLO, SN",2534,CENTRO DE CONVIVÊNCIA FREI SAMUEL BOTH,"RUA LEDA MARIA MATIELLO, SN",FREI LENCY,0
80837,9,2542,ESCOLA MUNICIPAL IMIGRANTES,"RUA JOÃO THEOBALDO MAGARINOS, 10 FONE (49) 34422134",2542,ESCOLA BÁSICA MUNICIPAL IMIGRANTES,"RUA JOÃO THEOBALDO MAGARINOS, 10 FONE (49) 3442 2134",IMIGRANTES,0
80837,90,1023,COLÉGIO CEM,"RUA JONAS RAMOS, 362",1023,COLÉGIO UNOESC/CEM,"RUA JONAS RAMOS, 362",CENTRO,0
80837,90,1040,ESCOLA EUGÊNIO POZZO,"RUA SÃO PAULO,  110",1040,ESCOLA EUGÊNIO POZZO,"RUA SÃO PAULO,  110",ESTADOS,0
80837,90,1082,ESCOLA DE ENGENHO VELHO,"ESTRADA GERAL, S/N",1082,ESCOLA DE ENGENHO VELHO,"ESTRADA GERAL, S/N",DISTRITO ENGENHO VELHO,
80837,90,1066,CENTRO COMUNITÁRIO DE LINHA TERRA VERMELHA,"ESTRADA GERAL, S/N",1066,CENTRO COMUNITÁRIO DE LINHA TERRA VERMELHA,"ESTRADA GERAL, S/N",LINHA TERRA VERMELHA,
80837,90,1090,ESCOLA DE PRESIDENTE KENNEDY,"ESTRADA GERAL, S/N FONE (49) 3442 9456",1090,ESCOLA DE PRESIDENTE KENNEDY,"ESTRADA GERAL, S/N FONE (49) 3442 9456",DISTRITO DE PRESIDENTE KENNEDY,
80837,90,1104,ESCOLA MARIA PETROLI,"RUA LEÔNIDAS FÁVERO,  N. 1160",1104,ESCOLA MARIA PETROLI,"RUA LEÔNIDAS FÁVERO,  N. 1160",ARVOREDO,0
80837,90,1112,ESCOLA MELVIN JONES,"RUA SEVERINO MAGNANI, 80",1112,ESCOLA MELVIN JONES,"RUA SEVERINO MAGNANI, 80",SANTA CRUZ,0
80837,90,1120,ESCOLA DE LINHA TRES DE OUTUBRO,"ESTRADA GERAL, S/N",1120,ESCOLA DE LINHA TRES DE OUTUBRO,"ESTRADA GERAL, S/N",LINHA TRÊS DE OUTUBRO,0
80837,90,1139,CENTRO DOS IDOSOS DE SÃO JOSÉ,"ESTRADA GERAL, S/N",1139,CENTRO DOS IDOSOS DE SÃO JOSÉ,"ESTRADA GERAL, S/N",SÃO JOSÉ,
80837,90,1180,ESCOLA SANTA RITA,"RUA SÃO GEREMIAS, 70",1180,ESCOLA SANTA RITA,"RUA SÃO GEREMIAS, 70",SANTA RITA,
80837,90,1392,ESCOLA DISTRITO DE SANTO ANTONIO,"ESTRADA GERAL, S/N",1392,ESCOLA DISTRITO DE SANTO ANTONIO,"ESTRADA GERAL, S/N",SANTO ANTÔNIO,0
80837,90,1201,CENTRO COMUNITÁRIO DE LINHA SARACURA,LINHA SARACURA,1201,CENTRO COMUNITÁRIO DE LINHA SARACURA,LINHA SARACURA,LINHA SARACURA,0
80837,90,1430,ESCOLA DE LINHA SÃO PAULO,"ESTRADA GERAL, S/N",1430,ESCOLA DE LINHA SÃO PAULO,"ESTRADA GERAL, S/N",LINHA SÃO PAULO,
80837,90,1244,ESCOLA NOSSA SENHORA DA SALETE,"RUA JOÃO ZANARDI, N. 40",1244,ESCOLA NOSSA SENHORA DA SALETE,"RUA JOÃO ZANARDI, N. 40",NOSSA SENHORA DA SALETE,0
80837,90,1279,CENTRO COMUNITÁRIO DE LINHA BARRA FRIA,"ESTRADA GERAL, S/N",1279,CENTRO COMUNITÁRIO DE LINHA BARRA FRIA,"ESTRADA GERAL, S/N",LINHA BARRA FRIA,
80837,90,1287,CASA DA MEMÓRIA DE LINHA LAGEADO DOS PINTOS,"ESTRADA GERAL, S/N",1287,CASA DA MEMÓRIA DE LINHA LAGEADO DOS PINTOS,"ESTRADA GERAL, S/N",LAGEADO DOS PINTOS,0
80837,90,1295,CENTRO COMUNITÁRIO DE LINHA LAGEADO QUINTINO,"ESTRADA GERAL, S/N",1295,CENTRO COMUNITÁRIO DE LINHA LAGEADO QUINTINO,"ESTRADA GERAL, S/N",LINHA LAGEADO QUINTINO,
80837,90,1309,CENTRO COMUNITÁRIO DE FRAGOSOS,"RUA SÃO SEBASTIÃO, S/N",1309,CENTRO COMUNITÁRIO DE FRAGOSOS,"RUA SÃO SEBASTIÃO, S/N",FRAGOSOS,0
80837,90,1384,CAIC,"RUA AURÉLIO GUEDES, 291",1384,CAIC,"RUA AURÉLIO GUEDES, 291",INDUSTRIÁRIOS,
80837,90,1406,ESCOLA JOÃO THEOBALDO MAGARINOS,"RUA MARIO DALFOVO, N. 228",1406,ESCOLA JOÃO THEOBALDO MAGARINOS,"RUA MARIO DALFOVO, N. 228",VISTA ALEGRE,0
80837,90,1449,ESCOLA BAIRRO PETRÓPOLIS,"RUAS DAS PINHEIRAS, 468",1449,ESCOLA BAIRRO PETRÓPOLIS,"RUAS DAS PINHEIRAS, 468",PETRÓPOLIS,0
80837,90,1457,ESCOLA BAIRRO NATUREZA,"RUA DOS METAIS, 234",1457,ESCOLA BAIRRO NATUREZA,"RUA DOS METAIS, 234",NATUREZA,0
81043,35,1015,ESCOLA DE EDUCAÇÃO BÁSICA CORDILHEIRA ALTA,"RUA LUIZ RANZAN, 130",1015,ESCOLA DE EDUCAÇÃO BÁSICA CORDILHEIRA ALTA,"RUA LUIZ RANZAN, 130",CENTRO,0
81043,35,1023,ESCOLA MUNICIPAL PREFEITO ALCEU MAZZIONI,"ESTRADA GERAL, S/N",1023,ESCOLA MUNICIPAL PREFEITO ALCEU MAZZIONI,"ESTRADA GERAL, S/N",LINHA BENTO GONÇALVES,0
81043,35,1031,ESCOLA BÁSICA MUNICIPAL FERNANDO MACHADO,"RUA 7 DE SETEMBRO, S/N,",1031,ESCOLA BÁSICA MUNICIPAL FERNANDO MACHADO,"RUA 7 DE SETEMBRO, S/N",DISTRITO FERNANDO MACHADO,0
80853,94,1015,EEB DÉLIA RÉGIS,"RUA AMAZONAS, 273",1015,EEB DÉLIA RÉGIS,"RUA AMAZONAS, 273",CENTRO,0
80853,94,1058,SALÃO COMUNITÁRIO LINHA ANTINHAS,"ESTRADA GERAL, S/N",1058,SALÃO COMUNITÁRIO LINHA ANTINHAS,"ESTRADA GERAL, S/N",LINHA ANTINHAS,0
80853,94,1066,EIM SIMÕES LOPES,"ESTRADA GERAL, S/N",1066,EIM SIMÕES LOPES,"ESTRADA GERAL, S/N",LINHA SIMÕES LOPES,0
80853,94,1139,SALÃO COMUNITÁRIO SÃO MIGUEL,"ESTRADA GERAL, S/N",1139,SALÃO COMUNITÁRIO SÃO MIGUEL,"ESTRADA GERAL, S/N",LINHA SÃO MIGUEL,0
80853,94,1252,EM DOZOLINA MANGONI,"RUA PARAÍBA, 30",1252,EM DOZOLINA MANGONI,"RUA PARAÍBA, 30",CENTRO,0
80853,94,1090,EEF PEDRO PAQUES,ESTRADA GERAL,1090,EEF PEDRO PAQUES,ESTRADA GERAL,LINHA CAIRU,0
80853,94,1120,SALÃO COMUNITÁRIO SANTA FÉ,"ESTRADA GERAL, S/N",1120,SALÃO COMUNITÁRIO SANTA FÉ,"ESTRADA GERAL, S/N",LINHA SANTA FÉ,0
80853,94,1155,EEF ARTHUR DA COSTA E SILVA,"ESTRADA GERAL, S/N",1155,EEF ARTHUR DA COSTA E SILVA,"ESTRADA GERAL, S/N",LINHA RONCADOR,0
80853,94,1244,SALÃO COMUNITÁRIO RUI BARBOSA II,"ESTRADA GERAL, S/N",1244,SALÃO COMUNITÁRIO RUI BARBOSA II,"ESTRADA GERAL, S/N",LINHA RUI BARBOSA,0
81108,49,1015,ESCOLA DE EDUCAÇÃO BÁSICA PROFESSORA OLGA NUNES DE ABREU,"RUA ARARANGUA, N. 7",1015,ESCOLA DE EDUCAÇÃO BÁSICA PROFESSORA OLGA NUNES DE ABREU,"RUA ARARANGUA, N. 7",CENTRO,0
83950,93,1015,SALÃO DA CAPELA SÃO PEDRO,ESTRADA GERAL DE ATRÁS DO CERRO,1015,SALÃO DA CAPELA SÃO PEDRO,ESTRADA GERAL DE ATRÁS DO CERRO,LOCALIDADE ATRÁS DO CERRO,19
83950,93,1066,ESCOLA BÁSICA MUNICIPAL JORNALISTA CALDAS JUNIOR,"RUA ACÁCIA NEGRA, 210",1066,ESCOLA BÁSICA MUNICIPAL JORNALISTA CALDAS JUNIOR,"RUA ACÁCIA NEGRA, 210",PRÓ-FLOR,23
83950,93,1074,ESCOLA DE EDUCAÇÃO BÁSICA NOSSA SENHORA DOS PRAZERES,"RUA JOÃO NUNES DO AMARAL, N. 1130",1074,ESCOLA DE EDUCAÇÃO BÁSICA NOSSA SENHORA DOS PRAZERES,"RUA JOÃO NUNES DO AMARAL, N. 1130",CENTRO,12
83950,93,1082,GRUPO ESCOLAR MUNICIPAL VEREADOR LUIZ CLÁUDIO MADRUGA,"RUA JOÃO NUNES DO AMARAL, 1597",1082,GRUPO ESCOLAR MUNICIPAL VEREADOR LUIZ CLÁUDIO MADRUGA,"RUA JOÃO NUNES DO AMARAL, 1597",PEREIRA ALVES,20
83950,93,1139,SALÃO PAROQUIAL DA IGREJA NOSSA SENHORA DO ROSÁRIO,ESTRADA GERAL TRÊS BARRAS,1139,SALÃO PAROQUIAL DA IGREJA NOSSA SENHORA DO ROSÁRIO,ESTRADA GERAL TRÊS BARRAS,localidade três barras,15
83950,93,1147,SALÃO DA IGREJA NOSSA SENHORA AUXILIADORA,LOCALIDADE FAZENDA DOS ALVES,1147,SALÃO DA IGREJA NOSSA SENHORA AUXILIADORA,LOCALIDADE FAZENDA DOS ALVES,LOCALIDADE FAZENDA DOS ALVES,285
83950,93,1155,ESCOLA BÁSICA MUNICIPAL JOSÉ DO PATROCÍNIO,"RUA SÃO PEDRO, 289",1155,ESCOLA BÁSICA MUNICIPAL JOSÉ DO PATROCÍNIO,"RUA SÃO PEDRO, 289",NOSSA SENHORA APARECIDA,32
83950,93,1163,SALÃO DA IGREJA SANTO ANTONIO,ESTRADA GERAL DO FAXINAL DOS WOLFF,1163,SALÃO DA IGREJA SANTO ANTONIO,ESTRADA GERAL DO FAXINAL DOS WOLFF,LOCALIDADE FAXINAL DOS WOLFF,4
83950,93,1171,ESCOLA DE EDUCAÇÃO BÁSICA JOÃO PAULO I,"RUA SERGIPE, N. 195",1171,ESCOLA DE EDUCAÇÃO BÁSICA JOÃO PAULO I,"RUA SERGIPE, N. 195",SÃO JOÃO,7
83950,93,1023,SALAO DA CAPELA DE NOSSA SENHORA APARECIDA,LOCALIDADE AVENCAL,1023,SALAO DA CAPELA DE NOSSA SENHORA APARECIDA,LOCALIDADE AVENCAL,LOCALIDADE AVENCAL,9
83950,93,1201,SALÃO DA IGREJA DA SAGRADA FAMÍLIA,ESTRADA GERAL CAMPINA DOS RIBEIROS,1201,SALÃO DA IGREJA DA SAGRADA FAMÍLIA,ESTRADA GERAL CAMPINA DOS RIBEIROS,LOCALIDADE CAMPINA DOS RIBEIROS,21
83950,93,1236,SALÃO DE FESTAS DA IGREJA SÃO JOSÉ,"RODOVIA BR 116, KM 225",1236,SALÃO DE FESTAS DA IGREJA SÃO JOSÉ,"RODOVIA BR 116, KM 225",LOCALIDADE ÁGUAS SULFUROSAS,22
80870,87,1023,ESCOLA DE EDUCAÇÃO BÁSICA TERESA RAMOS,RUA VIDAL RAMOS 75,1023,ESCOLA DE EDUCAÇÃO BÁSICA TERESA RAMOS,RUA VIDAL RAMOS 75,CENTRO,0
80870,87,1031,ESCOLA MUNICIPAL DE ENSINO FUNDAMENTAL FRANCISCO MEES,"ESTRADA IZABEL, S/N",1031,ESCOLA MUNICIPAL DE ENSINO FUNDAMENTAL FRANCISCO MEES,"ESTRADA IZABEL, S/N",IZABEL,0
80870,87,1180,ESCOLA MUNICIPAL DE ENSINO FUNDAMENTAL JOSÉ PASQUALINI,"RUA WERNER WEBER, 1750",1180,ESCOLA MUNICIPAL DE ENSINO FUNDAMENTAL JOSÉ PASQUALINI,"RUA WERNER WEBER, 1750",JOÃO TOZINI,0
80870,87,1155,CENTRO DE EDUCAÇÃO INFANTIL FRANZ DORN,"RUA ANO BOM, 2034",1155,CENTRO DE EDUCAÇÃO INFANTIL FRANZ DORN,"RUA ANO BOM, 2034",ANO BOM,0
80870,87,1171,ESCOLA MUNICIPAL DE ENSINO FUNDAMENTAL SÃO JOSÉ,"RUA PADRE VICENTE, 166",1171,ESCOLA MUNICIPAL DE ENSINO FUNDAMENTAL SÃO JOSÉ,"RUA PADRE VICENTE, 166",CENTRO,0
80870,87,1198,ESCOLA MUNICIPAL DE ENSINO FUNDAMENTAL ALUÍSIO CARVALHO DE OLIVEIRA,"RUA 25 DE JULHO, 114",1198,ESCOLA MUNICIPAL DE ENSINO FUNDAMENTAL ALUÍSIO CARVALHO DE OLIVEIRA,"RUA 25 DE JULHO, 114",SEMINÁRIO,0
80896,10,1015,CENTRO DE EDUCAÇÃO INFANTIL PROFESSOR LAPAGESSE,"RUA MARECHAL FLORIANO PEIXOTO, S/N",1015,CENTRO DE EDUCAÇÃO INFANTIL PROFESSOR LAPAGESSE,"RUA MARECHAL FLORIANO PEIXOTO, S/N",CENTRO,0
80896,10,1023,COLÉGIO SÃO BENTO,"RUA SANTO ANTÔNIO, N. 246",1023,COLÉGIO SÃO BENTO,"RUA SANTO ANTÔNIO, N. 246",CENTRO,0
80896,10,1031,ESCOLA DE EDUCAÇÃO BÁSICA ENGENHEIRO SEBASTIÃO TOLEDO DOS SANTOS,"RUA DA REPÚBLICA, N. 67",1031,ESCOLA DE EDUCAÇÃO BÁSICA ENGENHEIRO SEBASTIÃO TOLEDO DOS SANTOS,"RUA DA REPÚBLICA, N. 67",COMERCIÁRIO,0
80896,10,1058,COLÉGIO MARISTA,"RUA ANTÔNIO DE LUCCA, N. 334",1058,COLÉGIO MARISTA,"RUA ANTÔNIO DE LUCCA, N. 334",PIO CORREA,0
80896,10,1082,ESCOLA DE EDUCAÇÃO FUNDAMENTAL SÃO CRISTOVÃO,"RUA CARDEAL ARCO VERDE, N. 233",1082,ESCOLA DE EDUCAÇÃO FUNDAMENTAL SÃO CRISTOVÃO,"RUA CARDEAL ARCO VERDE, N. 233",SÃO CRISTOVÃO,0
80896,10,1180,ESCOLA DE EDUCAÇÃO BÁSICA GOVERNADOR HERIBERTO HULSE,"RUA GOIÁS, S/N",1180,ESCOLA DE EDUCAÇÃO BÁSICA GOVERNADOR HERIBERTO HULSE,"RUA GOIÁS, S/N",PRÓSPERA,0
80896,10,1198,ESCOLA DE EDUCAÇÃO BÁSICA RUBENS DE ARRUDA RAMOS,"RUA SÃO MIGUEL DO OESTE, S/N",1198,ESCOLA DE EDUCAÇÃO BÁSICA RUBENS DE ARRUDA RAMOS,RUA SARGENTO DAVI APPEL DA SILVA,JARDIM MARISTELA,0
80896,10,1201,CENTRO DE EDUCAÇÃO INFANTIL AFASC LINO PIZZETTI,"RUA PIAUÍ, S/N",1201,CENTRO DE EDUCAÇÃO INFANTIL AFASC LINO PIZZETTI,"RUA PIAUÍ, S/N",PRÓSPERA,0
80896,10,1210,E.M.E.I.E.F. JOSÉ CESÁRIO DA SILVA,"RUA INDAIAL, 203",1210,E.M.E.I.E.F. JOSÉ CESÁRIO DA SILVA,"RUA INDAIAL, 203",NOSSA SENHORA DA SALETE,0
80896,10,1236,ESCOLA MUNICIPAL DE ENSINO FUNDAMENTAL PROFESSOR FRANCISCO SKRABSKI,"RUA FORTALEZA, N. 300",1236,ESCOLA MUNICIPAL DE ENSINO FUNDAMENTAL PROFESSOR FRANCISCO SKRABSKI,"RUA FORTALEZA, N. 300",BRASÍLIA,0
80896,10,1252,ESCOLA DE EDUCAÇÃO BÁSICA PROFESSOR PEDRO DA RÉ,"RUA ANAIR NASPOLINI DE LUCA, N. 650",1252,ESCOLA DE EDUCAÇÃO BÁSICA PROFESSOR PEDRO DA RÉ,"RUA ANAIR NASPOLINI DE LUCA, N. 650",MINA DO MATO,0
80896,10,1260,E.M.E.I.E.F. PROFESSORA IRIA ZANDOMÊNEGO DE LUCA,"RODOVIA ARCHIMEDES NASPOLINI, S/N",1260,E.M.E.I.E.F. PROFESSORA IRIA ZANDOMÊNEGO DE LUCA,"RODOVIA ARCHIMEDES NASPOLINI, S/N",ARCHIMEDES NASPOLINI,0
80896,10,1279,E.M.E.F.E.I. FORTUNATO BRASIL NASPOLINI,"RUA ITÁLIA, N. 70",1279,E.M.E.F.E.I. FORTUNATO BRASIL NASPOLINI,"RUA ITÁLIA, N. 70",MINA DO TOCO,0
80896,10,1910,E.M.E.I.E.F. DIONÍSIO MILIOLI,"RUA TELÉSFORO MACHADO, N. 33",1910,E.M.E.I.E.F. DIONÍSIO MILIOLI,"RUA TELÉSFORO MACHADO, N. 33",ANA MARIA,0
80896,10,1929,E.M.E.I.E.F. PROFESSORA CLOTILDES MARIA MARTINS LALAU,"RUA ANTÔNIO LIMA, S/N",1929,E.M.E.I.E.F. PROFESSORA CLOTILDES MARIA MARTINS LALAU,"RUA ANTÔNIO LIMA, S/N",RENASCER,0
80896,10,1309,E.M.E.I.E.F. CASIMIRO STACHURSKI,RODOVIA LEONARDO BIALECK,1309,E.M.E.I.E.F. CASIMIRO STACHURSKI,RODOVIA LEONARDO BIALECK,LINHA BATISTA,0
80896,10,1317,E.M.E.I.E.F. UBALDINA ROCHA GHEDIN,"RUA LUIZINHO GUOLLO, S/N",1317,E.M.E.I.E.F. UBALDINA ROCHA GHEDIN,"RUA LUIZINHO GUOLLO, S/N",LINHA ANTA,0
80896,10,1333,E.M.E.I.E.F. NÚCLEO HERCÍLIO LUZ,"RUA PEDRO DAL TOÉ, S/N",1333,E.M.E.I.E.F. NÚCLEO HERCÍLIO LUZ,"RUA PEDRO DAL TOÉ, S/N",MORRO ESTEVÃO,0
80896,10,1368,ESCOLA DE EDUCAÇÃO BÁSICA JOÃO DAGOSTIM,"RODOVIA LUIZ ROSSO, KM 11, N. 10.601",1368,ESCOLA DE EDUCAÇÃO BÁSICA JOÃO DAGOSTIM,"RODOVIA LUIZ ROSSO, KM 11, N. 10.601",QUARTA LINHA,0
80896,10,1759,E.M.E.I.E.F. MARECHAL RONDON / JOVITO TIAGO ALVARO DE CAMPOS,"RUA ANITA GARIBALDI, N. 778",1759,E.M.E.I.E.F. MARECHAL RONDON / JOVITO TIAGO ALVARO DE CAMPOS,"RUA ANITA GARIBALDI, N. 778",SANTA CATARINA,0
80896,10,1767,CENTRO DE EDUCAÇÃO INFANTIL MUNICIPAL GARDINA MINATTO CHECINEL,"RUA JOSÉ DE LUCCA, S/N",1767,CENTRO DE EDUCAÇÃO INFANTIL MUNICIPAL GARDINA MINATTO CHECINEL,"RUA JOSÉ DE LUCCA, S/N",MINA BRASIL,0
80896,10,1775,ESCOLA MUNICIPAL DE ENSINO FUNDAMENTAL PADRE JOSÉ FRANCISCO BERTERO,"RUA VENÂNCIO MARTINELLO, 130",1775,ESCOLA MUNICIPAL DE ENSINO FUNDAMENTAL PADRE JOSÉ FRANCISCO BERTERO,"RUA VENÂNCIO MARTINELLO, 130",SÃO SIMÃO,0
80896,10,1970,E.M.E.I.E.F. AUGUSTO PAVEI,"RODOVIA NARCISO DOMINGUINI, S/N",1970,E.M.E.I.E.F. AUGUSTO PAVEI,"RODOVIA NARCISO DOMINGUINI, S/N",SÃO DOMINGOS,0
80896,10,2070,C.E.I.M. PROFESSORA GLAUDINÉIA ANGELA CITADIN FURTADO,"RUA  DOMINGOS DE VILLA, 52",2070,C.E.I.M. PROFESSORA GLAUDINÉIA ANGELA CITADIN FURTADO,"RUA  DOMINGOS DE VILLA, 52",IMIGRANTES,0
80896,10,2097,E.M.E.I.E.F. JOSÉ GIASSI,"RUA JOSÉ GIASSI, S/N",2097,E.M.E.I.E.F. JOSÉ GIASSI,"RUA JOSÉ GIASSI, S/N",QUARTA LINHA,0
80896,92,1023,ESCOLA MUN. DE EDUC. INFANTIL E ENSINO FUND. TANCREDO DE ALMEIDA NEVES,"RUA ANTÔNIO DE OLIVEIRA, S/N",1023,ESCOLA MUNICIPAL DE EDUCAÇÃO BÁSICA TANCREDO DE ALMEIDA NEVES,"RUA ANTÔNIO DE OLIVEIRA, S/N",VILA ZULEIMA,0
80896,92,1120,ESCOLA DE EDUCAÇÃO BÁSICA PADRE MIGUEL GIACCA,"RUA CARLOS DA ROSA, N. 50",1120,ESCOLA DE EDUCAÇÃO BÁSICA PADRE MIGUEL GIACCA,"RUA CARLOS DA ROSA, N. 50",RIO MAINA,0
80896,92,1139,ESCOLA DE ENSINO FUNDAMENTAL LUIZ LAZZARIN,"RUA LUIZ CARLOS CAROLI, S/N",1139,ESCOLA MUNICIPAL DE EDUCAÇÃO BÁSICA LUIZ LAZZARIN,"RUA LUIZ CARLOS CAROLI, S/N",RIO MAINA,0
80896,92,1155,ESCOLA DE ENSINO FUNDAMENTAL SILVA ALVARENGA,"RUA MANOEL JOÃO MACHADO, S/N",1155,ESCOLA DE EDUCAÇÃO BÁSICA SILVA ALVARENGA,"RUA MANOEL JOÃO MACHADO, S/N",METROPOLITANA,0
80896,92,1198,ESCOLA DE ENSINO FUNDAMENTAL DOUTOR JOSÉ DE PATTA,"RUA JOÃO COLOMBO LUIZ, N. 76",1198,ESCOLA DE ENSINO FUNDAMENTAL DOUTOR JOSÉ DE PATTA,"RUA JOÃO COLOMBO LUIZ, N. 76",COLONIAL,0
80896,92,1201,ESCOLA MUNICIPAL DE EDUC. INFANTIL E ENSINO FUNDAMENTAL CARLOS GORINI,"RUA MANOEL ANTÔNIO FERREIRA, S/N",1201,ESCOLA MUNICIPAL DE EDUCAÇÃO BÁSICA CARLOS GORINI,"RUA MANOEL ANTÔNIO FERREIRA, S/N",SÃO MARCOS,0
80896,92,1210,ESCOLA MUN. DE EDUC. INFANTIL E ENSINO FUNDAMENTAL ANTÔNIO COLOMBO,"RUA CAETANO RONCHI, TRAVESSA 222",1210,ESCOLA MUNICIPAL DE EDUCAÇÃO BÁSICA ANTÔNIO COLOMBO,"RUA CAETANO RONCHI, TRAVESSA 222",LARANJINHA,0
80896,92,1236,ESCOLA MUNICIPAL DE EDUCAÇÃO FUNDAMENTAL HERCÍLIO AMANTE,"RUA ANTÔNIO PIROLA, S/N",1236,ESCOLA MUNICIPAL DE EDUCAÇÃO BÁSICA HERCÍLIO AMANTE,"RUA ANTÔNIO PIROLA, S/N",VILA FLORESTA I,0
80896,92,1287,ESCOLA MUN. DE EDUC. INFANTIL E ENSINO FUND. ANTÔNIO MILANEZ NETO,"RUA HONÓRIO BENJAMIM PEREIRA, S/N",1287,ESCOLA MUNICIPAL DE EDUCAÇÃO BÁSICA ANTÔNIO MILANEZ NETO,"RUA HONÓRIO BENJAMIM PEREIRA, S/N",MARIA CÉU,0
80896,92,1309,CENTRO DE EDUCAÇÃO INFANTIL MARIA DE ASSIS GÓES,"RUA AFONSO PENA, S/N",1309,CENTRO DE EDUCAÇÃO INFANTIL MARIA DE ASSIS GÓES,"RUA NILO PEÇANHA, 966",SÃO LUIZ,0
80896,92,1384,E. M. E. INFANTIL E DE ENSINO FUNDAMENTAL LUDOVICO COCCOLLO,RUA RAYMUNDO PUCHER,1384,ESCOLA MUNICIPAL DE EDUCAÇÃO BÁSICA PADRE LUDOVICO COCCOLLO,RUA RAYMUNDO PUCHER,SÃO LUIZ,0
80896,92,1317,ESCOLA DE EDUCAÇÃO BÁSICA JOAQUIM RAMOS,"RUA DESEMBARGADOR PEDRO SILVA, 907",1317,ESCOLA DE EDUCAÇÃO BÁSICA JOAQUIM RAMOS,"RUA DESEMBARGADOR PEDRO SILVA, 907",MICHEL,0
80896,92,1325,ESCOLA DE ENSINO FUNDAMENTAL COELHO NETO,"RUA ALTAMIRO GUIMARÃES, N. 176",1325,ESCOLA DE EDUCAÇÃO BÁSICA COELHO NETO,"RUA ALTAMIRO GUIMARÃES, N. 176",SANTA BÁRBARA,0
80896,92,1333,CENTRO DE EDUCAÇÃO INFANTIL DEPUTADO ULYSSES GUIMARÃES,"RUA SANTARÉM, N. 60",1333,CENTRO DE EDUCAÇÃO INFANTIL DEPUTADO ULYSSES GUIMARÃES,"RUA SANTARÉM, N. 60",OPERÁRIA NOVA,0
80896,92,1341,ESCOLA MUNICIPAL DE ENSINO FUNDAMENTAL GIÁCOMO ZANETTE,"RUA RIO DO SUL, S/N",1341,ESCOLA MUNICIPAL DE EDUCAÇÃO BÁSICA GIÁCOMO ZANETTE,"RUA RIO DO SUL, S/N",SANTO ANTÔNIO,0
80896,92,1350,FÓRUM DE CRICIÚMA,"AVENIDA SANTOS DUMONT, S/N",1350,FÓRUM DE CRICIÚMA,"AVENIDA SANTOS DUMONT, S/N",MILANESE,0
80896,92,1376,E. M. E. INFANTIL E DE ENSINO FUNDAMENTAL SANTA RITA DE CÁSSIA,"RUA FÉLIX DE LUCCA, N 325",1376,E. M. E. INFANTIL E DE ENSINO FUNDAMENTAL SANTA RITA DE CÁSSIA,"RUA FÉLIX DE LUCCA, N 325",MILANESE,0
80896,92,1368,CENTRO DE EDUCAÇÃO INFANTIL BEATO ANIBAL MARIA DI FRANCIA,"RUA TANGARÁ, S/N",1368,CENTRO DE EDUCAÇÃO INFANTIL BEATO ANIBAL MARIA DI FRANCIA,"RUA TANGARÁ, S/N",SÃO FRANCISCO,0
80896,92,1392,ESCOLA ELIZA SAMPAIO ROVARIS,RUA TANGARÁ,1392,ESCOLA MUNICIPAL DE EDUCAÇÃO BÁSICA ELIZA SAMPAIO ROVARIS,RUA TANGARÁ,SÃO FRANCISCO,
80896,98,1015,ESCOLA DE EDUCAÇÃO BÁSICA CORONEL MARCOS ROVARIS,"RUA CÔNEGO ANÍBAL MARIA DI FRANCIA, S/N FONE 34031276",1015,EEB CORONEL MARCOS ROVARIS,"RUA CÔNEGO ANÍBAL MARIA DI FRANCIA, 10",PINHEIRINHO,0
80896,98,1023,SCAM - BAIRRO DA JUVENTUDE,"RUA CÔNEGO ANÍBAL MARIA DI FRANCIA, N. 1483",1023,BAIRRO DA JUVENTUDE,"RUA CÔNEGO ANÍBAL MARIA DI FRANCIA, N. 1483",PINHEIRINHO,0
80896,98,1031,EMEB ANTONIO MANGILLI,"ROD ALEXANDRE BELOLI, S/N",1031,EMEB ANTONIO MANGILLI,"ROD ALEXANDRE BELOLI, S/N",PRIMEIRA LINHA,0
80896,98,1040,EMEB PROFESSORA JUDITE DUARTE DE OLIVEIRA,"RODOVIA JORGE LACERDA, KM 5, S/N",1040,EMEB JUDITE DUARTE DE OLIVEIRA,"ROD JORGE LACERDA, KM 5, S/N",SANGÃO,0
80896,98,1058,EMEB HONÓRIO DAL TOÉ,"RUA LIBERO JOÃO DA SILVA, N 931",1058,EMEB HONÓRIO DAL TOÉ,"RUA LIBERO JOÃO DA SILVA, N 931",VERDINHO,0
80896,98,1066,EMEB ANTÔNIO MINOTTO,"RUA DOMINGOS PERUCHI, S/N",1066,ESCOLA ANTÔNIO MINOTTO,"RUA DOMINGOS PERUCHI, S/N",SÃO ROQUE,0
80896,98,1082,EMEB PASCOAL MELLER,"RUA VALEMIRO PARAVATO GISLON, N. 355",1082,EMEB PASCOAL MELLER,"RUA VALDEMIRO PRAVATO GISLON, N. 355",SANTA AUGUSTA,0
80896,98,1090,EMEB GIÁCOMO BÚRIGO,"RUA JOSÉ DANDOLINI, S/N",1090,EMEB GIÁCOMO BÚRIGO,"RUA JOSÉ VEREADOR DANDOLINI, 120",MÃE LUZIA,0
80896,98,1104,EMEB JOSÉ CONTIM PORTELLA,"AVENIDA UNIVERSITÁRIA, S/N",1104,EMEB JOSÉ CONTIM PORTELLA,"AVENIDA UNIVERSITÁRIA, S/N",SÃO SEBASTIÃO,0
80896,98,1112,ESCOLA BASICA JOÃO FRASSETO,"AVENIDA MONTE NEGRO, S/N",1112,EEB JOÃO FRASSETO,"AVENIDA MONTENEGRO, S/N",SANTA LUZIA,0
80896,98,1198,EMEB PROFESSORA LILI COELHO,"RUA LUIS EURICO TEJEIRA LISBOA, S/N",1198,EMEB PROF LILI COELHO,"RUA LUIS EURICO TEJEIRA LISBOA, S/N",SANTA LUZIA,
80896,98,1120,COLÉGIO ESTADUAL IRMÃ EDWIGES,"RUA ANGELA MELLO, N. 113 / 34031604",1120,EEB IRMÃ EDVIGES,"RUA ANGELA MELLO, N. 113",MINA UNIÃO,0
80896,98,1171,EMEB FIORENTO MELLER,"RUA ROSALINA LOCKS FORTUNA, 321",1171,EMEB FIORENTO MELLER,"RUA ROSALINA LOOK FORTUNA, 321",CIDADE MINEIRA NOVA,0
80896,98,1139,EMEB PROFESSOR MARCÍLIO DIAS DE SAN THIAGO,"AVENIDA BOA VISTA, S/N",1139,EMEB PROF MARCÍLIO DIAS DE SAN THIAGO,"AVENIDA BOA VISTA, S/N",VILA MANAUS,0
80896,98,1147,COLÉGIO ESTADUAL ANTÔNIO MILANEZ NETO,"RUA JUVENTINO VIEIRA, S/N",1147,EEB ANTÔNIO MILANEZ NETO,"RUA JOVENTINO VIEIRA, S/N",SÃO DEFENDE,0
80896,98,1155,EMEB ACÁCIO ALFREDO VILLAIN,"RUA RESEDÁ, S/N",1155,EMEB ACÁCIO ALFREDO VILLAIN,RUA RESEDÁ,JARDIM MONTEVIDÉU,0
80896,98,1228,PRESIDIO REGIONAL DE CRICIÚMA,"RUA HORTÊNCIA ALDA DE SOUZA MEDEIROS, 65",1228,PRESIDIO REGIONAL DE CRICIÚMA,"RUA HORTÊNCIA ALDA DE SOUZA MEDEIROS, 65",SANTA AUGUSTA,
80918,83,1015,ESCOLA DE EDUCAÇÃO BÁSICA PROFESSOR PATRÍCIO JOÃO DE OLIVEIRA,"RUA FERNANDO FERRARI, 43",1015,ESCOLA DE EDUCAÇÃO BÁSICA PROFESSOR PATRÍCIO JOÃO DE OLIVEIRA,"RUA FERNANDO FERRARI, 43",CIDADE ALTA,6
80918,83,1023,ESCOLA DE ENSINO FUNDAMENTAL TIRADENTES,"AVENIDA MOURA BRASIL, N. 910",1023,ESCOLA DE ENSINO FUNDAMENTAL TIRADENTES,"RUA MOURA BRASIL, N. 910",PROGRESSO,13
80918,83,1031,PAVILHÃO DA IGREJA EVANGÉLICA,"RUA PRINCIPAL, S/N",1031,PAVILHÃO DA IGREJA EVANGÉLICA DA LINHA GLÓRIA,"BR 158, KM 106",LINHA GLÓRIA,12
80918,83,1040,ESCOLA BÁSICA TUPINAMBÁ,"RUA PRINCIPAL, S/N",1040,ESCOLA BÁSICA TUPINAMBÁ,ESTRADA GERAL,LINHA VERA CRUZ,12
80918,83,1058,ESCOLA DA LINHA SANTO ANTÔNIO,"RUA PRINCIPAL, S/N",1058,GINÁSIO DA LINHA SANTO ANTÔNIO,RODOVIA WALDEMAR LUNKES,LINHA SANTO ANTÔNIO,29
80918,83,1066,PAVILHÃO EVANGÉLICO,"RUA PRINCIPAL, S/N",1066,PAVILHÃO EVANGÉLICO DA LINHA HUMAITÁ,ESTRADA GERAL - 1KM DA BR 282,LINHA HUMAITÁ,15
80918,83,1082,SALÃO COMUNITÁRIO DA LINHA PINDORAMA,"RUA PRINCIPAL, S/N",1082,SALÃO COMUNITÁRIO DA LINHA PINDORAMA,"RUA PRINCIPAL, S/N",LINHA PINDORAMA,3
80918,83,1090,GINÁSIO COMUNITÁRIO DA LINHA OLARIA,"RUA PRINCIPAL, S/N",1090,GINÁSIO COMUNITÁRIO DA LINHA OLARIA,"RUA PRINCIPAL, S/N (30M DA BR 158)",LINHA OLARIA,21
80918,83,1120,CENTRO COMUNITÁRIO EVANGÉLICO,"RUA PRINCIPAL, S/N",1120,CENTRO COMUNITÁRIO EVANGÉLICO DA LINHA ITAPÉ,ESTRADA GEERAL - 5 KM DA BR 158,LINHA ITAPÉ,13
80918,83,1163,CENTRO SOCIAL COMUNITÁRIO DE LINHA CENTRAL,"RUA PRINCIPAL, S/N",1163,CENTRO SOCIAL COMUNITÁRIO DE LINHA CENTRAL,"RUA PRINCIPAL, S/N",LINHA CENTRAL,17
80918,83,1171,ESCOLA ESPECIAL RENASCER - APAE,"RUA SANTA CATARINA, S/N",1171,ESCOLA ESPECIAL RENASCER - APAE,"RUA SANTA CATARINA, 1716",COLINA VERDE,45
81620,70,1015,ESCOLA DE EDUCAÇÃO BÁSICA NICOLAU SCHOENBERGER,"AVENIDA 4 DE JULHO, N. 800",1015,ESCOLA DE EDUCAÇÃO BÁSICA NICOLAU SCHOENBERGER,"AVENIDA 4 DE JULHO, N. 800",CENTRO,0
81620,70,1023,ESCOLA MUNICIPAL OSVIN SCHMITT,"ESTRADA GERAL, S/N",1023,CENTRO DE IDOSOS FLOR DA ESPERANÇA,"ESTRADA GERAL, LINHA BARRA GRANDE",LINHA BARRA GRANDE,0
80934,11,1023,COLÉGIO SANTA TERESINHA,"RUA FREI ROGÉRIO, N. 96",1023,COLÉGIO SANTA TERESINHA,"RUA FREI ROGÉRIO, N. 96",CENTRO,0
80934,11,1040,COLÉGIO SECUNDÁRIO CASIMIRO DE ABREU,"RUA LUIZ DACOL, N. 93",1040,COLÉGIO SECUNDÁRIO CASIMIRO DE ABREU,"RUA LUIZ DACOL, N. 93",CENTRO,0
80934,11,1180,NÚCLEO MUNICIPAL LEONIZA CARVALHO AGOSTINI,"ESTRADA GERAL, S/N",1180,NÚCLEO MUNICIPAL LEONIZA CARVALHO AGOSTINI,"ESTRADA GERAL, S/N",MAROMBAS VIA CAÇADOR - PRAINHA,0
80934,11,1198,SALÃO DE FESTAS DO SÃO SEBASTIÃO,"ESTRADA GERAL, S/N",1198,SALÃO DE FESTAS DO SÃO SEBASTIÃO,"ESTRADA GERAL, S/N",HORIZOLANDIA,0
80934,11,1201,SALÃO DE FESTAS DO XAXIM,"ESTRADA GERAL, S/N",1201,SALÃO DE FESTAS DO XAXIM,"ESTRADA GERAL, S/N",XAXIM,0
80934,11,1848,NÚCLEO MUNICIPAL GETÚLIO VARGAS,"RUA PRUDENTE DE MORAES, N. 353",1848,NÚCLEO MUNICIPAL GETÚLIO VARGAS,"RUA PRUDENTE DE MORAES, N. 353",GETULIO VARGAS,0
80934,11,1309,ESCOLA MARIA IMACULADA,"RUA MADRE IVA POUPON, N. 69",1309,ESCOLA MARIA IMACULADA,"RUA MADRE IVA POUPON, N. 69",NOSSA SENHORA APARECIDA,0
80934,11,1414,ESCOLA DE EDUCAÇÃO BÁSICA MARECHAL EURICO GASPAR DUTRA,"RUA FLORIANOPOLIS, S/N",1414,ESCOLA DE EDUCAÇÃO BÁSICA MARECHAL EURICO GASPAR DUTRA,"RUA FLORIANOPOLIS, S/N",SAO LUIZ,0
80934,11,1325,BRUNOPEL LTDA.,"ROD. SC 457, S/N, KM 20",1325,BRUNOPEL LTDA.,"ROD. SC 457, S/N, KM 20",RIO CORRENTES,606
80934,11,1333,NÚCLEO MUNICIPAL DO CAMPO ARISTILIANO ALVES DOS SANTOS,"ESTRADA GERAL, S/N",1333,NÚCLEO MUNICIPAL DO CAMPO ARISTILIANO ALVES DOS SANTOS,"ESTRADA GERAL, S/N",SANTA CRUZ DO PERY,0
80934,11,1350,ESCOLA DE EDUCAÇÃO BÁSICA ALTIR WEBER DE MELLO,"RUA CARLOS GOETTEN, N. 584",1350,ESCOLA DE EDUCAÇÃO BÁSICA ALTIR WEBER DE MELLO,"RUA CARLOS GOETTEN, N. 584",BOM JESUS,0
80934,11,1384,NÚCLEO MUNICIPAL PROFESSOR ALÍRIO LUIZ DE ALMEIDA,"RUA ALZERINO ROSA, N. 20",1384,NÚCLEO MUNICIPAL PROFESSOR ALÍRIO LUIZ DE ALMEIDA,"RUA ALZERINO ROSA, N. 20",SAO JOSE,0
80934,11,1406,SALÃO DE FESTAS DO CAMPO DO ROÇA DE BAIXO,"ESTRADA GERAL, S/N",1406,SALÃO DE FESTAS DO CAMPO DO ROÇA DE BAIXO,"ESTRADA GERAL, S/N",CAMPO DA ROCA DE BAIXO,0
80934,11,1813,NÚCLEO MUNICIPAL PROFESSORA TEREZA LEMOS PRETO,"AVENIDA SALOMÃO CARNEIRO DE ALMEIDA, N. 1675",1813,NÚCLEO MUNICIPAL PROFESSORA TEREZA LEMOS PRETO,"AVENIDA SALOMÃO CARNEIRO DE ALMEIDA, N. 1675",NOSSA SENHORA APARECIDA,0
80934,11,1465,SALÃO DE FESTAS DA IGREJA DO SÃO BOM JESUS,"ESTRADA GERAL, S/N",1465,SALÃO DE FESTAS DA IGREJA DO SÃO BOM JESUS,"ESTRADA GERAL, S/N",TABULEIRO,0
80934,11,1546,UNC - UNIVERSIDADE DO CONTESTADO,"AVENIDA LEOBERTO LEAL, N. 1904",1546,UNC - UNIVERSIDADE DO CONTESTADO,"AVENIDA LEOBERTO LEAL, N. 1904",UNIVERSITARIO,0
80934,11,1511,CAPELA NOSSA SENHORA DE FÁTIMA,"ESTRADA GERAL, S/N",1511,INDÚSTRIA DE CARTÃO SBRAVATI LTDA. ,"ESTRADA GERAL, S/N",MAROMBAS BERNARDONI,133
80950,45,1015,ESCOLA DE EDUCAÇÃO BÁSICA EVERARDO BACKHEUSER,"RUA 2 DE JULHO, 543, (49) 3631 2976",1015,ESCOLA DE EDUCAÇÃO BÁSICA EVERARDO BACKHEUSER,"RUA 2 DE JULHO, 543, (49) 3631 2976",CENTRO,0
80950,45,1023,CLUBE COMUNITÁRIO SANTO ANDRÉ,"ESTRADA GERAL, S/N",1023,CLUBE COMUNITÁRIO SANTO ANDRÉ,"ESTRADA GERAL, S/N",LINHA PRATINHA,0
80950,45,1058,ESCOLA DE EDUCAÇÃO BÁSICA ITAJUBÁ,"RUA PROFESSORA BERNARDINA JHISSI, 201, (49) 3631 2953",1058,ESCOLA DE EDUCAÇÃO BÁSICA ITAJUBÁ,"RUA PROFESSORA BERNARDINA JHISSI, 201, (49) 3631 2953",LINHA ITAJUBA,0
80950,45,1244,SALÃO COMUNITÁRIO SANTO EXPEDITO,"LINHA SANTO EXPEDITO, S/N, BR 282 KM 639, (49) 9 9139 3978",1244,SALÃO COMUNITÁRIO SANTO EXPEDITO,"LINHA SANTO EXPEDITO, S/N, BR 282 KM 639, (49) 9 9139 3978",LINHA SANTO EXPEDITO,0
80950,45,1104,CLUBE COMUNITÁRIO LINHA GAÚCHA,"ESTRADA GERAL, S/N FONE (49) 91399550 99107 6761",1104,CLUBE COMUNITÁRIO LINHA GAÚCHA,"ESTRADA GERAL, S/N FONE (49) 91399550 99107 6761",LINHA GAUCHA,0
80950,45,1139,SALÃO COMUNITÁRIO DA LINHA CAMPINAS,"ESTRADA GERAL, S/N",1139,SALÃO COMUNITÁRIO DA LINHA CAMPINAS,"ESTRADA GERAL, S/N",LINHA CAMPINAS,0
80950,45,1210,CLUBE COMUNITÁRIO SÃO VALENTIM,"ESTRADA GERAL, S/N FONE",1210,CLUBE COMUNITÁRIO SÃO VALENTIM,"ESTRADA GERAL, S/N FONE",LINHA SAO VALENTIM,0
80950,45,1228,"SALÃO COMUNITÁRIO LINHA VORÁ, (49) 3623 1100","ESTRADA GERAL, S/N",1228,"SALÃO COMUNITÁRIO LINHA VORÁ, (49) 3623 1100","ESTRADA GERAL, S/N",LINHA VORA,0
80977,50,1015,ESCOLA DE EDUCAÇÃO BÁSICA PRESIDENTE THEODURETO DE FARIAS SOUTO,"RUA SALDANHA DA GAMA, 1200",1015,ESCOLA DE EDUCAÇÃO BÁSICA PRESIDENTE THEODURETO DE FARIA SOUTO,"RUA SALDANHA DA GAMA, 1200",CENTRO,0
80977,50,1023,ESCOLA EB MARIA DA GLÓRIA MATTOS - IDAMAR,LINHA IDAMAR,1023,ESCOLA EB MARIA DA GLÓRIA MATTOS - IDAMAR,LINHA IDAMAR,LINHA IDAMAR,0
80977,50,1031,SALÃO COMUNITÁRIO - LINHA SEDE PEPERI,LINHA SEDE PEPERI,1031,SALÃO COMUNITÁRIO - LINHA SEDE PEPERI,LINHA SEDE PEPERI,LINHA SEDE TODOS OS SANTOS,0
80977,50,1058,ESCOLA FUND. PROF. DALILO QUINTINO PEREIRA - SÃO PEDRO TOBIAS,LINHA SÃO PEDRO TOBIAS,1058,ESCOLA FUND. PROF. DALILO QUINTINO PEREIRA - SÃO PEDRO TOBIAS,LINHA SÃO PEDRO TOBIAS,LINHA SÃO PEDRO TOBIAS,0
80977,50,1082,ESCOLA DE ENSINO FUNDAMENTAL CENECISTA CASTRO ALVES,"AVENIDA PREFEITO ADELINO MANGINI, S/N",1082,ESCOLA DE ENSINO FUNDAMENTAL CENECISTA CASTRO ALVES,"AVENIDA PREFEITO ADELINO MANGINI, S/N",CENTRO,0
80977,50,1090,ESCOLA DE ENSINO FUNDAMENTAL IRINEU BORNHAUSEN,"RUA VEREADOR ARGEMIRO PEREIRA, S/N",1090,ESCOLA DE ENSINO FUNDAMENTAL IRINEU BORNHAUSEN,"RUA VEREADOR ARGEMIRO PEREIRA, S/N",BAIRRO TRÊS FRONTEIRAS,0
80977,50,1104,ESCOLA DE EDUCAÇÃO BÁSICA JACOB MARAN - DISTRITO JORGE LACERDA,DISTRITO JORGE LACERDA,1104,ESCOLA DE EDUCAÇÃO BÁSICA JACOB MARAN - DISTRITO JORGE LACERDA,DISTRITO JORGE LACERDA,LINHA JORGE LACERDA,8614
80977,50,1341,ESCOLA ISOLADA MUNICIPAL JACOB MARAN - COHAB,BAIRRO COHAB,1341,ESCOLA ISOLADA MUNICIPAL JACOB MARAN - COHAB,BAIRRO COHAB,BAIRRO COHAB,0
80977,50,1139,ESCOLA M. VILA MARINA - LINHA SEDE MARINA,LINHA SEDE MARINA,1139,ESCOLA M. VILA MARINA - LINHA SEDE MARINA,LINHA SEDE MARINA,LINHA SEDE MARINA,0
80977,50,1147,SALÃO COMUNITÁRIO - LINHA MARIA PRETA,LINHA MARIA PRETA,1147,SALÃO COMUNITÁRIO - LINHA MARIA PRETA,LINHA MARIA PRETA,LINHA MARIA PRETA,5460
80977,50,1201,SALÃO COMUNITÁRIO - LINHA CAMPINHO,LINHA CAMPINHO,1201,SALÃO COMUNITÁRIO - LINHA CAMPINHO,LINHA CAMPINHO,LINHA CAMPINHO,0
80977,50,1210,SALÃO COMUNITÁRIO - LINHA BARRA DA UNIÃO,LINHA BARRA DA UNIÃO,1210,SALÃO COMUNITÁRIO - LINHA BARRA DA UNIÃO,LINHA BARRA DA UNIÃO,LINHA BARRA DA UNIÃO,0
80977,50,1287,ESCOLA MUNI. JOSÉ DO PATROCÍNIO - BELA VISTA DO PEPERI,LINHA BELA VISTA DO PEPERI,1287,ESCOLA MUNI. JOSÉ DO PATROCÍNIO - BELA VISTA DO PEPERI,LINHA BELA VISTA DO PEPERI,LINHA BELA VISTA DO PEPERI,0
80977,50,1295,SALÃO COMUNITÁRIO - LINHA FLOR,LINHA FLOR,1295,SALÃO COMUNITÁRIO - LINHA FLOR,LINHA FLOR,LINHA FLORES,0
80977,50,1384,ESCOLA M. CONSTRUINDO O CAMINHO - LINHA SÃO FRANCISCO,"ESTRADA MUNICIPAL, ASSENTAMENTO CONQUISTA NA FRONTEIRA, S/N",1384,ESCOLA M. CONSTRUINDO O CAMINHO - LINHA SÃO FRANCISCO,"ESTRADA MUNICIPAL, ASSENTAMENTO CONQUISTA NA FRONTEIRA, S/N",LINHA SÃO FRANCISCO,0
80977,50,1350,SALA DA PRAÇA PROF. DALILO QUINTINO PEREIRA,RUA PRESIDENTE VARGAS,1350,SALA DA PRAÇA PROF. DALILO QUINTINO PEREIRA,RUA PRESIDENTE VARGAS,CENTRO,0
80977,50,1368,ESCOLA ISOLADA SÃO SILVESTRE,BAIRRO SÃO SILVESTRE,1368,ESCOLA ISOLADA SÃO SILVESTRE,BAIRRO SÃO SILVESTRE,BAIRRO SÃO SILVESTRE,0
80993,14,1015,ESCOLA DE EDUCAÇÃO BÁSICA LINDO SARDAGNA,"RUA ALBERTO KOGLIN, N. 3712",1015,ESCOLA DE EDUCAÇÃO BÁSICA LINDO SARDAGNA,"RUA ALBERTO KOGLIN, N. 3712",CENTRO,0
80993,14,1031,ESCOLA DE ENSINO FUNDAMENTAL PROFESSOR PAUL RICHARD ELTERMANN,"RUA JOAO HAMM, N. 3100",1031,ESCOLA DE ENSINO FUNDAMENTAL PROFESSOR PAUL RICHARD ELTERMANN,"RUA JOAO HAMM, N. 3100",NOVA ESPERANÇA,0
80993,14,1058,ESCOLA DE EDUCAÇÃO BÁSICA PROFESSORA MARIA ANGÉLICA CALAZANS,"ESTRADA GERAL, S/N",1058,ESCOLA DE EDUCAÇÃO BÁSICA PROFESSORA MARIA ANGÉLICA CALAZANS,"ESTRADA GERAL, S/N",CAMINHO PINHAL,0
80080,32,1015,NÚCLEO EDUCACIONAL FRITZ DONNER,"RUA DA GLÓRIA, N. 236",1015,NÚCLEO EDUCACIONAL FRITZ DONNER,"RUA DA GLÓRIA, N. 236",SALTO DONNER,0
80080,32,1074,SALÃO DA COMUNIDADE CATÓLICA NOSSA SENHORA APARECIDA,RUA NAVEGANTES N. 113,1023,UNIDADE DE EDUCAÇÃO INFANTIL CHAPEUZINHO VERMELHO,"RUA NAVEGANTES, 54",NOVA RODEIO,35
80080,32,1031,ESCOLA DE EDUCAÇÃO BÁSICA FREI LUCÍNIO KORTE,"RUA SANTA CATARINA, 416",1031,ESCOLA DE EDUCAÇÃO BÁSICA FREI LUCÍNIO KORTE,"RUA SANTA CATARINA, 416",CENTRO,0
80080,32,1066,UNIDADE DE EDUCAÇÃO INFANTIL FREI ANTÔNIO CARLOS RECHIA,"ESTRADA GERAL FORCAÇÃO, 14490",1066,UNIDADE DE EDUCAÇÃO INFANTIL FREI ANTÔNIO CARLOS RECHIA,"ESTRADA GERAL FORCAÇÃO, 14490",FORCAÇÃO,0
80080,32,1023,UNIDADE DE EDUCAÇÃO INFANTIL CHAPEUZINHO VERMELHO,"RUA NAVEGANTES, 54",1023,UNIDADE DE EDUCAÇÃO INFANTIL CHAPEUZINHO VERMELHO,"RUA NAVEGANTES, 54",NOVA RODEIO,0
81426,48,1015,ESCOLA DE ENSINO BÁSICO PIO XII,"RUA TOLDINHO, S/N",1015,ESCOLA DE ENSINO BÁSICO PIO XII,"RUA TOLDINHO, S/N",CENTRO,0
81426,48,1023,ESCOLA MUNICIPALIZADA SAMBURÁ,"ESTRADA GERAL, S/N",1023,ESCOLA MUNICIPALIZADA SAMBURÁ,"ESTRADA GERAL, S/N",LINHA APARECIDA,0
81426,48,1031,ESCOLA INDÍGENA DE ENSINO FUNDAMENTAL PAIOL DE BARRO,"ESTRADA GERAL LINHA PAIOL DE BARRO, S/N",1031,ESCOLA INDÍGENA DE ENSINO FUNDAMENTAL PAIOL DE BARRO,"ESTRADA GERAL LINHA PAIOL DE BARRO, S/N",LINHA PAIOL DE BARRO,0
81167,42,1023,ESCOLA DE EDUCAÇÃO BÁSICA PEDRO SIMON,"AVENIDA PEDRO SIMON, 655",1023,ESCOLA DE EDUCAÇÃO BÁSICA PEDRO SIMON,"AVENIDA PEDRO SIMON, 655",CENTRO,0
81167,42,1066,CENTRO COMUNITÁRIO DO MORRO DO ERMO,ESTRADA GERAL,1066,CENTRO COMUNITÁRIO DO MORRO DO ERMO,ESTRADA GERAL,MORRO DO ERMO,0
81019,85,1015,ESCOLA DE EDUCAÇÃO BÁSICA PREFEITO AGENOR PIOVEZAN,"RUA AURÉLIO PIOVEZAN, S/N, CENTRO",1015,ESCOLA DE EDUCAÇÃO BÁSICA PREFEITO AGENOR PIOVEZAN,"RUA AURÉLIO PIOVEZAN, S/N, CENTRO",CENTRO,0
81019,85,1147,ESCOLA BÁSICA MUNICIPAL CÉSAR AVELINO BRAGAGNOLO,"RUA CORONEL HONORATO VIEIRA, N. 1073, CENTRO",1147,ESCOLA BÁSICA MUNICIPAL CÉSAR AVELINO BRAGAGNOLO,"RUA CORONEL HONORATO VIEIRA, N. 1073, CENTRO",CENTRO,0
81035,43,1015,CENTRO COMUNITÁRIO DE SÃO ROQUE,"ESTRADA GERAL, S/N",1015,CENTRO COMUNITÁRIO DE SÃO ROQUE,"ESTRADA GERAL, S/N",LINHA SÃO ROQUE,0
81035,43,1031,CENTRO COMUNITÁRIO DE BOA ESPERANÇA,"ESTRADA GERAL, S/N",1031,CENTRO COMUNITÁRIO DE BOA ESPERANÇA,"ESTRADA GERAL, S/N",LINHA BOA ESPERANÇA,0
81035,43,1066,CENTRO COMUNITÁRIO DE PASSO DO IRANI,"ESTRADA GERAL, S/N",1066,CENTRO COMUNITÁRIO DE PASSO DO IRANI,"ESTRADA GERAL, S/N",LINHA PASSO DO IRANI,0
81035,43,1074,CENTRO COMUNITÁRIO DE NOVA SARANDI,"ESTRADA GERAL, S/N",1074,CENTRO COMUNITÁRIO DE NOVA SARANDI,"ESTRADA GERAL, S/N",LINHA NOVA SARANDI,0
81035,43,1082,E. DE EDUCAÇÃO BÁSICA PROF. TERTULIANO TURÍBIO DE LEMOS,"RUA 7 DE SETEMBRO, 326",1082,E. DE EDUCAÇÃO BÁSICA PROF. TERTULIANO TURÍBIO DE LEMOS,"RUA 7 DE SETEMBRO, 326",DISTRITO BARRA GRANDE,0
81035,43,1120,ESCOLA MUNICIPAL ALEXANDRE ANTONIOLLI,"RUA VINTE DE JANEIRO, 1608",1120,ESCOLA MUNICIPAL ALEXANDRE ANTONIOLLI,"RUA VINTE DE JANEIRO, 1608",ROSA,0
81035,43,1112,E. DE EDUCAÇÃO BÁSICA PROF. SALUSTIANO ANTÔNIO CABREIRA,"AVENIDA SÃO JOÃO, 133",1112,E. DE EDUCAÇÃO BÁSICA PROF. SALUSTIANO ANTÔNIO CABREIRA,"AVENIDA SÃO JOÃO, 133",CENTRO,0
81035,43,1155,ESCOLA MUNICIPAL SANTA TEREZINHA,"RUA PRESIDENTE DUTRA, 22",1155,ESCOLA MUNICIPAL SANTA TEREZINHA,"RUA PRESIDENTE DUTRA, 22",CENTRO,0
81604,58,1015,ESCOLA DE EDUCAÇÃO BÁSICA JORGE LACERDA,"RUA GUARANI, N. 383",1015,ESCOLA DE EDUCAÇÃO BÁSICA JORGE LACERDA,"RUA GUARANI, N. 383",CENTRO,0
81604,58,1058,SALÃO COMUNITÁRIO - LINHA CABECEIRA DO POÇO RICO,LINHA CABECEIRA DO POÇO RICO,1058,SALÃO COMUNITÁRIO - LINHA CABECEIRA DO POÇO RICO,LINHA CABECEIRA DO POÇO RICO,LINHA CABECEIRA DO POÇO RICO,0
81604,58,1023,CLUBE DOS IDOSOS - LINHA PEDRA BRANCA,LINHA PEDRA BRANCA,1023,SALÃO COMUNITÁRIO - LINHA PEDRA BRANCA,LINHA PEDRA BRANCA,LINHA PEDRA BRANCA,0
81051,12,1015,CENTRO EDUCACIONAL MENINO JESUS,"RUA ESTEVES JÚNIOR, N. 969",1015,CEMJ - CENTRO EDUCACIONAL MENINO JESUS,"RUA ESTEVES JÚNIOR, N. 969",CENTRO,0
81051,12,1023,COLÉGIO SANTA CATARINA,"RUA FREI EVARISTO, N.  91",1023,COLÉGIO SANTA CATARINA,"RUA FREI EVARISTO, N.  91",CENTRO,0
81051,12,1031,CENTRO DE EDUCAÇÃO CONTINUADA - (SILVEIRA DE SOUZA),RUA FERREIRA LIMA N 82,1031,CENTRO CULTURAL SILVEIRA DE SOUZA,"RUA LUIZ DELFINO, N 177 (FUNDOS)",CENTRO,0
81051,12,1821,NÚCLEO DE EDUCAÇÃO INFANTIL MUNICIPAL IRMÃO CELSO,"RUA RUI BARBOSA, N. 677 F",1147,ESCOLA DE EDUCAÇÃO BÁSICA PADRE ANCHIETA,"RUA RUI BARBOSA, N. 525",AGRONÔMICA,82
81051,12,1058,ESCOLA TÉCNICA - CENTRO FEDERAL DE EDUC. TECNOLÓGICA DE SC - CEFET/SC,"AVENIDA MAURO RAMOS, N. 950",1058,IFSC CENTRO - INSTITUTO FEDERAL DE SANTA CATARINA,"AVENIDA MAURO RAMOS, N. 950",CENTRO,0
81051,12,1708,COLEGIO CATARINENSE,"RUA ESTEVES JÚNIOR, N. 711",1708,COLÉGIO CATARINENSE,"RUA ESTEVES JÚNIOR, N. 711",CENTRO,0
81051,12,1805,CORAÇÃO DE JESUS - ASSOCIAÇÃO FRANCISCANA DE ENSINO BOM JESUS,"RUA EMIR ROSA, N. 120",1805,COLÉGIO BOM JESUS CORAÇÃO DE JESUS,"RUA EMIR ROSA, N. 120",CENTRO,0
81051,12,1139,NÚCLEO DE EDUCAÇÃO INFANTIL MUNICIPAL SÉRGIO GRANDO,RUA CRUZ E SOUZA N 308,1139,NÚCLEO DE EDUCAÇÃO INFANTIL MUNICIPAL SÉRGIO GRANDO,RUA CRUZ E SOUZA N. 308,CENTRO,0
81051,12,1147,ESCOLA DE EDUCAÇÃO BÁSICA PADRE ANCHIETA,"RUA RUI BARBOSA, N. 525",1147,ESCOLA DE EDUCAÇÃO BÁSICA PADRE ANCHIETA,"RUA RUI BARBOSA, N. 525",AGRONÔMICA,0
81051,12,1155,NÚCLEO DE EDUCAÇÃO INFANTIL MUNICIPAL JOÃO MACHADO DA SILVA,"TRAVESSA JOSÉ PEDRO GIL, N. 195",1155,NÚCLEO DE EDUCAÇÃO INFANTIL MUNICIPAL JOÃO MACHADO DA SILVA,"TRAVESSA JOSÉ PEDRO GIL, N. 195",AGRONÔMICA,0
81051,12,1163,FAESC - FEDERAÇÃO DE AGRICULTURA E PECUÁRIA DE SANTA CATARINA,"RUA DELMINDA SILVEIRA, N.200",1163,FAESC - FEDERAÇÃO DE AGRICULTURA E PECUÁRIA DE SANTA CATARINA,"RUA DELMINDA SILVEIRA, N.200",AGRONÔMICA,0
81051,12,1686,COLÉGIO GERAÇÃO JÚNIOR - UNIDADE BEIRAMAR,"RUA SÃO JOÃO BATISTA, N. 60",1686,COLÉGIO GERAÇÃO - UNIDADE BEIRAMAR,"RUA SÃO JOÃO BATISTA, N. 60",AGRONÔMICA,0
81051,12,1716,ESCOLA DE EDUCAÇÃO BASICA PROFESSOR HENRIQUE STODIECK,"RUA ESTEVES JUNIOR, N. 65",1716,ESCOLA DE EDUCAÇÃO BASICA PROFESSOR HENRIQUE STODIECK,"RUA ESTEVES JUNIOR, N. 65",CENTRO,0
81051,12,1783,INSTITUTO ESTADUAL DE EDUCAÇÃO - IEE,"AVENIDA MAURO RAMOS, N. 275",1783,IEE - INSTITUTO ESTADUAL DE EDUCAÇÃO,"RUA ANITA GARIBALDI, S/N",CENTRO,170
81051,12,1732,NÚCLEO DE EDUCAÇÃO INFANTIL MUNICIPAL CELSO RAMOS,"RUA PROFESSOR ALDO CÂMARA DA SILVA, N. 120",1732,NÚCLEO DE EDUCAÇÃO INFANTIL MUNICIPAL CELSO RAMOS,"RUA PROFESSOR ALDO CÂMARA DA SILVA, N. 120",PRAINHA,0
81051,12,1740,CENTRO EDUCACIONAL MARISTA LÚCIA MAYVORNE,"RUA GENERAL VIEIRA DA ROSA,  N. 1050",1740,CENTRO EDUCACIONAL MARISTA LÚCIA MAYVORNE,"RUA GENERAL VIEIRA DA ROSA,  N. 1050",MORRO DA CAIXA,0
81051,12,1767,EDUCANDARIO IMACULADA CONCEICAO,"RUA SAO FRANCISCO, 148 FONE (48) 33221037",1767,EIC - EDUCANDÁRIO IMACULADA CONCEIÇÃO,"RUA SAO FRANCISCO, N.148",CENTRO,0
81051,12,1775,COLÉGIO ADVENTISTA DE FLORIANÓPOLIS - UNIDADE CENTRO,RUA VISCONDE DE OURO PRETO N 347,1775,COLÉGIO ADVENTISTA DE FLORIANÓPOLIS - UNIDADE CENTRO,RUA VISCONDE DE OURO PRETO N. 347,CENTRO,0
81051,12,1813,SALÃO PAROQUIAL DA IGREJA SÃO LUIZ,"RUA PADRE SCHRADER, N. 49",1813,PARÓQUIA NOSSA SENHORA DE LOURDES E SÃO LUIZ,"RUA PADRE SCHRADER, N. 49",AGRONÔMICA,0
81051,12,2020,SESC - SERVIÇO SOCIAL DO COMÉRCIO,RUA GENERAL EURICO GASPAR DUTRA N. 913,1201,SESC - SERVICO SOCIAL DO COMERCIO,"RODOVIA HAROLDO SOARES GLAVAN, 1670",CACUPÉ,7495
81051,12,2038,INSTITUTO FEDERAL DE SANTA CATARINA - CAMPUS FLORIANOPOLIS CONTINENTE,RUA QUATORZE DE JULHO N 150,2038,IFSC CONTINENTE - INSTITUTO FEDERAL DE SANTA CATARINA,"RUA QUATORZE DE JULHO, N. 150",COQUEIROS,0
81051,12,2046,ESCOLA DE EDUCAÇÃO BÁSICA ADERBAL RAMOS DA SILVA,"RUA CORONEL PEDRO DEMORO, N. 1998",2046,ESCOLA DE EDUCAÇÃO BÁSICA ADERBAL RAMOS DA SILVA,"RUA CORONEL PEDRO DEMORO, N. 1998",ESTREITO,0
81051,12,2054,CENTRO DE CIÊNCIAS DA SAÚDE E DO ESPORTE - CEFID / UDESC,"RUA PASCHOAL SIMONE, N. 358",2054,CEFID / UDESC - CENTRO DE CIÊNCIAS DA SAÚDE E DO ESPORTE,"RUA PASCHOAL SIMONE, N. 358",COQUEIROS,0
81051,12,2062,ESCOLA DE EDUCAÇÃO BÁSICA JOSÉ BOITEUX,"RUA MARECHAL CÂMARA, N. 182",2062,ESCOLA DE EDUCAÇÃO BÁSICA JOSÉ BOITEUX,"RUA MARECHAL CÂMARA, N. 182",ESTREITO,0
81051,12,2070,ESCOLA DE EDUCAÇÃO BÁSICA PROFESSOR ANÍBAL NUNES PIRES,"RUA IRMÃ BONAVITA, N. 240",2070,ESCOLA DE EDUCAÇÃO BÁSICA PROFESSOR ANÍBAL NUNES PIRES,"RUA IRMÃ BONAVITA, N. 240",CAPOEIRAS,0
81051,12,2089,COLÉGIO SALVATORIANO NOSSA SENHORA DE FÁTIMA,"RUA AFONSO PENA, N. 1264",2089,COLÉGIO SALVATORIANO NOSSA SENHORA DE FÁTIMA,"RUA AFONSO PENA, N. 1264",ESTREITO,0
81051,12,2097,ESCOLA DE EDUCAÇÃO BÁSICA ROSINHA CAMPOS,"RUA JOAQUIM FERNANDES DE OLIVEIRA, N. 428",2097,ESCOLA DE EDUCAÇÃO BÁSICA ROSINHA CAMPOS,"RUA JOAQUIM FERNANDES DE OLIVEIRA, N. 428",ABRAÃO,0
81051,12,2100,ESCOLA BÁSICA MUNICIPAL ALMIRANTE CARVALHAL,"RUA BENTO GOIA, N. 113",2100,ESCOLA BÁSICA MUNICIPAL ALMIRANTE CARVALHAL,"RUA BENTO GOIA, N. 113",COQUEIROS,0
81051,12,2119,ESCOLA DE EDUCAÇÃO BÁSICA IRINEU BORNHAUSEN,"RUA VEREADOR BATISTA PEREIRA, N. 306",2119,ESCOLA DE EDUCAÇÃO BÁSICA IRINEU BORNHAUSEN,"RUA VEREADOR BATISTA PEREIRA, N. 306",ESTREITO,0
81051,12,2127,FUNASA - FUNDAÇÃO NACIONAL DE SAÚDE,"AVENIDA MARINHEIRO MAX SCHRAMM,  N. 2179",2127,FUNASA - FUNDAÇÃO NACIONAL DE SAÚDE,"AVENIDA MARINHEIRO MAX SCHRAMM,  N. 2179",ESTREITO,0
81051,12,2135,ESCOLA DE EDUCAÇÃO BÁSICA AMÉRICA DUTRA MACHADO,RUA JOAQUIM NABUCO N. 2875,2135,ESCOLA DE EDUCAÇÃO BÁSICA AMÉRICA DUTRA MACHADO,RUA JOAQUIM NABUCO N. 2875,MONTE CRISTO,0
81051,12,2143,ESCOLA DE EDUCAÇÃO BÁSICA PRESIDENTE ROOSEVELT,"RUA PASCHOAL SIMONE, N. 80",2143,ESCOLA DE EDUCAÇÃO BÁSICA PRESIDENTE ROOSEVELT,"RUA PASCHOAL SIMONE, N. 80",COQUEIROS,0
81051,12,2151,ESCOLA DE EDUCAÇÃO BÁSICA ROSA TORRES DE MIRANDA,"RUA MELVIN JONES, N. 389",2151,ESCOLA DE EDUCAÇÃO BÁSICA ROSA TORRES DE MIRANDA,"RUA MELVIN JONES, N. 389",JARDIM ATLÂNTICO,0
81051,12,2160,ESCOLA DE EDUCAÇÃO BÁSICA EDITH GAMA RAMOS,"RUA DIB CHEREM, N. 2773",2160,ESCOLA DE EDUCAÇÃO BÁSICA EDITH GAMA RAMOS,"RUA DIB CHEREM, N. 2773",CAPOEIRAS,0
81051,12,2178,COLÉGIO ADVENTISTA DE FLORIANÓPOLIS - UNIDADE ESTREITO,"RUA DOM DANIEL HOSTIM, 129",2178,COLÉGIO ADVENTISTA DE FLORIANÓPOLIS - UNIDADE ESTREITO,"RUA DOM DANIEL HOSTIM, N.129",ESTREITO,0
81051,12,2186,COLÉGIO ANTÔNIO PEIXOTO,"RUA VEREADOR BATISTA PEREIRA, N. 656",2186,COLÉGIO ANTÔNIO PEIXOTO,"RUA VEREADOR BATISTA PEREIRA, N. 656",ESTREITO,0
81051,12,2194,CONSELHO COMUNITÁRIO DA COLONINHA,"RUA JOÃO EVANGELISTA DA COSTA, N 455",2364,NÚCLEO DE EDUCAÇÃO INFANTIL MUNICIPAL MARIA BARREIROS,"RUA JOÃO EVANGELISTA DA COSTA, N. 455",COLONINHA,57
81051,12,2208,ESCOLA DE EDUCAÇÃO BÁSICA JORNALISTA JAIRO CALLADO,"RUA ANTONIETA DE BARROS, N. 581",2208,ESCOLA DE EDUCAÇÃO BÁSICA JORNALISTA JAIRO CALLADO,"RUA ANTONIETA DE BARROS, N. 581",ESTREITO,0
81051,12,2216,PARÓQUIA NOSSA SENHORA DO CARMO,"RUA PROFESSOR BAYER FILHO, N. 81",2216,PARÓQUIA IGREJA NOSSA SENHORA DO CARMO,"RUA PROFESSOR BAYER FILHO, N. 81",COQUEIROS,0
81051,12,2224,O. ASSIST. SOCIAL DOM ORIONE (PARÓQUIA SÃO JOÃO BATISTA E SANTA LUZIA),"RUA DIB CHEREM, N. 2698",2224,CENTRO EDUCACIONAL DOM ORIONE,"RUA DIB CHEREM, N. 2698",CAPOEIRAS,0
81051,12,2364,NÚCLEO DE EDUCAÇÃO INFANTIL MUNICIPAL MARIA BARREIROS,RUA JOÃO EVANGELISTA DA COSTA 455,2364,NÚCLEO DE EDUCAÇÃO INFANTIL MUNICIPAL MARIA BARREIROS,"RUA JOÃO EVANGELISTA DA COSTA, N. 455",COLONINHA,0
81051,12,2429,INSTITUTO FEDERAL DE SANTA CATARINA CAMPUS FLORIANÓPOLIS CONTINENTE,"RUA QUATORZE DE JULHO, N 150",2429,IFSC CONTINENTE- INSTITUTO FEDERAL DE SANTA CATARINA,"RUA QUATORZE DE JULHO, N 150",COQUEIROS,0
81051,12,2380,NÚCLEO DE EDUCAÇÃO INFANTIL MUNICIPAL CELSO RAMOS,"RUA PROFESSOR ALDO CÂMARA DA SILVA, 120",1732,NÚCLEO DE EDUCAÇÃO INFANTIL MUNICIPAL CELSO RAMOS,"RUA PROFESSOR ALDO CÂMARA DA SILVA, N. 120",PRAINHA,64
81051,13,1295,COLEGIO ESTADUAL GETULIO VARGAS,"RUA JOAO MOTTA ESPEZIM, N. 499",1295,EEB GETÚLIO VARGAS,"RUA JOÃO MOTTA ESPEZIM, N. 499",SACO DOS LIMÕES,0
81051,13,1287,COLÉGIO ESTADUAL JUREMA CAVALAZZI,"RUA PROFESSOR ANIBAL NUNES PIRES, S/N",1287,EEB JUREMA CAVALAZZI,"RUA PROFESSOR ANIBAL NUNES PIRES, S/N",JOSÉ MENDES,0
81051,13,1309,CRECHE HASSIS,"AVENIDA JORGE LACERDA, N. 1472",1309,NEIM HASSIS,"AVENIDA JORGE LACERDA, 1.472",COSTEIRA DO PIRAJUBAÉ,0
81051,13,1937,CENTRO PÚBLICO DE CONVIVÊNCIA DA COSTEIRA DO PIRAJUBAÉ,"RUA CAMINHO DOS ESTUDANTES, S/N",1309,NEIM HASSIS,"AVENIDA JORGE LACERDA, 1.472",COSTEIRA DO PIRAJUBAÉ,4
81051,13,1325,ESCOLA DE EDUCACAO BASICA IDELFONSO LINHARES,"RUA VER. OSVALDO BITTENCOURT, N. 206",1325,EEB ILDEFONSO LINHARES,"RUA VEREADOR OSVALDO BITTENCOURT, N. 206",CARIANOS,0
81051,13,1333,ESCOLA EDUCAÇÃO BÁSICA TENENTE ALMACHIO,"AVENIDA SANTOS DUMONT, N. E025",1333,EEB TENENTE ALMACHIO,"AVENIDA SANTOS DUMONT, N. 25",TAPERA,0
81051,13,1341,COLÉGIO ESTADUAL DOM JAIME DE BARROS CÂMARA,"RODOVIA BALDICERO FILOMENO, N. 7821",1341,EEB DOM JAIME DE BARROS CÂMARA,"RODOVIA BALDICERO FILOMENO, N. 7.821",RIBEIRÃO DA ILHA,0
81051,13,1350,ESCOLA BASICA MUNICIPAL BATISTA PEREIRA,"RODOVIA BALDICERO FILOMENO, 3000",1350,EBM BATISTA PEREIRA,"RODOVIA BALDICERO FILOMENO, N. 3.000",RIBEIRÃO DA ILHA,0
81051,13,1368,ESCOLA MARCELINO BARCELOS DUTRA,"RODOVIA BALDICERO FILOMENO, 11264",1368,NEIM MARCELINO BARCELOS DUTRA,"RODOVIA BALDICERO FILOMENO, N. 11.263",COSTEIRA DO RIBEIRÃO,0
81051,13,1376,NEI - NÚCLEO DE EDUCAÇÃO INFANTIL - CAIEIRA DA BARRA DO SUL,"RODOVIA BALDICERO FILOMENO, N. 19795",1376,NEIM CAIEIRA DA BARRA DO SUL,"RODOVIA BALDICERO FILOMENO, N. 19.795",CAIEIRA DA BARRA DO SUL,0
81051,13,1384,ESCOLA DE ENSINO FUNDAMENTAL SEVERO HONORATO DA COSTA,"RUA OTACILIO ABELARDO GOMES, 115",1384,EEB SEVERO HONORATO DA COSTA,"RUA OTACÍLIO ABELARDO GOMES, N. 115",PÂNTANO DO SUL,0
81051,13,1392,ESCOLA BASICA MUNICIPAL DILMA LUCIA DOS SANTOS,"RODOVIA SC 406, 6050",1392,EBM DILMA LÚCIA DOS SANTOS,"RODOVIA FRANCISCO THOMAS DOS SANTOS, N. 6.050",ARMAÇÃO DO PÂNTANO DO SUL,0
81051,13,1406,ESCOLA BÁSICA MUNICIPAL COSTA DE DENTRO,"ESTRADA JOÃO BELARMINO DA SILVA, N. 2550",1406,EBM COSTA DE DENTRO,"ESTRADA JOÃO BELARMINO DA SILVA, N. 2.550",COSTA DE DENTRO,0
81051,13,1422,ESCOLA BÁSICA MUNICIPAL JOSÉ AMARO CORDEIRO,"RODOVIA SC 406, AV. FRANCISCO THOMAS DE SOUZA, N. 1691",1422,EBM JOSÉ AMARO CORDEIRO,"RODOVIA FRANCISCO THOMAS DE SOUZA, N. 1.691",MORRO DAS PEDRAS,0
81051,13,1414,ESCOLA DE ENSINO FUNDAMENTAL BALDICERO FILOMENO,"RUA PEDRO MANOEL DA SILVEIRA, N. 230,",1414,EEB BALDICERO FILOMENO,"SERVIDÃO PEDRO MANOEL DA SILVEIRA, N. 230",TAPERA - PEDREGAL,0
81051,13,1546,ESCOLA BÁSICA MUNICIPAL BRIGADEIRO EDUARDO GOMES,"AVENIDA PEQUENO PRÍNCIPE, N. 2939",1546,EBM BRIGADEIRO EDUARDO GOMES,"AVENIDA PEQUENO PRÍNCIPE, N. 2.939",CAMPECHE,0
81051,13,1554,ESCOLA DE ENSINO BASICO JANUARIA TEIXEIRA DA ROCHA,"RUA DA CAPELA, N. 1234",1554,EEB JANUÁRIA TEIXEIRA DA ROCHA,"RUA DA CAPELA, N. 1.234",CAMPECHE,0
81051,13,1562,ESCOLA BÁSICA MUNICIPAL JOÃO GONÇALVES PINHEIRO,"RUA SILVIO LOPES ARAÚJO, S/N",1562,EBM JOÃO GONÇALVES PINHEIRO,"RUA SÍLVIO LOPES ARAÚJO, N. 290",RIO TAVARES,0
81051,13,1570,ESCOLA DE ENSINO MÉDIO VEREADOR OSCAR MANOEL CONCEIÇÃO,"RODOVIA SC 405, S/N,",1570,EEB VEREADOR OSCAR MANOEL CONCEIÇÃO,"RODOVIA SC 405, S/N",RIO TAVARES,0
81051,13,1899,ESCOLA BÁSICA MUNICIPAL ADOTIVA LIBERATO VALENTIM,"AVENIDA JORGE LACERDA, N. 1559",1899,EBM ADOTIVA LIBERATO VALENTIM,"AVENIDA JORGE LACERDA, N. 1.559",COSTEIRA DO PIRAJUBAÉ,0
81051,13,1589,CONSELHO COMUNITÁRIO DO SACO DOS LIMÕES,"RUA JOÃO MOTTA ESPEZIM, N. 783",1589,CONSELHO COMUNITÁRIO DO SACO DOS LIMÕES,"RUA JOÃO MOTTA ESPEZIM, N. 783",SACO DOS LIMÕES,0
81051,13,1597,ESCOLA BÁSICA MUNICIPAL TAPERA - ESCOLA DO FUTURO,"RODOVIA AÇORIANA, S/N",1597,EEB TAPERA - ESCOLA DO FUTURO,"RODOVIA AÇORIANA, S/N",TAPERA,0
81051,13,1619,ESCOLA BASICA ACACIO GARIBALDI SAO TIAGO,"RUA ALTAMIRO BARCELOS DUTRA, 1195",1619,EBM ACÁCIO GARIBALDI SÃO TIAGO,"RUA ALTAMIRO BARCELOS DUTRA, N. 1.195",BARRA DA LAGOA,0
81051,13,1627,ESCOLA DESDOBRADA MUNICIPAL JOAO FRANCISCO GARCES,"RUA LAURINDO JANUARIO DA SILVEIRA, 2447",1627,EBM JOÃO FRANCISCO GARCES,"RUA LAURINDO JANUÁRIO DA SILVEIRA, N. 2.447",CANTO DA LAGOA,0
81051,13,1635,COLÉGIO DA LAGOA,"RUA HIPÓLITO DO VALE PEREIRA, N. 121",1635,COLÉGIO DA LAGOA,"RUA HYPPÓLITO DO VALE PEREIRA, N. 121",LAGOA DA CONCEIÇÃO,0
81051,13,1643,ESCOLA DESDOBRADA COSTA DA LAGOA,ESTRADA GERAL COSTA DA LAGOA S/N,1643,EBM COSTA DA LAGOA,"ESTRADA GERAL COSTA DA LAGOA, S/N",COSTA DA LAGOA,0
81051,13,1651,ESCOLA BASICA MUNICIPAL HENRIQUE VERAS,"RUA JOAO PACHECO DA COSTA, 249",1651,EBM HENRIQUE VERAS,"RUA JOÃO PACHECO DA COSTA, N. 249",LAGOA DA CONCEIÇÃO,0
81051,13,1660,ASSOCIACAO DOS MORADORES DO PORTO DA LAGOA,"RUA LAURINDO JANUARIO DA SILVEIRA, 5500",1660,ASSOCIACAO DOS MORADORES DO PORTO DA LAGOA - AMPOLA,"RUA LAURINDO JANUÁRIO DA SILVEIRA, N. 5.500",PORTO DA LAGOA,0
81051,13,1678,ESCOLA DESDOBRADA RETIRO DA LAGOA,"RUA PREFEITO ACACIO GARIBALDI SAO THIAGO, 210",1678,EBM RETIRO DA LAGOA,"RUA PREFEITO ACÁCIO GARIBALDI SÃO THIAGO, N. 210",RETIRO DA LAGOA,0
81051,13,1686,NEI CANTO DA LAGOA,"RUA LAURINDO JANUÁRIO DA SILVEIRA, N. 2493",1686,NEIM CANTO DA LAGOA,"RUA LAURINDO JANUÁRIO DA SILVEIRA, N. 2.493",CANTO DA LAGOA,0
81051,13,1716,CENTRO DE DESPORTOS - UFSC,CIDADE UNIVERSITARIA,1716,UFSC - CENTRO DE DESPORTOS - CDS,CAMPUS UNIVERSITÁRIO,PANTANAL,0
81051,13,1724,CRECHE WALDEMAR DA SILVA FILHO,"AVENIDA  MADRE BENVENUTA, 521",1724,NEIM WALDEMAR DA SILVA FILHO,"AVENIDA  MADRE BENVENUTA, N. 521",TRINDADE,0
81051,13,1732,ESCOLA DE EDUCAÇÃO BÁSICA HILDA TEODORO VIEIRA,"RUA LAURO LINHARES, N. 560",1732,EEB HILDA TEODORO VIEIRA,"RUA LAURO LINHARES,  N. 560",TRINDADE,0
81051,13,1740,ESCOLA BASICA JOAO ALFREDO HOHR,"RUA JOAO PIO DUARTE SILVA, 1123",1740,EBM JOÃO ALFREDO HOHR,"RUA JOÃO PIO DUARTE SILVA, N. 1.123",CORREGO GRANDE,0
81051,13,1759,ESCOLA BÁSICA BEATRIZ DE SOUZA BRITO,"RUA DEPUTADO ANTÔNIO EDU VIEIRA, N. 600",1759,EBM BEATRIZ DE SOUZA BRITO,"SERVIDÃO CRESCÊNCIO MARIANO, S/N",PANTANAL,0
81051,13,1767,CCJ - CENTRO DE CIENCIAS JURIDICAS,CAMPUS UNIVERSITARIO,1767,UFSC - CENTRO DE CIÊNCIAS JURÍDICAS - CCJ,CAMPUS UNIVERSITÁRIO,TRINDADE,0
81051,13,1775,UFSC - CENTRO TECNOLOGICO - CTC,"CAMPUS UNIVERSITARIO, S/N",1775,UFSC - CENTRO TECNOLÓGICO - CTC,CAMPUS UNIVERSITÁRIO,TRINDADE,0
81051,13,1783,UFSC - CENTRO SOCIO ECONOMICO - CSE,"CAMPUS UNIVERSITARIO, S/N",1783,UFSC - CENTRO SOCIOECONÔMICO - CSE,CAMPUS UNIVERSITÁRIO,TRINDADE,0
81051,13,1791,COLEGIO ESTADUAL SIMAO JOSE HESS,"AVENIDA MADRE BENVENUTA, 463",1791,EEB SIMÃO JOSÉ HESS,"AVENIDA MADRE BENVENUTA, N. 463",TRINDADE,0
81051,13,1805,CENTRO DE EDUCACAO ESCOLA DA ILHA,"RUA VERA LINHARES DE ANDRADE, 1910",1805,ESCOLA DA ILHA,"RUA VERA LINHARES DE ANDRADE, N. 1.910",CORREGO GRANDE,0
81051,13,1813,UFSC - CENTRO DE FILOSOFIA E CIENCIAS HUMANAS - CFH,"CAMPUS UNIVERSITARIO, S/N",1813,UFSC - CENTRO DE FILOSOFIA E CIÊNCIAS HUMANAS - CFH,CAMPUS UNIVERSITÁRIO,TRINDADE,0
81051,13,1821,COLEGIO DE APLICACAO,CAMPUS UNIVERSITARIO,1821,UFSC - COLÉGIO DE APLICAÇÃO,CAMPUS UNIVERSITARIO,CARVOEIRA,0
81051,13,1864,COLÉGIO DO CAMPECHE,"RODOVIA SC 405, 4501",1864,COLÉGIO DO CAMPECHE,"RODOVIA SC 405, 4.501",CAMPECHE,0
81051,13,1902,COLÉGIO IDENTIDADE,"AV. PEQUENO PRÍNCIPE, 525",1902,COLÉGIO IDENTIDADE,"AV. PEQUENO PRÍNCIPE, 525",CAMPECHE,0
81051,100,1090,ACOJAR,"RUA NERY CARDOSO BITTENCOURT, N. 61",1090,ACOJAR,"RUA NERY CARDOSO BITTENCOURT, N. 61",SANTA MÔNICA,20
81051,100,1155,UDESC - CENTRO DE ARTES - CEART,"AVENIDA MADRE BENVENUTA, 2007",1155,UDESC - CENTRO DE ARTES - CEART,"AVENIDA MADRE BENVENUTA, 2007",ITACORUBI,0
81051,100,1163,COLEGIO ESTADUAL PROFESSORA LAURA LIMA,"RUA DO LOURO, 143",1163,ESCOLA ESTADUAL BÁSICA PROFESSORA LAURA LIMA,"RUA DO LOURO, 143",MONTE VERDE,14
81051,100,1171,SENAI - CTAI,"RODOVIA SC 401, 3730",1171,SENAI - CTAI,"RODOVIA SC 401, 3730",SACO GRANDE II,125
81051,100,1180,ESCOLA BASICA JOSÉ DO VALLE PEREIRA,"RODOVIA JOAO PAULO, 1268",1180,ESCOLA BASICA JOSÉ DO VALLE PEREIRA,"RODOVIA JOAO PAULO, 1268",JOÃO PAULO,0
81051,100,1201,SESC - SERVICO SOCIAL DO COMERCIO,"RODOVIA HAROLDO SOARES GLAVAN, 1670",1201,SESC - SERVICO SOCIAL DO COMERCIO,"RODOVIA HAROLDO SOARES GLAVAN, 1670",CACUPÉ,0
81051,100,1210,ESCOLA BÁSICA MUNICIPAL PAULO FONTES,"RUA PROFESSOR OSNI BARBATO, 168",1210,ESCOLA BÁSICA MUNICIPAL PAULO FONTES,"RUA PROFESSOR OSNI BARBATO, 168",SANTO ANTÔNIO DE LISBOA,0
81051,100,1228,N.E.I. - NÚCLEO DE EDUCAÇÃO INFANTIL MARIA SALOMÉ DOS SANTOS,"RUA PROFESSOR EUCLIDES DA CUNHA, S/N",1228,N.E.I. - NÚCLEO DE EDUCAÇÃO INFANTIL MARIA SALOMÉ DOS SANTOS,"RUA PROFESSOR EUCLIDES DA CUNHA, S/N",SAMBAQUI,0
81051,100,1244,ESCOLA BASICA MUNICIPAL MANCIO COSTA - ESCOLA DO FUTUROI,ESTRADA JOÃO JANUÁRIO DA SILVA S/N,1244,ESCOLA BASICA MUNICIPAL MANCIO COSTA - ESCOLA DO FUTURO,ESTRADA JOÃO JANUÁRIO DA SILVA S/N,RATONES,0
81051,100,1252,IGREJA SÃO BRAS - SALÃO PAROQUIAL (MITRA METROPOLITANA),"RUA MANOEL LEONCIO DE SOUZA BRITO, 549",1252,IGREJA SÃO BRAS - SALÃO PAROQUIAL (MITRA METROPOLITANA),"RUA MANOEL LEONCIO DE SOUZA BRITO, 549",VARGEM PEQUENA,64
81051,100,1260,ESCOLA BASICA MUNICIPAL ALBERTINA MADALENA DIAS,"RUA CRISTOVAO MACHADO DE CAMPOS, N. 1537",1260,ESCOLA BASICA MUNICIPAL ALBERTINA MADALENA DIAS,"RUA CRISTOVAO MACHADO DE CAMPOS, N. 1537",VARGEM GRANDE,8
81051,100,1279,ESCOLA BÁSICA LUIZ CÂNDIDO DA LUZ -  PONTA DO MORRO,"RODOVIA SC 403 KM 3, S/N",1279,ESCOLA BÁSICA LUIZ CÂNDIDO DA LUZ -  PONTA DO MORRO,"RODOVIA SC 403 KM 3, S/N",VARGEM DO BOM JESUS,0
81051,100,1287,ASSOCIAÇÃO DOS ECONOMIÁRIOS FEDERAIS DE SC,"RUA ALAMEDA CÉSAR NASCIMENTO, 700",1287,ASSOCIAÇÃO DOS ECONOMIÁRIOS FEDERAIS DE SC,"RUA ALAMEDA CÉSAR NASCIMENTO, 700",JURERÊ,0
81051,100,1295,CRECHE MARIA TEREZINHA SARDÁ DA LUZ (ANTIGO N.E.I. PRAIA DO FORTE),"RUA JOSE CARDOSO OLIVEIRA, 3547",1295,CRECHE MARIA TEREZINHA SARDÁ DA LUZ (ANTIGO N.E.I. PRAIA DO FORTE),"RUA JOSE CARDOSO OLIVEIRA, 3547",JURERÊ INTERNACIONAL,0
81051,100,1309,ESCOLA BÁSICA JURERÊ (ANTIGA ESCOLA PRAIA DE FORA),"RUA JURERE TRADICIONAL, 230",1309,ESCOLA BÁSICA MUNICIPAL PROFESSORA IRACEMA BRITO ANDRADE,"RUA JURERE TRADICIONAL, 230",JURERÊ TRADICIONAL,0
81051,100,1317,ESCOLA BASICA MUNICIPAL OSMAR CUNHA,"RUA TERTULIANO DE BRITO XAVIER, 661",1317,ESCOLA BASICA MUNICIPAL OSMAR CUNHA,"RUA TERTULIANO DE BRITO XAVIER, 661",CANASVIEIRAS,0
81051,100,1325,ESCOLA BÁSICA MUNICIPAL INTENDENTE ARICOMEDES DA SILVA,"RODOVIA LEONEL PEREIRA, 930",1325,ESCOLA BÁSICA MUNICIPAL INTENDENTE ARICOMEDES DA SILVA,"RODOVIA LEONEL PEREIRA, 930",CACHOEIRA DO BOM JESUS,0
81051,100,1341,ESCOLA BÁSICA MUNICIPAL OSVALDO MACHADO,"RUA LUIZ BOITEUX PIAZZA, 6542",1341,ESCOLA BÁSICA MUNICIPAL OSVALDO MACHADO - ESCOLA DO FUTURO,"AVENDIDA LUIZ BOITEUX PIAZZA, 5908",PONTA DAS CANAS,0
81051,100,1643,ESCOLA BASICA MARIA TOMAZIA COELHO,"RUA VEREADOR ONILDO LEMOS, 1409",1643,ESCOLA BASICA MARIA TOMAZIA COELHO,"RUA VEREADOR ONILDO LEMOS, 1409",ARANHAS/SANTINHO,0
81051,100,1368,ESCOLA DE ENSINO BÁSICO INTENDENTE JOSE FERNANDES,"RUA JOAO GUALBERTO SOARES, 324",1368,ESCOLA DE ENSINO BÁSICO INTENDENTE JOSE FERNANDES,"RUA JOAO GUALBERTO SOARES, 324",SITIO CAPIVARI/INGLESES,0
81051,100,1376,N.E.I. - NUCLEO DE EDUCAÇÃO INFANTIL GENTIL MATHIAS DA SILVA,"RUA DOM JOAO BECKER, 988",1376,N.E.I. - NUCLEO DE EDUCAÇÃO INFANTIL GENTIL MATHIAS DA SILVA,"RUA DOM JOAO BECKER, 988",INGLESES,0
81051,100,1384,ESCOLA BASICA MUNICIPAL MARIA CONCEICAO NUNES,"RUA LUIZ DUARTE, S/N",1384,ESCOLA BASICA MUNICIPAL MARIA CONCEICAO NUNES,"RUA LUIZ DUARTE, S/N",RIO VERMELHO,0
81051,100,1465,JURERÊ SPORTS CENTER,"AVENIDA DOS DOURADOS, 481",1465,JURERÊ SPORTS CENTER,"AVENIDA DOS DOURADOS, 481",JURERÊ INTERNACIONAL,0
81051,100,1562,COLÉGIO SANTA TEREZINHA,"SERVIDAO SAFIRA, N. 148",1562,COLÉGIO SANTA TEREZINHA,"SERVIDAO SAFIRA, N. 148",INGLESES,0
81051,100,1538,CRECHE NEIM VICENTINA MARIA DA COSTA LAURINDO,"RODOVIA JOSÉ CARLOS DAUX, 16019 (SC 401 KM 15)",1538,CRECHE NEIM VICENTINA MARIA DA COSTA LAURINDO,"RODOVIA JOSÉ CARLOS DAUX, 16019 (SC 401 KM 15)",VARGEM PEQUENA,0
81051,100,1503,ESCOLA DE ENSINO BÁSICO DE MUQUEM,"RUA MANOEL PETRONILHO DA SILVEIRA, 1",1503,ESCOLA DE ENSINO BÁSICO DE MUQUEM,"RUA MANOEL PETRONILHO DA SILVEIRA, 1",RIO VERMELHO,0
81051,100,1473,ESCOLA BÁSICA MUNICIPAL DONICIA MARIA DA COSTA,"RODOVIA VIRGILIO VARZEA, S/N",1473,ESCOLA BÁSICA MUNICIPAL DONICIA MARIA DA COSTA,"RODOVIA VIRGILIO VARZEA, S/N",SACO GRANDE II,0
81051,100,1481,ESCOLA DE ENSINO BASICO LEONOR DE BARROS,"RUA PASTOR WILLIAM RICHARD SCHISLER FILHO, 80",1481,ESCOLA DE ENSINO BASICO LEONOR DE BARROS,"RUA PASTOR WILLIAM RICHARD SCHISLER FILHO, 80",ITACORUBI,0
81051,100,1589,ESCOLA BÁSICA MARCOLINO JOSE DE LIMA,"RODOVIA  ISID DUTRA, 1200",1589,ESCOLA BÁSICA MARCOLINO JOSE DE LIMA,"RODOVIA  ISID DUTRA, 1200",BARRA DO SAMBAQUI,11
81051,100,1724,ESCOLA BÁSICA MUNICIPAL VIRGÍLIO REIS VÁRZEA,"RUA MANOEL MANCELLOS MOURA, S/N",1724,ESCOLA BÁSICA MUNICIPAL VIRGÍLIO REIS VÁRZEA,"RUA MANOEL MANCELLOS MOURA, 100",CANASVIEIRAS,0
81051,100,1597,ESCOLA DINAMICA,"RUA CRISTOVAO MACHADO DE CAMPOS, 1001",1597,ESCOLA DINAMICA,"RUA CRISTOVAO MACHADO DE CAMPOS, 1001",VARGEM GRANDE,93
81051,100,1732,ESCOLA BÁSICA MUNICIPAL PROFESSORA HERONDINA MEDEIROS ZEFERINO,"RUA TRÊS MARIAS, 1072",1732,ESCOLA BÁSICA MUNICIPAL PROFESSORA HERONDINA MEDEIROS ZEFERINO,"RUA TRÊS MARIAS, 1072",INGLESES,0
81051,100,1600,CENTRO EDUCACIONAL UNIVERSO,"SERVIDÃO PROFESSOR NILSON JOSÉ DE JESUS, 91 (SC 403, KM 06)",1600,CENTRO EDUCACIONAL UNIVERSO,"SERVIDÃO PROFESSOR NILSON JOSÉ DE JESUS, 91 (SC 403, KM 06)",INGLESES,0
81051,100,1627,CRECHE ORLANDINA CORDEIRO,"RODOVIA VIRGILIO VARZEA, 380, FONE (48) 3238 0305",1627,NEIM ORLANDINA CORDEIRO,"RODOVIA VIRGILIO VARZEA, 380, FONE (48) 3238 0305",SACO GRANDE,16
81051,100,1678,E.B.M. ANTÔNIO PASCHOAL APÓSTOLO,"RODOVIA JOÃO GUALBERTO SOARES, 6809",1678,E.B.M. ANTÔNIO PASCHOAL APÓSTOLO,"RODOVIA JOÃO GUALBERTO SOARES, 6809",RIO VERMELHO,0
81051,100,1686,ANEXO DA ESCOLA DE ENSINO BÁSICO INTENDENTE JOSÉ FERNANDES,"SERVIDÃO MANOEL LAUREANO DOS SANTOS, 1144",1686,ANEXO DA ESCOLA DE ENSINO BÁSICO INTENDENTE JOSÉ FERNANDES,"ESTRADA DÁRIO MANOEL CARDOSO, N1144",INGLESES,8
81051,100,1708,E.E.M. JACÓ ANDERLE,"RUA FRANCISCO FAUSTO MARTINS, S/N",1708,E.E.M. JACÓ ANDERLE,"RUA FRANCISCO FAUSTO MARTINS, S/N",VARGEM GRANDE,0
81051,100,1740,UDESC - ESCOLA SUPERIOR DE ADMINISTRAÇÃO E GERÊNCIA - ESAG,"AVENIDA MADRE BENVENUTA, 2037",1740,UDESC - ESCOLA SUPERIOR DE ADMINISTRAÇÃO E GERÊNCIA - ESAG,"AVENIDA MADRE BENVENUTA, 2037",ITACORUBI,0
81051,100,1830,ANEXO II DA ESCOLA INTENDENTE JOSÉ FERNANDES,"RUA INTENDENTE JUÃO NUNES VIEIRA, 636",1686,ANEXO DA ESCOLA DE ENSINO BÁSICO INTENDENTE JOSÉ FERNANDES,"ESTRADA DÁRIO MANOEL CARDOSO, N1144",INGLESES,
81051,100,1848,CENTRO DE CIÊNCIAS AGRÁRIA DA UNIVERSIDADE FEDERAL DE SANTA CATRINA,"RODOVIA ADMAR GONZAGA, 1346",1848,CENTRO DE CIÊNCIAS AGRÁRIA DA UNIVERSIDADE FEDERAL DE SANTA CATARINA,"RODOVIA ADMAR GONZAGA, 1346",ITACORUBI,0
80888,78,1015,NÚCLEO ESCOLAR MUNICIPAL VIDA E ALEGRIA,"RUA CURITIBA, N. 99",1015,NÚCLEO ESCOLAR MUNICIPAL VIDA E ALEGRIA,"RUA CURITIBA, N. 99",ALBERTO MENEGHETTI,0
80888,78,1031,PAVILHÃO COMUNITÁRIO DA LINHA BARÃO DO TRIUNFO,"ESTRADA GERAL, S/N",1031,PAVILHÃO COMUNITÁRIO DA LINHA BARÃO DO TRIUNFO,"ESTRADA GERAL, S/N",LINHA DO BARAO DO TRIUNFO,0
81060,98,1015,INSTITUTO SAGRADA FAMILIA,"RUA JOÃO JOSÉ BACK, N. 370",1015,COLÉGIO SAGRADA FAMILIA,"RUA JOÃO JOSÉ BACK, N. 370",CENTRO,0
81060,98,1023,ESCOLA DE EDUCAÇÃO BÁSICA WALDEMAR CASAGRANDE,"RUA FRANCISCO RONCHI, N, 148",1023,EEB WALDEMAR CASAGRANDE,"RUA FRANCISCO RONCHI, N, 148",OURO NEGRO,0
81060,98,1031,COLÉGIO ESTADUAL NATÁLIO VASSOLER,"RUA IVANIR BRUNELLI LAZZARIN, 80",1031,EEB NATÁLIO VASSOLER,"RUA IVANIR BRUNELLI LAZZARIN, 80",VILA FRANCA,0
81060,98,1040,GRUPO ESCOLAR ALOYSIUS BACK,"RUA HERCÍLIO MINATTO, N. 134",1040,EEB ALOYSIUS BACK,"RUA HERCÍLIO MINATTO, 134",VILA LOURDES,0
81060,98,1198,CENTRO DE EDUCAÇÃO INFANTIL MONTEIRO LOBATO,"RUA DOS PRÍNCIPES, N. 155",1198,CEI MONTEIRO LOBATO,"RUA DOS PRÍNCIPES, N. 155",SANTA ANA,0
81060,98,1082,CENTRO COMUNITÁRIO SÃO PEDRO,"RODOVIA ANTÔNIO WALMOR CANELA , S/N",1082,ESCOLA ISOLADA SÃO PEDRO,RODOVIA  MUNICIPAL JOÃO FRANCELINO MACHADO,SÃO PEDRO,0
81060,98,1074,ESCOLA DE ENSINO FUNDAMENTAL FRANCISCO JOÃO LOCH,"RODOVIA LEONARDO LOCH, S/N",1074,PAVILHÃO DA IGREJA  (ESC FRANCISCO JOÃO LOCH)-STA TEREZINHA,"RODOVIA LEONARDO LOCH, S/N",SANTA TEREZINHA,0
81060,98,1090,CENTRO COMUNITÁRIO SANGA DO CAFÉ,"RUA DOS IMIGRANTES ITALIANOS , S/N",1090,CENTRO COMUNITÁRIO SANGA DO CAFÉ,RUA MARIO VITALI,SANGA DO CAFÉ,0
81060,98,1104,ESCOLA BÁSICA ANGELO IZE,"RUA DOS IMIGRANTES ITALIANOS, S/N",1104,EEB ANGELO IZE,"RUA DO IMIGRANTE ITALIANO, S/N",SANGA DO ENGENHO,0
81060,98,1112,CENTRO COMUNITÁRIO SANTA ROSA,RUA DOS IMIGRANTES POLONESES,1112,CENTRO COMUNITÁRIO SANTA ROSA,RUA DOS IMIGRANTES POLONESES,SANTA ROSA,0
81060,98,1120,CENTRO COMUNITÁRIO MORRO COMPRIDO,"RUA GERAL, S/N",1120,EEB GUILHERME SCARDUELLI,RUA MERCEDES MINATTO SCARDUELLI,MORRO COMPRIDO,0
81060,98,1139,CENTRO COMUNITÁRIO DO PIQUE DO RIO DO CEDRO,ROD. MUNICIPAL EMA DE CESARO CAVALER MINATTO,1139,CLUBE DE MÃES DO PIQUE DO RIO CEDRO,ROD. EMA DE CESARO CAVALER,PIQUE DO RIO CEDRO,0
81060,98,1147,ESCOLA DE EDUCAÇÃO BÁSICA JOSÉ ALÉSSIO,"RUA SANTA BÁRBARA, N. 1197",1147,EEB JOSÉ ALÉSSIO,"RUA SANTA BÁRBARA, N. 1197",CIDADE ALTA,0
81060,98,1155,ESCOLA REUNIDA EGÍDIO DE BONA,"RODOVIA JOSEPHINA LODETTI VASSOLER, N. 3450",1155,EEB EGÍDIO DE BONA,"RODOVIA JOSEPHINA LODETTI VASSOLER, N. 3450",LINHA SANTA CRUZ,0
81060,98,1163,ESCOLA DE EDUCAÇÃO BÁSICA LUIZ TRAMONTIN,"RUA BONIFÁCIO BACK, 533",1163,EEB LUIZ TRAMONTIN,"RUA BONIFÁCIO BACK, 533",SANTA IZABEL,0
81060,98,1171,ESCOLA DE EDUCAÇÃO BÁSICA GABRIEL SERAFIM,AVENIDA DOS PAPAGAIOS,1171,EEB GABRIEL SERAFIM,"AVENIDA DOS PAPAGAIOS, 122",SANTA LÍBERA,0
81060,98,1180,ESCOLA DE EDUCAÇÃO BÁSICA PROFESSOR JAKOB ARNS,"RUA DAS EXTREMOSAS, 97",1180,EEB PROFESSOR JAKOB ARNS,"RUA DAS EXTREMOSAS, 97",VILA SATURNO,0
81078,77,1015,ESCOLA DE EDUCAÇÃO BÁSICA GONÇALVES DIAS,"RUA PADRE BIAGIO SIMONETTI, N. 574",1015,ESCOLA DE EDUCAÇÃO BÁSICA GONÇALVES DIAS,"RUA PADRE BIAGIO SIMONETTI, N. 574",CENTRO,0
81078,77,1244,CENTRO EDUCACIONAL MUNICIPAL MACIEIRA,"RUA MUTZU, S/N",1244,CENTRO EDUCACIONAL MUNICIPAL MACIEIRA,"RUA MUTZU, S/N",MACIEIRA,0
81078,77,1180,CENTRO EDUCACIONAL MUNICIPAL SÃO SEBASTIÃO,"RUA VALTER SCHALY, S/N",1180,CENTRO EDUCACIONAL MUNICIPAL SÃO SEBASTIÃO,"RUA VALTER SCHALY, S/N",SÃO SEBASTIÃO,0
81078,77,1040,CENTRO EDUCACIONAL MUNICIPAL LAU MELLO,"RODOVIA FB 030, S/N",1040,CENTRO EDUCACIONAL MUNICIPAL LAU MELLO,"RODOVIA FB 030, S/N",LAU MELLO,0
81078,77,1058,CENTRO DE EDUCAÇÃO MUNICIPAL FAXINAL DOS CARVALHOS,"ESTRADA GERAL, S/N",1058,CENTRO DE EDUCAÇÃO MUNICIPAL FAXINAL DOS CARVALHOS,"ESTRADA GERAL, S/N",FAXINAL DOS CARVALHOS,0
81078,77,1082,PAVILHÃO IGREJA SÃO BOM JESUS,"RODOVIA FB 140 , S/N, TAQUARUÇÚ",1082,PAVILHÃO IGREJA SÃO BOM JESUS,"RODOVIA FB 140 , S/N, TAQUARUÇÚ",TAQUARUÇÚ,0
81078,77,1090,CENTRO EDUCACIONAL MUNICIPAL ARNOLDO FREY,RODOVIA SC 355,1090,CENTRO EDUCACIONAL MUNICIPAL ARNOLDO FREY,RODOVIA SC 355,POMIFRAI,0
81078,77,1252,ESCOLA DE EDUCAÇÃO BÁSICA VINTE E CINCO DE MAIO,"ESTRADA GERAL, S/N",1252,ESCOLA DE EDUCAÇÃO BÁSICA VINTE E CINCO DE MAIO,"ESTRADA GERAL, S/N",VITÓRIA DA CONQUISTA,0
81078,77,1333,ESCOLA MUNICIPAL CARLOS GOMES,"RUA PRINCIPAL, S/N",1333,ESCOLA MUNICIPAL CARLOS GOMES,"RUA PRINCIPAL, S/N",DEZ DE NOVEMBRO,0
81078,77,1198,ESCOLA DE EDUCAÇÃO BÁSICA MUNICIPAL PADRE BIAGIO SIMONETTI,"RUA PROFESSORA MARIA SALETE DE OLIVEIRA, 59",1198,ESCOLA DE EDUCAÇÃO BÁSICA MUNICIPAL PADRE BIAGIO SIMONETTI,"RUA PROFESSORA MARIA SALETE DE OLIVEIRA, 59",CENTRO,0
81078,77,1309,ESCOLA MUNICIPAL DE ENSINO FUNDAMENTAL PROFESSOR EURICO PINZ,"RUA  ARCINDO HASS, 471",1309,ESCOLA MUNICIPAL DE ENSINO FUNDAMENTAL PROFESSOR EURICO PINZ,"RUA  ARCINDO HASS, 471",SÃO MIGUEL,0
81078,77,1260,FUNDAÇÃO UNIVERSIDADE DO ALTO VALE DO RIO DO PEIXE,"RUA CARLOS MAISTER, SN",1260,FUNDAÇÃO UNIVERSIDADE DO ALTO VALE DO RIO DO PEIXE,"RUA CARLOS MAISTER, SN",DAS NAÇÕES,0
81078,77,1163,ESCOLA DE EDUCAÇÃO BÁSICA SÃO JOSÉ,"AV. MIGUEL NOVICK, SN",1163,ESCOLA DE EDUCAÇÃO BÁSICA SÃO JOSÉ,"AV. MIGUEL NOVICK, SN",DAS NAÇÕES,0
81078,77,1171,ESCOLA DE ENSINO FUNDAMENTAL BELA VISTA,"AV. BRASIL, N. 430",1171,ESCOLA DE ENSINO FUNDAMENTAL BELA VISTA,"AV. BRASIL, N. 430",BELA VISTA,0
81078,77,1341,CENTRO DE EDUCAÇÃO MUNICIPAL SÃO MIGUEL,GUIDO BRANDT S/N,1341,CENTRO EDUCACIONAL MUNICIPAL SÃO MIGUEL,GUIDO BRANDT S/N,SÃO MIGUEL,0
81078,77,1325,ESCOLA MUNICIPAL JOSE DE ANCHIETA,"RUA JOAO PAULO I, S/N",1325,ESCOLA MUNICIPAL JOSE DE ANCHIETA,"RUA JOAO PAULO I, S/N",JARDIM AMÉRICA,0
81078,77,1350,CENTRO DE EDUCAÇÃO MUNICIPAL SÃO CRISTÓVÃO,RUA PAULO PEDROSO,1350,CENTRO DE EDUCAÇÃO MUNICIPAL SÃO CRISTÓVÃO,RUA PAULO PEDROSO,SÃO CRISTÓVÃO,0
81078,77,1384,CEI LIBERATA,"RUA JOSÉ CARLOS MACEDO MARQUES, SN",1384,CEI LIBERATA,"RUA JOSÉ CARLOS MACEDO MARQUES, SN",SÃO LUIZ,0
81329,11,1015,SALÃO DE FESTAS DE SEDE SÃO JOSÉ,"ESTRADA GERAL, S/N",1015,SALÃO DE FESTAS DE SEDE SÃO JOSÉ,"ESTRADA GERAL, S/N",SEDE SAO JOSE,0
81329,11,1066,ESCOLA BÁSICA URBANO SALLES,"RUA LUIZ DAROL, N. 152",1066,ESCOLA BÁSICA URBANO SALLES,"RUA LUIZ DAROL, N. 152",CENTRO,0
81329,11,1058,CENTRO MUNICIPAL IRMÃ FLORENTINA,"RUA OTÁVIO MARIOTI, S/N",1058,CENTRO MUNICIPAL IRMÃ FLORENTINA,"RUA OTÁVIO MARIOTI, S/N",NÚCLEO TRITÍCOLA,0
81329,11,1074,PAVILHÃO DA CAPELA N. SRA. DOS CAMPOS,"SC 451, S/N",1074,PAVILHÃO DA CAPELA N. SRA. DOS CAMPOS,"SC 451, S/N",NUCLEO CELSO RAMOS,0
81329,11,1082,SALÃO DE FESTAS DO LOTE 14,"ESTRADA GERAL, S/N",1082,SALÃO DE FESTAS DO LOTE 14,"ESTRADA GERAL, S/N",LOTE 14,0
81094,49,1023,ESCOLA DE EDUCAÇÃO BÁSICA VERÔNICA SENEM,"RUA DOM PEDRO I, N. 220",1023,ESCOLA DE EDUCAÇÃO BÁSICA VERÔNICA SENEM,"RUA DOM PEDRO I, N. 220",CENTRO,0
81094,49,1082,ESCOLA MUNICIPAL DE ENSINO FUNDAMENTAL ARNALDO FRANCISCO DOS SANTOS,"RUA  VITAL BRASIL, N. 140",1082,ESCOLA MUNICIPAL DE ENSINO FUNDAMENTAL ARNALDO FRANCISCO DOS SANTOS,"RUA  VITAL BRASIL, N. 140",ESPERANÇA,0
81132,73,1015,ESCOLA DE EDUCAÇÃO BÁSICA PROFESSOR JOSÉ RODRIGUES LOPES,"RUA ANTONIO JOSÉ BOTELHO, N. 284",1015,E. E. B. PROF. JOSÉ RODRIGUES LOPES,"RUA ANTONIO JOSÉ BOTELHO, N. 284",CENTRO,0
81132,73,1040,ESCOLA DE EDUCAÇÃO BÁSICA MARIA CORREA SAAD,"RODOVIA SC 434, KM 10, S/N",1040,E. E. B. MARIA CORRÊA SAAD,"RODOVIA SC 434, KM 10, S/N",CAMPO D'UNA,0
81132,73,1058,ESCOLA REUNIDA PROFESSOR ARY MANOEL DOS SANTOS,"ESTRADA GERAL DO MACACU, S/N,",1058,E. M. E. F. PROF. ARY MANOEL DOS SANTOS,"RUA PEDRO MANOEL DE LIMA, S/N",MACACU,0
81132,73,1066,ESCOLA MUNICIPAL DE ENSINO FUNDAMENTAL ADUCI ARBUES DO NASCIMENTO,"ESTRADA GERAL DO SIRIÚ, RODOVIA GRP 010, S/N",1066,E. M. E. F. ADUCI ARBUES DO NASCIMENTO,RODOVIA JOVINO PIUCCO - SN - SIRIÚ,SIRIÚ,0
81132,73,1074,E. M. DE ENSINO FUNDAMENTAL PROF. CONSTÂNCIA LOPES PEREIRA,"ESTRADA GERAL DA GAMBOA, S/N",1074,E. M. E. F. PROF. CONSTÂNCIA LOPES PEREIRA,"ESTRADA GERAL DA GAMBOA, S/N",GAMBOA,0
81132,73,1147,ESCOLA MUNICIPAL DE ENSINO FUNDAMENTAL PAULA MARTINS PEREIRA,"R. IVO JOAQUIM CARDOSO, S/N",1147,E. M. E. F. PAULA MARTINS PEREIRA,"R. IVO JOAQUIM CARDOSO, S/N",AREIAS DE PALHOCINHA,0
81132,73,1163,ESCOLA MUNICIPAL PROFESSORA JANDIRA LUÍSA DA SILVA,"PRAÇA ARGEMIRO PACHECO DE SOUZA, S/N",1163,E. M. E. F. PROF. JANDIRA LUÍSA DA SILVA,"PRAÇA ARGEMIRO PACHECO DE SOUZA, S/N",PALHOCINHA,0
81132,73,1155,ESCOLA MUNICIPAL DO PINGUIRITO,"RUA JOÃO NICOMEDES LENTZ, N. 1351",1155,E. M. E. F. PROF. MANUEL VALENTIM,"RUA JOÃO NICOMEDES LENTZ, N. 1351",PINGUIRITO,0
81132,73,1171,EEB PREFEITO LUIZ CARLOS LUIZ,"RODOVIA DOS AÇORES, S/N",1171,E. E. B. PREFEITO LUIZ CARLOS LUIZ,"RODOVIA DOS AÇORES, S/N",AMBRÓSIO,0
81159,105,1015,ESCOLA DE EDUCAÇÃO BÁSICA CARMEN SEARA LEITE,"RUA PAPA JOÃO XXIII, N. 60",1015,ESCOLA DE EDUCAÇÃO BÁSICA CARMEN SEARA LEITE,"RUA PAPA JOÃO XXIII, N. 60",CENTRO,0
81159,105,1066,ESCOLA MUNICIPAL ERNESTO ALBERTO HATTENHAUR,"ESTRADA GERAL DE TRÊS BARRAS, S/N",1066,ESCOLA MUNICIPAL ERNESTO ALBERTO HATTENHAUR,"ESTRADA TRÊS BARRAS, 4826",TRÊS BARRAS,0
81159,105,1031,ASSOCIAÇÃO DE PAIS E AMIGOS DOS EXCEPCIONAIS - APAE,"AVENIDA CELSO RAMOS, N. 728",1031,ASSOCIAÇÃO DE PAIS E AMIGOS DOS EXCEPCIONAIS - APAE,"AVENIDA CELSO RAMOS, 5295",URUBUQUARA,0
81159,105,1040,ASSOCIAÇÃO COMUNITÁRIA LÍRIO AMARELO,"ESTRADA COLONIAL OTTO ROEDER, 2966",1040,ASSOCIAÇÃO COMUNITÁRIA LÍRIO AMARELO,"ESTRADA COLONIAL OTTO ROEDER, 2966",GARUVA ACIMA,0
81159,105,1082,ESCOLA DE ENSINO FUNDAMENTAL TANCREDO DE ALMEIDA NEVES,"R. TIRADENTES, N. 149",1082,ESCOLA DE ENSINO FUNDAMENTAL TANCREDO DE ALMEIDA NEVES,"R. TIRADENTES, N. 149",JARDIM GARUVA,0
81159,105,1074,ESCOLA MUNICIPAL VICENTE VIEIRA,"RUA ANTÔNIO LADISLAU DE ARAÚJO, N. 802",1074,ESCOLA MUNICIPAL VICENTE VIEIRA,"RUA ANTÔNIO LADISLAU DE ARAÚJO, N. 802",VILA GEORGIA PAULA,0
81175,64,1040,ESCOLA DE EDUCAÇÃO BÁSICA PROFESSOR  HONÓRIO MIRANDA,"RUA SÃO PEDRO, N. 158",1040,ESCOLA DE EDUCAÇÃO BÁSICA PROFESSOR  HONÓRIO MIRANDA,"RUA SÃO PEDRO, N. 158",CENTRO,0
81175,64,1112,ESCOLA DE EDUCAÇÃO BÁSICA IVO D'AQUINO,"RUA JOSÉ HONORATO MÜLLER, N. 259",1112,ESCOLA DE EDUCAÇÃO BÁSICA IVO D'AQUINO,"RUA JOSÉ HONORATO MÜLLER, N. 259",COLONINHA,0
81175,64,1090,ESCOLA DE EDUCAÇÃO BÁSICA FREI GODOFREDO,"RUA MANOEL BITTENCOURT, N. 330",1090,ESCOLA DE EDUCAÇÃO BÁSICA FREI GODOFREDO,"RUA MANOEL BITTENCOURT, N. 330",SETE DE SETEMBRO,0
81175,64,1120,ESCOLA DE EDUCAÇÃO BÁSICA ZENAIDE SCHMITT COSTA,"RUA JACOB JUNGES, N. 186",1120,ESCOLA DE EDUCAÇÃO BÁSICA ZENAIDE SCHMITT COSTA,"RUA JACOB JUNGES, N. 186",SANTA TEREZINHA,0
81175,64,1430,ESCOLA DE EDUCAÇÃO BÁSICA LUIZ FRANZÓI,"RUA VITÓRIO FANTONI, N. 343",1430,ESCOLA DE EDUCAÇÃO BÁSICA LUIZ FRANZÓI,"RUA VITÓRIO FANTONI, N. 343",BATEIAS,0
81175,64,1147,ESCOLA DE EDUCAÇÃO BÁSICA MARINA VIEIRA LEAL,"RUA LINO VICENTE ALBERICI, N. 200",1147,ESCOLA DE EDUCAÇÃO BÁSICA MARINA VIEIRA LEAL,"RUA LINO VICENTE ALBERICI, N. 200",BARRACÃO,0
81175,64,1180,ESCOLA DE EDUCAÇÃO BÁSICA MÁRIO PEDERNEIRAS,"ESTRADA GERAL POÇO GRANDE, N. 5.435",1180,ESCOLA DE EDUCAÇÃO BÁSICA MÁRIO PEDERNEIRAS,"ESTRADA GERAL POÇO GRANDE, N. 5.435",LAGOA,0
81175,64,1295,ESCOLA DE EDUCAÇÃO BÁSICA PROFESSOR VITÓRIO ANACLETO CARDOSO,"RUA GERAL POÇO GRANDE, N. 87",1295,ESCOLA DE EDUCAÇÃO BÁSICA PROFESSOR VITÓRIO ANACLETO CARDOSO,"RUA GERAL POÇO GRANDE, N. 87",LAGOA,0
81175,64,1210,ESCOLA DE EDUCAÇÃO BÁSICA PROFESSORA DOLORES LUZIA DOS SANTOS KRAUSS,"RUA GUILHERME SABEL, N. 350",1210,ESCOLA DE EDUCAÇÃO BÁSICA PROFESSORA DOLORES LUZIA DOS SANTOS KRAUSS,"RUA GUILHERME SABEL, N. 350",FIGUEIRA,0
81175,64,1228,INSTITUTO FEDERAL DE SANTA CATARINA,"RUA ADRIANO KORMANN, N. 510",1228,INSTITUTO FEDERAL DE SANTA CATARINA,"RUA ADRIANO KORMANN, N. 510",BELA VISTA,0
81175,64,1244,ESCOLA DE EDUCAÇÃO BÁSICA PROFESSOR OLÍMPIO MORETTO,"RUA PREFEITO LEOPOLDO SCHRAMM, N. 2.425",1244,ESCOLA DE EDUCAÇÃO BÁSICA PROFESSOR OLÍMPIO MORETTO,"RUA PREFEITO LEOPOLDO SCHRAMM, N. 2.425",GASPAR GRANDE,0
81175,64,1252,ESCOLA DE EDUCAÇÃO BÁSICA PROFESSOR RUDOLFO GÜNTHER,"RUA GREGÓRIO SCHMIDT, N. 50",1252,ESCOLA DE EDUCAÇÃO BÁSICA PROFESSOR RUDOLFO GÜNTHER,"RUA GREGÓRIO SCHMIDT, N. 50",GASPAR ALTO,0
81175,64,1279,ESCOLA DE EDUCAÇÃO BÁSICA FERANDINO DAGNONI,"RUA VÓ IDA DAGNONI, N. 58",1279,ESCOLA DE EDUCAÇÃO BÁSICA FERANDINO DAGNONI,"RUA VÓ IDA DAGNONI, N. 58",GASPARINHO,0
81175,64,1384,ESCOLA DE ENSINO FUNDAMENTAL PROFESSORA ANA LIRA,"RUA ITÁLIA, N. 6041",1384,ESCOLA DE ENSINO FUNDAMENTAL PROFESSORA ANA LIRA,"RUA ITÁLIA, N. 6041",ALTO GASPARINHO,0
81175,64,1333,ESCOLA DE EDUCAÇÃO BÁSICA BELCHIOR,"RUA BONIFÁCIO HAENDCHEN, N. 945",1333,ESCOLA DE EDUCAÇÃO BÁSICA VEREADOR LAURENTINO SCHMITT,"RUA BONIFÁCIO HAENDCHEN, N. 945",BELCHIOR CENTRAL,0
81175,64,1341,ESCOLA DE EDUCAÇÃO BÁSICA FREI POLICARPO,"RUA BONIFÁCIO HAENDCHEN, N. 4.400",1341,ESCOLA DE EDUCAÇÃO BÁSICA FREI POLICARPO,"RUA BONIFÁCIO HAENDCHEN, N. 4.400",BELCHIOR ALTO,0
81175,64,1414,ESCOLA DE EDUCAÇÃO BÁSICA ERVINO VENTURI,"RUA ARTUR POFFO, N. 425",1414,ESCOLA DE EDUCAÇÃO BÁSICA ERVINO VENTURI,"RUA ARTUR POFFO, N. 425",SANTA TEREZINHA,0
81116,2,1023,ESCOLA BÁSICA ABEL CAPELLA,"RUA HIPOLITO DE AZEVEDO, S/N",1023,ESCOLA BÁSICA ABEL CAPELLA,"RUA HIPOLITO DE AZEVEDO, S/N",CANTO DOS GANCHOS,0
81116,2,1031,ESCOLA BÁSICA DOUTOR ADERBAL RAMOS DA SILVA,"AVENIDA GANCHOS, N. 1050",1031,ESCOLA BÁSICA DOUTOR ADERBAL RAMOS DA SILVA,"AVENIDA GANCHOS, N. 1050",GANCHOS DO MEIO,0
81116,2,1040,ESCOLA DE EDUCAÇÃO BÁSICA MARIA AMÁLIA CARDOSO,"RUA GERINO B. DOS SANTOS, N. 54",1040,ESCOLA DE EDUCAÇÃO BÁSICA MARIA AMÁLIA CARDOSO,"RUA GERINO B. DOS SANTOS, N. 54",FAZENDA DA ARMAÇÃO,0
81116,2,1058,ESCOLA MUNICIPAL PROFESSORA ALAÍDE DA SILVA MAFRA,"RUA JOAQUIM COELHO, S/N",1058,ESCOLA MUNICIPAL PROFESSORA ALAÍDE DA SILVA MAFRA,"RUA JOAQUIM COELHO, S/N",AREIAS DO MEIO,0
81116,2,1066,ESCOLA MUNICIPAL PREFEITO JOÃO BALDANÇA SOBRINHO,"RUA ROSENO JOAQUIM SAGÁS, S/N",1066,ESCOLA MUNICIPAL PREFEITO JOÃO BALDANÇA SOBRINHO,"RUA ROSENO JOAQUIM SAGÁS, S/N",PALMAS,0
81116,2,1074,ESCOLA BÁSICA PROFESSORA ELVIRA SARDÁ DA SILVA,"AVENIDA LEANDRO ADUCCI NUNES, S/N",1074,ESCOLA BÁSICA PROFESSORA ELVIRA SARDÁ DA SILVA,"AVENIDA LEANDRO ADUCCI NUNES, S/N",AREIAS DE BAIXO,0
81116,2,1082,ESCOLA DE EDUCAÇÃO BÁSICA PROFESSORA SÍLVIA PRAZERES DE CARVALHO,"SERVIDÃO JOÃO KINQUINHA, N. 75",1082,ESCOLA DE EDUCAÇÃO BÁSICA PROFESSORA SÍLVIA PRAZERES DE CARVALHO,"SERVIDÃO JOÃO KINQUINHA, N. 75",CAIEIRA,0
81116,2,1090,ESCOLA MUNICIPAL DO MEIO AMBIENTE PROFESSORA ONDINA DA SILVA ROSA,"RUA GERAL DA COSTEIRA, S/N",1090,ESCOLA MUNICIPAL DO MEIO AMBIENTE PROFESSORA ONDINA DA SILVA ROSA,"RUA GERAL DA COSTEIRA, S/N",COSTEIRA DA ARMACAO,0
81116,2,1104,ESCOLA MUNICIPAL PROFESSORA DALMA LUZ DE AZEVEDO,"AV. BELA VISTA, S/N",1104,ESCOLA MUNICIPAL PROFESSORA DALMA LUZ DE AZEVEDO,"AV. BELA VISTA, S/N",CALHEIROS,0
81116,2,1112,CENTRO DE EDUCAÇÃO INFANTIL LÚCIA FRANCISCA SAGÁS,"RUA JOÃO MANOEL DA COSTA, N. 242",1112,CENTRO DE EDUCAÇÃO INFANTIL LÚCIA FRANCISCA SAGÁS,"RUA JOÃO MANOEL DA COSTA, N. 242",AREIAS DO MEIO,0
81116,2,1120,CENTRO DE EDUCAÇÃO INFANTIL PROFESSOR ELDES MAFRA,"RUA DOMINGOS TEIXEIRA, S/N",1120,CENTRO DE EDUCAÇÃO INFANTIL PROFESSOR EUDES MAFRA,"RUA DOMINGOS TEIXEIRA, S/N",AREIAS DE CIMA,0
81191,44,1139,CENTRO DE MULTIPLO USO (PETI),"RUA  ADERBAL RAMOS DA SILVA, S/N, DEFRONTE A DELEGACIA",1139,CENTRO DE MULTIPLO USO (PETI),RUA  ADERBAL RAMOS DA SILVA  - CENTRO - FRENTE DELEGACIA,CENTRO,0
81191,44,1147,ESCOLA MUNICIPAL GREGORIO WESSLER,"RUA LEOBERTO LEAL, N. 27",1147,ESCOLA MUNICIPAL GREGORIO WESSLER,"RUA LEOBERTO LEAL,  27 - CENTRO",CENTRO,0
81191,44,1015,ESCOLA DE EDUCACAO BASICA DOUTOR MIGUEL DE PATTA,"RUA NEREU RAMOS, N. 480",1015,ESCOLA DE EDUCACAO BASICA DOUTOR MIGUEL DE PATTA,"RUA NEREU RAMOS, 480 - CENTRO",CENTRO,0
81191,44,1023,CENTRO COMUNITÁRIO SANTO STANISLAU,"ESTRADA GERAL, S/N",1023,CENTRO COMUNITÁRIO SANTO STANISLAU,ESTRADA GERAL  BRAÇO ESQUERDO,BRACO ESQUERDO,0
81191,44,1031,CENTRO COMUNITARIO SAO MIGUEL ARCANJO,"ESTRADA GERAL, S/N",1031,CENTRO COMUNITARIO SAO MIGUEL ARCANJO,ESTRADA GERAL INVERNADA,INVERNADA,0
81191,44,1040,CENTRO COMUNITÁRIO NOSSA SENHORA DE LOURDES,"ESTRADA GERAL, S/N",1040,CENTRO COMUNITÁRIO NOSSA SENHORA DE LOURDES,ESTRADA GERAL RIO CACHOEIRINHA,RIO CACHOEIRINHA,0
81191,44,1058,CENTRO COMUNITÁRIO SÃO SEBASTIÃO,"ESTRADA GERAL, S/N",1058,CENTRO COMUNITÁRIO SÃO SEBASTIÃO,ESTRADA GERAL CAPIVARAS ALTA,CAPIVARAS ALTA,0
81191,44,1066,ESCOLA DE ENSINO FUNDAMENTAL PADRE HERIBERTO BORGERT,"ESTRADA GERAL, S/N",1066,ESCOLA DE ENSINO FUNDAMENTAL PADRE HERIBERTO BORGERT,ESTRADA GERAL  AIURÊ,AIURÊ,0
81191,44,1074,CENTRO COMUNITÁRIO SANTA AUGUSTA,"ESTRADA GERAL, S/N",1074,CENTRO COMUNITÁRIO SANTA AUGUSTA,ESTRADA GERAL BARRA DO RIO DO MEIO,BARRA DO RIO DO MEIO,0
81191,44,1082,CENTRO COMUNITÁRIO BEATOS TRÊS MÁRTIRES,"ESTRADA GERAL, S/N",1082,CENTRO COMUNITÁRIO BEATOS TRÊS MÁRTIRES,ESTRADA GERAL ILHA GRANDE,ILHA GRANDE,0
81191,44,1090,CENTRO COMUNITÁRIO SANTO ANTÔNIO,"ESTRADA GERAL, S/N",1090,CENTRO COMUNITÁRIO SANTO ANTÔNIO,ESTRADA GERAL CAPIVARAS DO MEIO,CAPIVARAS DO MEIO,0
81191,44,1104,CENTRO COMUNITARIO SAO JOSE,"ESTRADA GERAL, S/N",1104,CENTRO COMUNITARIO SAO JOSE,ESTRADA GERAL SERRA FURADA,SERRA FURADA,0
81191,44,1112,CENTRO COMUNITARIO NOSSA SENHORA DA GLORIA,"RODOVIA SC 439 KM 8, S/N",1112,CENTRO COMUNITARIO NOSSA SENHORA DA GLORIA RIO PEQUENO,RODOVIA SC 439 RIO PEQUENO,RIO PEQUENO,0
81191,44,1120,CENTRO COMUNITÁRIO NOSSA SENHORA DA GLÓRIA,"ESTRADA GERAL, S/N",1120,CENTRO COMUNITÁRIO NOSSA SENHORA DA GLÓRIA LINHA ANTUNES BRAGA,ESTRADA GERAL LINHA  ANTUNES BRAGA,LINHA ANTUNES BRAGA,0
81191,44,1163,CENTRO COMUNITÁRIO SÃO CAMILO,"ESTRADA GERAL, S/N",1163,CENTRO COMUNITÁRIO SÃO CAMILO,ESTRADA GERAL SÃO CAMILO,SÃO CAMILO,0
81213,99,1015,E.E.F. GERALDINA MARIA TAVARES,"RUA ENGENHEIRO ANNES GUALBERTO, 605",1015,E.E.F. GERALDINA MARIA TAVARES,"RUA ENGENHEIRO ANNES GUALBERTO, 605",CENTRO,0
81213,99,1090,UNIDADE DE SAÚDE SERTÃO DOS MEDEIROS,"ESTRADA GERAL, S/N",1090,UNIDADE DE SAÚDE SERTÃO DOS MEDEIROS,"ESTRADA GERAL, S/N",SERTÃO DOS MEDEIROS,0
81213,99,1031,E.E.B. JOSÉ CARDOSO DE AGUIAR,"ESTRADA GERAL, S/N",1031,E.E.B. JOSÉ CARDOSO DE AGUIAR,"ESTRADA GERAL, S/N",VÁRZEA DAS CANOAS,0
81213,99,1040,E.E.B. CATEQUISTA JOANA PENDICA,"RUA JOÃO ESTEVÃO MENDES, S/N",1040,E.E.B. CATEQUISTA JOANA PENDICA,"RUA JOÃO ESTEVÃO MENDES, S/N",POUSO ALTO,0
81213,99,1112,E.E.B. HERCILIO BEZ,"AVENIDA PEDRO ZAPELINI, 186",1112,E.E.B. HERCILIO BEZ,"AVENIDA PEDRO ZAPELINI, 186",TERMAS,0
81213,99,1163,EEM. ANTÔNIO KNABBEN,"ROD. SC 438, HM 200, N. 10621",1163,EEM. ANTÔNIO KNABBEN,"ROD. SC 438, HM 200, N. 10621",CENTRO,0
81213,99,1074,E.E.B.M. DAVID FILETTI,"ESTRADA GERAL, S/N",1074,E.E.B.M. DAVID FILETTI,"ESTRADA GERAL, S/N",SÃO RÓQUE,0
81213,99,1104,E.E.B.M JOÃO MARTINS DE SOUZA,"ESTRADA GERAL, S/N",1104,E.E.B.M JOÃO MARTINS DE SOUZA,"ESTRADA GERAL, S/N",RIACHO,0
81213,99,1120,E.R. LAURITA ALBUQUERQUE,"ESTRADA GERAL, S/N",1120,E.R. LAURITA ALBUQUERQUE,"ESTRADA GERAL, S/N",ILHOTA GRANDE,0
81213,99,1139,E.E.B. FERNANDO JOSE CARDOSO,"ESTRADA GERAL, S/N",1139,E.E.B. FERNANDO JOSE CARDOSO,"ESTRADA GERAL, S/N",INDAIAL,0
81230,5,1023,ESCOLA DE EDUCAÇÃO BÁSICA PROFESSOR JOÃO BOOS,"RUA BRUSQUE, N. 623",1023,ESCOLA DE EDUCAÇÃO BÁSICA PROFESSOR JOÃO BOOS,"RUA BRUSQUE, N. 623",CENTRO,0
81230,5,1031,ESCOLA MUNICIPAL VADISLAU SCHMITT,"RUA ERMELINDO SCHAEFER, 16",1031,ESCOLA MUNICIPAL VADISLAU SCHMITT,"RUA ERMELINDO SCHAEFER, 16",IMIGRANTES,0
81230,5,1058,ESCOLA DE EDUCAÇÃO BÁSICA MUNICIPAL PROFESSOR ARTHUR WIPPEL,"RUA DEZ DE JUNHO, N. 1260",1058,ESCOLA DE EDUCAÇÃO BÁSICA MUNICIPAL PROFESSOR ARTHUR WIPPEL,"RUA DEZ DE JUNHO, N. 1260",CENTRO,0
81230,5,1066,ESCOLA MUNICIPAL DE EDUCAÇÃO BÁSICA PADRE GERMANO BRANDT,"RUA CARLOS BOOS, N. 2851",1066,ESCOLA MUNICIPAL DE EDUCAÇÃO BÁSICA PADRE GERMANO BRANDT,"RUA CARLOS BOOS, N. 2851",AIMORÉ,0
81230,5,1171,ESCOLA DE EDUCAÇÃO BÁSICA PROFESSOR CARLOS MAFFEZZOLLI,"RUA SÃO PEDRO, N. 140",1171,ESCOLA DE EDUCAÇÃO BÁSICA PROFESSOR CARLOS MAFFEZZOLLI,"RUA SÃO PEDRO, N. 140",SÃO PEDRO,0
81230,5,1090,ESCOLA MUNICIPAL DE EDUCAÇÃO BÁSICA PROFESSORA ANNA OTÍLIA SCHLINDWEIN,"RUA PAULO WESTARB, N. 180",1090,ESCOLA MUNICIPAL DE EDUCAÇÃO BÁSICA PROFESSORA ANNA OTÍLIA SCHLINDWEIN,"RUA PAULO WESTARB, N. 180",GUABIRUBA SUL,0
81230,5,1201,SALA DE CATEQUESE DA CAPELA IMACULADA CONCEIÇÃO,RUA LAGEADO ALTO,1201,SALA DE CATEQUESE DA CAPELA IMACULADA CONCEIÇÃO,RUA LAGEADO ALTO,LAGEADO ALTO,0
81230,5,1120,ESCOLA REUNIDA MUNICIPAL CESÁRIO REGIS,"RUA SÃO VENDELINO, S/N",1120,ESCOLA BÁSICA MUNICIPAL ERVIN SCHUMACHER,"RUA EWALDO MARTINS, 75",LAGEADO BAIXO,0
81230,5,1155,ESCOLA MUNICIPAL PROFESSORA ROSA RUDOLF NICOLETTI,"RUA PLANÍCIE ALTA, 3634",1155,ESCOLA MUNICIPAL PROFESSORA ROSA RUDOLF NICOLETTI,"RUA PLANÍCIE ALTA, 3634",PLANICIE ALTA,0
81230,5,1180,CENTRO COMUNITÁRIO DA COMUNIDADE SÃO PEDRO,"R. SÃO PEDRO, 1570",1180,CENTRO COMUNITÁRIO DA COMUNIDADE SÃO PEDRO,"R. SÃO PEDRO, 1570",SÃO PEDRO,0
81230,5,1210,ESCOLA ADVENTISTA OSVALDO LUDIVICO FUCKNER,"RUA SÃO VENDELINO, 1302",1210,ESCOLA ADVENTISTA OSVALDO LUDIVICO FUCKNER,"RUA SÃO VENDELINO, 1302",LAGEADO BAIXO,0
81256,82,1015,ESCOLA DE EDUCAÇÃO BÁSICA SARA CASTELHANO KLEINKAUF,"RUA OLAVO BILAC, 392",1015,ESCOLA DE EDUCAÇÃO BÁSICA SARA CASTELHANO KLEINKAUF,"RUA OLAVO BILAC, 392",CENTRO,0
81256,82,1023,ESCOLA DE EDUCAÇÃO BASICA OURO VERDE,LINHA OURO VERDE,1023,ESCOLA DE EDUCAÇÃO BASICA OURO VERDE,LINHA OURO VERDE,LINHA OURO VERDE,0
81256,82,1031,ESCOLA DE EDUCAÇÃO BASICA JULIO VICENTE DE PELEGRINI,LINHA GUATAPAREMA,1031,ESCOLA DE EDUCAÇÃO BASICA JULIO VICENTE DE PELEGRINI,LINHA GUATAPAREMA,LINHA GUATAPAREMA,0
81256,82,1040,CLUBE COMUNITÁRIO SÃO PEDRO,LINHA ÍNDIO,1040,CLUBE COMUNITÁRIO SÃO PEDRO,LINHA ÍNDIO,LINHA INDIO,0
81256,82,1058,GINÁSIO DE ESPORTES DE LINHA CARAVAGGIO,RODOVIA BR 163,1058,GINÁSIO DE ESPORTES DE LINHA CARAVAGGIO,RODOVIA BR 163,LINHA CARAVAGIO,0
81256,82,1066,ESCOLA DE EDUCAÇÃO BASICA NEREU DE OLIVEIRA RAMOS,LINHA SEDE FLORES,1066,ESCOLA DE EDUCAÇÃO BASICA NEREU DE OLIVEIRA RAMOS,LINHA SEDE FLORES,LINHA SEDE FLORES,0
81256,82,1090,ESPORTE CLUBE OPERÁRIO SÃO VICENTE,LINHA SÃO VICENTE,1090,ESPORTE CLUBE OPERÁRIO SÃO VICENTE,LINHA SÃO VICENTE,LINHA SAO VICENTE,0
81256,82,1112,CLUBE COMUNITÁRIO DE LINHA SÃO LUIZ,LINHA SÃO LUIZ,1112,CLUBE COMUNITÁRIO DE LINHA SÃO LUIZ,LINHA SÃO LUIZ,LINHA SAO LUIZ,0
81256,82,1180,CLUBE COMUNITÁRIO DE LINHA WELTER,LINHA WELTER,1180,CLUBE COMUNITÁRIO DE LINHA WELTER,LINHA WELTER,LINHA WELTER,0
81272,60,1015,E.E.F. ALMIRANTE TAMANDARÉ,"RUA 28 DE AGOSTO, N. 1194",1015,E.E.F. ALMIRANTE TAMANDARÉ,"RUA 28 DE AGOSTO, N. 1194",CENTRO,0
81272,60,1031,E.E.B. PREFEITO LAURO ZIMMERMANN,"RUA 28 DE AGOSTO, N. 1747",1031,E.E.B. PREFEITO LAURO ZIMMERMANN,"RUA 28 DE AGOSTO, N. 1747",CENTRO,0
81272,60,1066,E.E.F. IARO EUGÊNIO HANSCH,"RUA LUIZ BALISTIERI, N. 131",1066,E.E.F. IARO EUGÊNIO HANSCH,"RUA LUIZ BALISTIERI, N. 131",IMIGRANTES,0
81272,60,1074,E.E.B. ALFREDO ZIMMERMANN,"RUA GUSTAVO RUBIN, N. 226",1074,E.E.B. ALFREDO ZIMMERMANN,"RUA GUSTAVO RUBIN, N. 226",AVAI,0
81272,60,1112,JEEP CLUBE DE GUARAMIRIM,"RODOVIA SC 413, KM 35",1112,JEEP CLUBE DE GUARAMIRIM,"RODOVIA SC 413, KM 26",BRUDERTHAL,0
81272,60,1120,E.M.E.F. E P.E. GERMANO LAFFIN,"AVENIDA IZÍDIO CARLOS PEIXER, N. 383",1120,E.M.E.F. E P.E. GERMANO LAFFIN,"AVENIDA IZÍDIO CARLOS PEIXER, N. 383",ILHA DA FIGUEIRA,0
81272,60,1139,E.E.B. SÃO PEDRO,"RUA EVARISTO KLEIN, N. 110",1139,E.E.B. SÃO PEDRO,"RUA EVARISTO KLEIN, N. 110",GUAMIRANGA,0
81272,60,1147,E.E.F. SÃO JOSÉ,"RUA HERIBERTO PAULO BAADER, N. 370",1147,E.E.F. SÃO JOSÉ,"RUA HERIBERTO PAULO BAADER, N. 370",RIO BRANCO,0
81272,60,1155,E.M.E.F. PADRE MATIAS MARIA STEIN,"RUA ANGELO ZANLUCA, N. 329",1155,E.M.E.F. PADRE MATIAS MARIA STEIN,"RUA ANGELO ZANLUCA, N. 400",CAIXA D'AGUA,0
81272,60,1163,E.M.E.F. E P.E. PROFESSORA ISABEL LILIA ROSA DE SOUZA,"ESTRADA BANANAL DO SUL, N. 4920",1163,E.M.E.F. E P.E. PROFESSORA ISABEL LILIA ROSA DE SOUZA,"ESTRADA BANANAL DO SUL, SN",BANANAL DO SUL,0
81272,60,1180,E.M.E.F. JOSÉ DEQUECH,"RUA HERMÍNIO STRINGARI, N. 1300",1180,E.M.E.F. JOSÉ DEQUECH,"RUA HERMÍNIO STRINGARI, N. 1300",CORTICEIRA,0
81272,60,1201,E.M.E.F. E P.E. PROFESSORA ALICE OLINGER DIAS,"RUA BANANAL DO SUL, S/N",1201,E.M.E.F. E P.E. PROFESSORA ALICE OLINGER DIAS,"RUA BANANAL DO SUL, N. 7244",BANANAL DO SUL,0
81272,60,1252,E.M.E.F. VEREADOR HEITOR ANTÔNIO DA SILVA,"RODOVIA SC 108, KM 10",1252,E.M.E.F. VEREADOR HEITOR ANTÔNIO DA SILVA,"RODOVIA SC 108, KM 10",BARRO BRANCO,0
81272,60,1309,E.M.E.F. QUATI,"ESTRADA RIO QUATI, N. 3889",1309,E.M.E.F. QUATI,"RUA LOURIVAL JOSÉ DA SILVA, N. 3889",QUATI,0
81272,60,1287,CEI PROFESSORA ROSA ZENIR DALPRÁ TESTONI,"RUA ANÉLIO NICOCELLI, 1692",1287,CEI PROFESSORA ROSA ZENIR DALPRÁ TESTONI,"RUA ANÉLIO NICOCELLI, 1692",FIGUEIRINHA,0
81272,60,1317,C.E.M. PROFESSOR GUSTAVO TANK,"RUA GUARAMIRIM, N. 1699",1317,C.E.M. PROFESSOR GUSTAVO TANK,"RUA GUARAMIRIM, N. 1699",VILA AMIZADE,0
81272,60,1325,E.M.E.F. E PRÉ-ESCOLA URBANO TEIXEIRA DA FONSECA,"RUA RODOLFO JAHN, N. 80",1325,E.M.E.F. E PRÉ-ESCOLA URBANO TEIXEIRA DA FONSECA,"RUA RODOLFO JAHN, N. 80",AMIZADE,0
81299,50,1015,NÚCLEO MUNICIPAL ARCO-ÍRIS,"RUA GOVERNADOR JORGE LACERDA, 436 FONE (49) 3642 0637",1015,NÚCLEO MUNICIPAL ARCO-ÍRIS,"RUA GOVERNADOR JORGE LACERDA, 436 FONE (49) 3642 0637",CENTRO,0
81299,50,1023,ESCOLA DE ENSINO FUNDAMENTAL PROFESSOR THEODÓSIO MAURÍCIO WANDERLEI,"ESTRADA GERAL, S/N FONE (49) 3642 0307",1023,ESCOLA MUNICIPAL DO CAMPO SEMENTES DO AMANHÃ,"ESTRADA GERAL, S/N FONE (49) 3642 0307",LINHA PESSEGUEIRO,0
80527,35,1015,E.E.B. OLGA FIN TRAVI,"RUA ORLANDO MARCHIORI, S/N",1015,ESCOLA MUNICIPAL FRANCISCO CORÁ,RUA PROCOPIO MACHADO DA SILVA,CENTRO,0
80527,35,1023,E. E. F. AGILBERTO ZANDAVALLI,"RUA PRIMO SALVANI, S/N",1023,E. E. F. AGILBERTO ZANDAVALLI,"RUA PRIMO SALVANI, S/N",LINHA FAZENDA ZANDAVALL,0
80527,35,1031,SALÃO COMUNITÁRIO DE PORTO CHALANA,"ESTRADA GERAL, S/N",1031,SALÃO COMUNITÁRIO DE PORTO CHALANA,"ESTRADA GERAL, S/N",LINHA PORTO CHALANA,0
80527,35,1074,ESCOLA MUNICIPAL DA LINHA KILIAN,"ESTRADA GERAL, S/N",1074,ESCOLA MUNICIPAL DA LINHA KILIAN,"ESTRADA GERAL, S/N",LINHA KILIAN,0
81310,85,1147,ESCOLA DE EDUCAÇÃO BÁSICA MELO E ALVIM,"RUA RUI BARBOSA, N. 284, CENTRO",1147,ESCOLA DE EDUCAÇÃO BÁSICA MELO E ALVIM,"RUA RUI BARBOSA, N. 284, CENTRO",CENTRO,0
81310,85,1163,SALÃO PAROQUIAL DA IGREJA MATRIZ,"RUA NEREU RAMOS, N. 55, CENTRO",1163,SALÃO PAROQUIAL DA IGREJA MATRIZ SENHOR BOM JESUS,"RUA NEREU RAMOS, N. 55, CENTRO",CENTRO,0
81310,85,1031,POSTO DE PUERICULTURA,"RUA NEREU RAMOS, N. 33, CENTRO",1031,POSTO DE PUERICULTURA,"RUA NEREU RAMOS, N. 33, CENTRO",CENTRO,0
81310,85,1244,CENTRO DE CATEQUESE PAROQUIAL DA IGREJA MATRIZ,"RUA NEREU RAMOS, N. 55, CENTRO",1244,QUADRA POLIESPORTIVA COMUNITÁRIA,"AV. BEIRA RIO, S/N, AO LADO DO CENTRO DE EVENTOS DA UNIDOS DO HERVAL",CENTRO,0
81310,85,1066,PAVILHÃO COMUNITÁRIO DA LINHA SEDE BELÉM,"ESTRADA GERAL, S/N, INTERIOR",1066,PAVILHÃO COMUNITÁRIO DA LINHA SEDE BELÉM,"ESTRADA GERAL, S/N, INTERIOR",SEDE BELEM,0
81310,85,1104,ESCOLA BÁSICA MUNICIPAL ESTAÇÃO LUZERNA,"RUA NEREU RAMOS, N. 5.808, BAIRRO ESTAÇÃO LUZERNA",1104,ESCOLA BÁSICA MUNICIPAL ESTAÇÃO LUZERNA,"RUA NEREU RAMOS, N. 5.808, BAIRRO ESTAÇÃO LUZERNA",ESTAÇÃO LUZERNA,0
81310,85,1171,PAVILHÃO COMUNITÁRIO DA LINHA PACÍFICO,"MARGENS DA BR 282, S/N, INTERIOR",1171,PAVILHÃO COMUNITÁRIO DA LINHA PACÍFICO,"MARGENS DA BR 282, S/N, INTERIOR",LINHA PACÍFICO,0
81310,85,1430,ESCOLA BÁSICA MUNICIPAL CRUZ E SOUSA,"RUA 1 DE JANEIRO, N. 283, BAIRRO SÃO JORGE",1430,ESCOLA BÁSICA MUNICIPAL CRUZ E SOUSA,"RUA 1 DE JANEIRO, N. 283, BAIRRO SÃO JORGE",SÃO JORGE,0
81310,85,1210,PAVILHÃO COMUNITÁRIO DA LINHA SENHOR BOM JESUS,"ESTRADA GERAL, S/N, INTERIOR",1210,PAVILHÃO COMUNITÁRIO DA LINHA SENHOR BOM JESUS,"ESTRADA GERAL, S/N, INTERIOR",LINHA SENHOR BOM JESUS,0
81310,85,1279,SERVIÇO DE CONVIVÊNCIA E FORTALECIMENTO DE VÍNCULOS - SCFV,"AV. BEIRA RIO, N. 10, CENTRO",1279,SERVIÇO DE CONVIVÊNCIA E FORTALECIMENTO DE VÍNCULOS - SCFV,"AV. BEIRA RIO, N. 10, CENTRO",CENTRO,0
81310,85,1465,SERVIÇO DE CONVIVÊNCIA E FORTALECIMENTO DE VÍNCULOS - SCFV,"AVENIDA BEIRA RIO, N. 10",1279,SERVIÇO DE CONVIVÊNCIA E FORTALECIMENTO DE VÍNCULOS - SCFV,"AV. BEIRA RIO, N. 10, CENTRO",CENTRO,
81310,85,1457,ESTAÇÃO FERROVIÁRIA - DEPARTAMENTO MUNICIPAL DE CULTURA,"RUA DORIVAL DE BRITO, PRAÇA DA ESTAÇÃO FERROVIÁRIA, S/N, CENTRO",1457,ESTAÇÃO FERROVIÁRIA - DEPARTAMENTO MUNICIPAL DE CULTURA,"RUA DORIVAL DE BRITO, PRAÇA DA ESTAÇÃO FERROVIÁRIA, S/N, CENTRO",CENTRO,0
81310,85,1333,GRUPO ESCOLAR MUNICIPAL PROFESSOR ADOLFO BECKER,"RUA MINAS GERAIS, N. 177, BAIRRO SÃO VICENTE",1333,GRUPO ESCOLAR MUNICIPAL PROFESSOR ADOLFO BECKER - GINÁSIO DE ESPORTES,"RUA MINAS GERAIS, N. 177, BAIRRO SÃO VICENTE",SÃO VICENTE,0
81310,85,1341,ESCOLA DE EDUCAÇÃO BÁSICA PROFESSOR EUGÊNIO MARCHETTI,"RUA JOSÉ BONIFÁCIO, N. 118, BAIRRO VILA RICA",1341,ESCOLA DE EDUCAÇÃO BÁSICA PROFESSOR EUGÊNIO MARCHETTI,"RUA JOSÉ BONIFÁCIO, N. 118, BAIRRO VILA RICA",VILA RICA,0
81310,85,1350,PAVILHÃO COMUNITÁRIO DO BAIRRO SANTO ANTÔNIO,"RUA 25 DE JULHO, S/N, BAIRRO SANTO ANTÔNIO",1350,PAVILHÃO COMUNITÁRIO DO BAIRRO SANTO ANTÔNIO,"RUA 25 DE JULHO, S/N, BAIRRO SANTO ANTÔNIO",SANTO ANTÔNIO,0
81310,85,1368,CENTRO MUNICIPAL DE EDUCAÇÃO PEQUENO PRÍNCIPE,"RUA SENADOR EUZEBIO, N. 240, BAIRRO VILA MILITAR",1368,CENTRO MUNICIPAL DE EDUCAÇÃO PEQUENO PRÍNCIPE,"RUA SENADOR EUZEBIO, N. 240, BAIRRO VILA MILITAR",VILA MILITAR,0
81310,85,1376,CREAS - CENTRO DE REFERÊNCIA ESPECIALIZADO DE ASSISTÊNCIA SOCIAL,"RUA VITORIA, N. 224, BAIRRO VILA MILITAR",1376,CREAS - CENTRO DE REFERÊNCIA ESPECIALIZADO DE ASSISTÊNCIA SOCIAL,"RUA VITORIA, N. 224, BAIRRO VILA MILITAR",VILA MILITAR,0
81310,85,1406,CENTRO MUNICIPAL DE EDUCAÇÃO INFANTIL TIO ZEZINHO,"TRAVESSA SARANDI, N. 49, BAIRRO SANTO ANTÔNIO",1406,CENTRO MUNICIPAL DE EDUCAÇÃO INFANTIL TIO ZEZINHO,"TRAVESSA SARANDI, N. 49, BAIRRO SANTO ANTÔNIO",SANTO ANTÔNIO,0
81310,85,1422,GRUPO ESCOLAR MUNICIPAL NOSSA SENHORA DE FÁTIMA,"RUA MANOEL FERREIRA, S/N, AO LADO DA IGREJA CATÓLICA",1422,GRUPO ESCOLAR MUNICIPAL NOSSA SENHORA DE FÁTIMA,"RUA MANOEL FERREIRA, S/N, AO LADO DA IGREJA CATÓLICA",NOSSA SENHORA DE FÁTIMA,0
81310,85,1449,PAVILHÃO COMUNITÁRIO DO BAIRRO JARDIM JOSÉ RUPP,"RUA DÁRIO NICOLAU CONRADO, S/N, AO LADO DA IGREJA CATÓLICA",1449,PAVILHÃO COMUNITÁRIO DO BAIRRO JARDIM JOSÉ RUPP,"RUA DÁRIO NICOLAU CONRADO, S/N, AO LADO DA IGREJA CATÓLICA",JARDIM JOSE RUPP,0
81400,47,1023,ESCOLA DE EDUCAÇÃO BÁSICA HERIBERTO HULSE,"RUA ORESTES FILIPPI , 60",1023,ESCOLA DE EDUCAÇÃO BÁSICA ESTADUAL HERIBERTO HULSE,"RUA ORESTES FILIPPI , 60",CENTRO,0
81337,47,1031,ESCOLA DE EDUCAÇÃO BÁSICA MUNICIPAL MADRE LEONTINA,"RUA SÃO JOSÉ, N. 140",1031,ESCOLA DE EDUCAÇÃO BÁSICA MUNICIPAL MADRE LEONTINA,"RUA SÃO JOSÉ, N. 140",CENTRO,0
81337,47,1023,ESCOLA DE EDUCAÇÃO BÁSICA ESTADUAL IRMÃO JOAQUIM,"RUA SÃO JOSÉ, N. 157",1023,ESCOLA DE EDUCAÇÃO BÁSICA ESTADUAL IRMÃO JOAQUIM,"RUA SÃO JOSÉ, N. 157",CENTRO,0
81353,14,1015,ESCOLA DE EDUCAÇÃO BÁSICA ELISEU GUILHERME,"RUA DOUTOR GETÚLIO VARGAS, 1545",1015,ESCOLA DE EDUCAÇÃO BÁSICA ELISEU GUILHERME,"RUA DOUTOR GETÚLIO VARGAS, 1545",BELA VISTA,0
81353,14,1023,ESCOLA DE EDUCAÇÃO BÁSICA GERTRUD AICHINGER,"RUA IMBUIA, N. 150",1023,ESCOLA DE EDUCAÇÃO BÁSICA GERTRUD AICHINGER,"RUA IMBUIA, N. 150",CENTRO,0
81353,14,1147,ESCOLA DE EDUCAÇÃO BÁSICA WALMOR RIBEIRO,"AVENIDA MISSLER, N. 989",1147,ESCOLA DE EDUCAÇÃO BÁSICA WALMOR RIBEIRO,"AVENIDA MISSLER, N. 989",DALBERGIA,0
81353,14,1120,ESCOLA MUNICIPAL TANCREDO NEVES,"RUA SANTA CATARINA, N. 539",1120,ESCOLA MUNICIPAL TANCREDO NEVES,"RUA SANTA CATARINA, N. 539",SERRA SAO MIGUEL,0
81353,14,1180,ESCOLA MUNICIPAL CHRISTA SEDLACEK,"RUA ELISABETH WESCHENFELDER, 111",1180,ESCOLA MUNICIPAL CHRISTA SEDLACEK,"RUA ELISABETH WESCHENFELDER, 111",PONTO CHIC,0
81370,79,1015,ESCOLA DE EDUCACAO BASICA PROFESSORA SALETE SCOTTI  DOS SANTOS,"RUA DUQUE DE CAXIAS, 147 - PROX IGREJA MATRIZ",1015,ESCOLA DE EDUCACAO BASICA PROFESSORA SALETE SCOTTI  DOS SANTOS,"RUA DUQUE DE CAXIAS, 147 - PROX IGREJA MATRIZ",CENTRO,0
81370,79,1023,COLÉGIO CRISTO REI,"RUA PIO XII, 280",1023,COLÉGIO CRISTO REI,"RUA PIO XII, 280",CENTRO,0
81370,79,1031,APAE - ESCOLA ESPECIAL SONHO DOURADO,"RUA AMARO MAURICIO CARDOSO, 915",1031,APAE - ESCOLA ESPECIAL SONHO DOURADO,"RUA AMARO MAURICIO CARDOSO, 915",CENTRO,0
81370,79,1040,ESCOLA MUNICIPAL DE ENSINO FUNDAMENTAL QUINTINO RIZZIERI,"RUA OLÍVIO BIFF, S/N",1040,ESCOLA MUNICIPAL DE ENSINO FUNDAMENTAL QUINTINO RIZZIERI,"RUA OLÍVIO BIFF, S/N",JARDIM ELIZABETE,0
81370,79,1058,ESCOLA DE ENSINO FUNDAMENTAL PROFESSORA MARIA GLORIA E SILVA,"RUA JOAQUIM MENDES, S/N - PROX IGREJA CATOLICA",1058,ESCOLA DE ENSINO FUNDAMENTAL PROFESSORA MARIA GLORIA E SILVA,"RUA JOAQUIM MENDES, S/N - PROX IGREJA CATOLICA",AURORA,0
81370,79,1066,ESCOLA MUNIICIPAL DE ENSINO FUNDAMENTAL THEOPHILO CASSEMIRO SILVEIRA,"RUA ADEODATO LIANDRO PATRICIO, S/N",1066,ESCOLA MUNIICIPAL DE ENSINO FUNDAMENTAL THEOPHILO CASSEMIRO SILVEIRA,"RUA ADEODATO LIANDRO PATRICIO, S/N",BARRACAO,0
81370,79,1074,CENTRO DE EDUCAÇÃO INFANTIL REINO ENCANTADO,"ROD. LINO ZANOLLI, S/N",1074,CENTRO DE EDUCAÇÃO INFANTIL REINO ENCANTADO,"ROD. LINO ZANOLLI, S/N",VILA SAO JOSE,0
81370,79,1082,ESCOLA DE EDUCACAO BASICA ANTONIO GUGLIELMI SOBRINHO,"RUA MIRIAN GUGLIELMI PAVEI, 55",1082,ESCOLA DE EDUCACAO BASICA ANTONIO GUGLIELMI SOBRINHO,"RUA MIRIAN GUGLIELMI PAVEI, 55",VILA NOVA,0
81370,79,1104,SALAO PAROQUIAL MORRO BONITO,"ROD AFONSO MOISES BITENCOURT, S/N - PROX BAR DAROLT",1104,SALAO PAROQUIAL MORRO BONITO,"ROD AFONSO MOISES BITENCOURT, S/N - PROX BAR DAROLT",MORRO BONITO,0
81370,79,1112,ESCOLA DE ENSINO FUNDAMENTAL SÃO RAFAEL,"ROD ICR 357, S/N - EM FRENTE A IGREJA CATÓLICA",1112,ESCOLA DE ENSINO FUNDAMENTAL SÃO RAFAEL,"ROD ICR 357, S/N - EM FRENTE A IGREJA CATÓLICA",SAO RAFAEL - TERCEIRA LINHA,0
81370,79,1511,SALAO PAROQUIAL ESPERANCA,"RUA GERAL, S/N",1511,SALAO PAROQUIAL ESPERANCA,"RUA GERAL, S/N",ESPERANCA,0
81370,79,1155,ESCOLA DE ENSINO FUNDAMENTAL PROFESSORA ALAIDE TABALIPA,"RUA CECILIA CECHINEL, S/N",1155,ESCOLA DE ENSINO FUNDAMENTAL PROFESSORA ALAIDE TABALIPA,"RUA CECILIA CECHINEL, S/N",ESPLANADA,0
81370,79,1163,CENTRO DE EDUCAÇÃO INFANTIL MUNDO ENCANTADO,"ROD. ICR 353, S/N",1163,CENTRO DE EDUCAÇÃO INFANTIL MUNDO ENCANTADO,"ROD. ICR 353, S/N",RIO ACIMA,0
81370,79,1198,CENTRO COMUNITÁRIO SÃO PEDRO,"RUA GERAL, S/N",1198,CENTRO COMUNITÁRIO SÃO PEDRO,"RUA GERAL, S/N",URUSSANGA VELHA ll,0
81370,79,1260,CENTRO DE EDUCAÇÃO INFANTIL MAGIA DO APRENDER,"RUA DONATO BERNADINO, S/N",1260,CENTRO DE EDUCAÇÃO INFANTIL MAGIA DO APRENDER,"RUA DONATO BERNADINO, S/N",LOMBAS PEDREIRAS,0
81370,79,1279,ESCOLA ISOLADA ESPIGAO,"ROD HILDEBRANDO JOSÉ DA LUZ, S/N",1279,ESCOLA ISOLADA ESPIGAO,"ROD HILDEBRANDO JOSÉ DA LUZ, S/N",ESPIGAO,0
81370,79,1287,ESCOLA MUNICIPAL DE ENSINO FUNDAMENTAL PAULO RIZZIERI,"ROD ICR 351, S/N",1287,ESCOLA MUNICIPAL DE ENSINO FUNDAMENTAL PAULO RIZZIERI,"ROD ICR 351, S/N",BOA VISTA,0
81370,79,1317,CENTRO DE EDUCAÇÃO INFANTIL BEM ME QUER,ROD. JUVENAL JOSE SILVANO S/N,1317,CENTRO DE EDUCAÇÃO INFANTIL BEM ME QUER,ROD. JUVENAL JOSE SILVANO S/N,COQUEIROS,0
81370,79,1325,CENTRO DE EDUCAÇÃO INFANTIL JARDIM ENCANTADO,"RUA GERAL, S/N",1325,CENTRO DE EDUCAÇÃO INFANTIL JARDIM ENCANTADO,"RUA GERAL, S/N",PONTA DO MATO,0
81370,79,1341,ESCOLA DE ENSINO FUNDAMENTAL DIMER PIZZETTI,"RUA LINHA TRES RIBEIROES, S/N",1341,ESCOLA DE ENSINO FUNDAMENTAL DIMER PIZZETTI,"RUA LINHA TRES RIBEIROES, S/N",LIRI,0
81370,79,1350,ESCOLA DE ENSINO FUNDAMENTAL QUINTINO FOLHIARINI DAJORI,"RUA SANTA RITA DE CASSIA, S/N",1350,ESCOLA DE ENSINO FUNDAMENTAL QUINTINO FOLHIARINI DAJORI,"RUA SANTA RITA DE CASSIA, S/N",PRESIDENTE VARGAS,0
81370,79,1368,ESCOLA DE ENSINO FUNDAMENTAL IGNACIO JOAO MONTEIRO,"RUA PEDRO NOVAK, S/N",1368,ESCOLA DE ENSINO FUNDAMENTAL IGNACIO JOAO MONTEIRO,"RUA PEDRO NOVAK, S/N",DEMBOSKI,0
81370,79,1376,SALÃO PAROQUIAL CAMPO MÃE LUZIA,"ROD JUVENAL JOSÉ SILVANO, S/N",1546,CENTRO DE CONVIVENCIA DONA ROSINHA,"ROD JUVENAL JOSÉ SILVANO, S/N",CAMPO MAE LUZIA,103
81370,79,1384,ESCOLA DE EDUCACAO BASICA ANTONIO COLONETTI,RUA ANTONIO GUGLIELMI,1384,ESCOLA DE EDUCACAO BASICA ANTONIO COLONETTI,RUA ANTONIO GUGLIELMI,JAQUELINE,0
81370,79,1414,ESCOLA BASICA MUNICIPAL TRANQUILO PIZZETTI,"ROD LINHA TRÊS RIBEIRÕES, S/N",1414,ESCOLA BASICA MUNICIPAL TRANQUILO PIZZETTI,"ROD LINHA TRÊS RIBEIRÕES, S/N",NOSSA SENHORA DE FATIMA,0
81370,79,1392,ASSOCIAÇÃO DE MORADORES AMIGOS DO BAIRRO JUSSARA,"RUA BALDUINO REUS, S/N",1554,EMEF PE PACIFICO DAGOSTIM,"RUA ESTEPHANO DAGOSTIM, S/N",JUSSARA,3
81370,79,1406,ESCOLA MUNICIPAL JOSE FERNANDES SILVEIRA,"ROD PAULINO BURIGO, S/N",1406,ESCOLA MUNICIPAL JOSE FERNANDES SILVEIRA,"ROD PAULINO BURIGO, S/N",SANGA FUNDA,0
81370,79,1430,CENTRO DE EDUCAÇÃO INFANTIL TEMPO DE BRINCAR,"ROD ANGELO ZILLI, S/N",1430,CENTRO DE EDUCAÇÃO INFANTIL TEMPO DE BRINCAR,"ROD ANGELO ZILLI, S/N",ALTO ALEGRE,0
81370,79,1449,ESCOLA DE ENSINO FUNDAMENTAL LUCIA DE LUCA,"RUA MELCHIADES BONIFACIO ESPINDOLA, S/N",1449,ESCOLA DE ENSINO FUNDAMENTAL LUCIA DE LUCA,"RUA MELCHIADES BONIFACIO ESPINDOLA, S/N",JARDIM SILVANA,0
81370,79,1422,ESCOLA MUNICIPAL PROFESSORA MARIA BARCELOS PUZISKI,"RUA LINO MARTINHO LIMA, S/N",1422,ESCOLA MUNICIPAL PROFESSORA MARIA BARCELOS PUZISKI,"RUA LINO MARTINHO LIMA, S/N",NOVO CARAVAGIO,0
81370,79,1473,ESCOLA BASICA MUNICIPAL MARIA ARLETE BITENCOURT LODETTI,"RUA NEREU RAMOS, S/N",1473,ESCOLA BASICA MUNICIPAL MARIA ARLETE BITENCOURT LODETTI,"RUA NEREU RAMOS, S/N",RAICHASKI,0
81370,79,1481,ESCOLA DE ENSINO FUNDAMENTAL AUGUSTA SCOTTI BACIS,"RUA SETE DE SETEMBRO, 1788",1481,ESCOLA DE ENSINO FUNDAMENTAL AUGUSTA SCOTTI BACIS,"RUA SETE DE SETEMBRO, 1788",CRISTO REI,0
81370,79,1490,CENTRO DE EDUCAÇÃO INFANTIL CINDERELA,"RUA 17 DE DEZEMBRO, S/N",1490,CENTRO DE EDUCAÇÃO INFANTIL CINDERELA,"RUA 17 DE DEZEMBRO, S/N",MARILI,0
81370,79,1503,CENTRO PASTORAL SANTA RITA DE CASSIA,"ROD HILDEBRANDO JOSÉ DA LUZ, S/N",1503,CENTRO PASTORAL SANTA RITA DE CASSIA,"ROD HILDEBRANDO JOSÉ DA LUZ, S/N",VILA ALVORADA,0
81370,79,1520,CENTRO DE EDUCAÇÃO IINFANTIL PROF JOAO DA ROCHA PORTO,"RODOVIA ARINO ANTÔNIO CÂNDIDO, 2230",1520,CENTRO DE EDUCAÇÃO INFANTIL PROF JOAO DA ROCHA PORTO,"RODOVIA ARINO ANTÔNIO CÂNDIDO, 2230",RIO DOS ANJOS,0
81396,64,1015,ESCOLA DE EDUCAÇÃO BÁSICA MARCOS KONDER,"RUA ALMIRANTE TAMANDARÉ, N. 134",1015,ESCOLA DE EDUCAÇÃO BÁSICA MARCOS KONDER,"RUA ALMIRANTE TAMANDARÉ, N. 134",CENTRO,0
81396,64,1040,ESCOLA MUNICIPAL DOMINGOS JOSÉ MACHADO,"RUA INÊS EUFRÁSIA DE JESUS, N. 123",1040,ESCOLA MUNICIPAL DOMINGOS JOSÉ MACHADO,"RUA INÊS EUFRÁSIA DE JESUS, N. 123",ILHOTINHA,0
81396,64,1058,ESCOLA MUNICIPAL JOSÉ ELIAS DE OLIVEIRA,"RUA VEREADOR ALCIDES GONÇALVES, N. 182",1058,ESCOLA MUNICIPAL JOSÉ ELIAS DE OLIVEIRA,"RUA VEREADOR ALCIDES GONÇALVES, N. 182",MINAS,0
81396,64,1090,ESCOLA DE EDUCAÇÃO BÁSICA VALÉRIO GOMES,"RUA JOSÉ GERALDINO BITTENCOURT, N. 3.117",1090,ESCOLA DE EDUCAÇÃO BÁSICA VALÉRIO GOMES,"RUA JOSÉ GERALDINO BITTENCOURT, N. 3.117",PEDRA DE AMOLAR,0
81396,64,1112,CENTRO DE EDUCAÇÃO INFANTIL TIA FLOR,"RUA BERNARDINO FRANCISCO DE SOUZA, N. 657",1112,CENTRO DE EDUCAÇÃO INFANTIL TIA FLOR,"RUA BERNARDINO FRANCISCO DE SOUZA, N. 657",BAÚ BAIXO,0
81396,64,1120,ESCOLA MUNICIPAL ALBERTO SCHMITT,"ESTRADA GERAL BAÚ CENTRAL, N. 2.891",1120,ESCOLA MUNICIPAL ALBERTO SCHMITT,"RUA PADRE ROBERTO WIROBECK, N. 2.891",BAÚ CENTRAL,0
81396,64,1147,CENTRO DE EDUCAÇÃO INFANTIL MARIA TEREZINHA HAMMES SCHMITZ,"RUA MARCOLINO HAMMES, N 105",1147,CENTRO DE EDUCAÇÃO INFANTIL MARIA TEREZINHA HAMMES SCHMITZ,"RUA MARCOLINO HAMMES, N 105",BRAÇO DO BAÚ,0
81396,64,1155,ESCOLA MUNICIPAL MULTISSERIADA PEDRO TEIXEIRA DE MELO,"ESTRADA GERAL ALTO BAÚ, N. 12.513",1155,ESCOLA MUNICIPAL MULTISSERIADA PEDRO TEIXEIRA DE MELO,"RUA PROFESSOR ARTHUR GRAHL, N. 12.513",ALTO BAÚ,0
81396,64,1171,CENTRO DE EDUCAÇÃO INFANTIL CHAPEUZINHO VERMELHO,"ESTRADA GERAL POCINHO, N. 4.431",1171,CENTRO DE EDUCAÇÃO INFANTIL CHAPEUZINHO VERMELHO,"RUA DIONISIO PLOTEGHER, N. 4.431",POCINHO - MARGEM ESQUERDA,0
81418,62,1015,C. E. I. M.  CARLOS GOMES,"RUA ANTÔNIO BITTENCOURT CAPANEMA, S/N",1015,C. E. I. M.  CARLOS GOMES,"RUA ANTÔNIO BITTENCOURT CAPANEMA, S/N",CENTRO,0
81418,62,1023,CENTRO COMUNITÁRIO DE TAQUARAÇUTUBA,"RUA PORTINHO BITTENCOURT, S/N",1023,CENTRO COMUNITÁRIO DE TAQUARAÇUTUBA,"RUA PORTINHO BITTENCOURT, S/N",TAQUARAÇUTUBA,0
81418,62,1031,E. E. B. PROFESSORA EULINA HELEODORO BARRETO,"RODOVIA SC 437 KM 14, S/N",1031,E. E. B. PROFESSORA EULINA HELEODORO BARRETO,"RODOVIA SC 437 KM 14, S/N",CANGUERI,0
81418,62,1040,CENTRO COMUNITÁRIO DA PRAIA VERMELHA,"ESTRADA GERAL DE PRAIA VERMELHA, S/N",1040,CENTRO COMUNITÁRIO DA PRAIA VERMELHA,"ESTRADA GERAL DE PRAIA VERMELHA, S/N",PRAIA VERMELHA,0
81418,62,1066,SALÃO PAROQUIAL DE FAZENDA SÃO PAULO,"RODOVIA SC 437, KM 15, S/N",1066,SALÃO PAROQUIAL DE FAZENDA SÃO PAULO,"RODOVIA SC 437, KM 15, S/N",FAZENDA SÃO PAULO,0
81418,62,1082,E. E. F. M. LARICE CAVALCANTI CALDAS,"ESTRADA GERAL DE ARATINGAÚBA, S/N",1082,E. E. F. M. LARICE CAVALCANTI CALDAS,"ESTRADA GERAL DE ARATINGAÚBA, S/N",ARATINGAÚBA,0
81418,62,1090,E. E. F. M. GUILHERMINA ANA PEREIRA,"ESTRADA GERAL DE SÍTIO NOVO, S/N",1090,E. E. F. M. GUILHERMINA ANA PEREIRA,"ESTRADA GERAL DE SÍTIO NOVO, S/N",SÍTIO NOVO,0
81418,62,1104,SALÃO PAROQUIAL DE SAMAMBAIA,"ESTRADA GERAL DE SAMAMBAIA, S/N",1104,SALÃO PAROQUIAL DE SAMAMBAIA,"ESTRADA GERAL DE SAMAMBAIA, S/N",SAMAMBAIA,0
81418,62,1112,E. E. F. PROFESSOR LUIZ FÉLIX BARRETO,"ESTRADA GERAL DE SÃO TOMAZ, S/N",1112,E. E. F. PROFESSOR LUIZ FÉLIX BARRETO,"ESTRADA GERAL DE SÃO TOMAZ, S/N",SÃO TOMÁS,0
81418,62,1120,E. E. F. M. VEREADOR OSVALDO DE SOUZA SIQUEIRA,"ESTRADA GERAL DA FORQUILHA DO RIO D'UNA, S/N",1120,E. E. F. M. VEREADOR OSVALDO DE SOUZA SIQUEIRA,"ESTRADA GERAL DA FORQUILHA DO RIO D'UNA, S/N",FORQUILHA DO RIO DUNA,0
81418,62,1139,SALÃO PAROQUIAL DA IGREJA DE RIACHO ANA MATIAS,ESTRADA GERAL DO RIACHO DE ANA MATIAS,1139,SALÃO PAROQUIAL DA IGREJA DE RIACHO ANA MATIAS,ESTRADA GERAL DO RIACHO DE ANA MATIAS,RIACHO ANA MATIAS,0
81418,62,1171,E. E. F. M. JOSÉ TOMAZ RIBEIRO,"ESTRADA GERAL DE CANGUERÍ DE FORA, S/N",1171,E. E. F. M. JOSÉ TOMAZ RIBEIRO,"ESTRADA GERAL DE CANGUERÍ DE FORA, S/N",CANGUERI DE FORA,0
81418,62,1295,SALÃO PAROQUIAL DA IGREJA DE ÁGUAS MORNAS,ESTRADA GERAL DE ÁGUAS MORNAS,1295,SALÃO PAROQUIAL DA IGREJA DE ÁGUAS MORNAS,ESTRADA GERAL DE ÁGUAS MORNAS,ÁGUAS MORNAS,0
81418,62,1201,SALÃO PAROQUIAL DE RIBEIRÃO DE IMARUÍ,"ROD IMA, N. 423",1201,SALÃO PAROQUIAL DE RIBEIRÃO DE IMARUÍ,"ROD IMA, N. 423",RIBEIRÃO DE IMARUÍ,0
81418,62,1236,SALÃO PAROQUIAL DA IGREJA DA PRAINHA,RUA VEREADOR EDUARDO CARLOS FAUST S/N,1236,CENTRO DE CONVIVÊNCIA PRAINHA,RUA VEREADOR EDUARDO CARLOS FAUST S/N,PRAINHA,0
81418,62,1058,E. E. F. HERCULANO VICENTE LUIZ,"RODOVIA SC 437, KM 21, S/N",1058,E. E. F. HERCULANO VICENTE LUIZ,"RODOVIA SC 437, KM 21, S/N",RIBEIRÃO DE CANGUERI,0
81418,62,1287,E. E. F. M. PADRE ITAMAR LUIZ DA COSTA,"ESTRADA GERAL DE PONTA GROSSA, S/N",1287,E. E. F. M. PADRE ITAMAR LUIZ DA COSTA,"ESTRADA GERAL DE PONTA GROSSA, S/N",PONTA GROSSA,0
81434,73,1015,ESCOLA DE EDUCAÇÃO BÁSICA HENRIQUE LAGE,"RUA IRINEU BORNHAUSEN, 505",1015,E. E. B.  HENRIQUE LAGE,"RUA IRINEU BORNHAUSEN, 505",CENTRO,0
81434,73,1031,ESCOLA DE EDUCAÇÃO BÁSICA ENGENHEIRO ÁLVARO CATÃO,"RUA ARITIANO GONCALVES, 150",1031,E. E. B. ENGENHEIRO ÁLVARO CATÃO,"RUA ARITIANO GONCALVES, 150",VILA NOVA ALVORADA,0
81434,73,1040,ESCOLA DE EDUCAÇÃO BÁSICA JOÃO GUIMARÃES CABRAL,"RUA SANTANA, 709",1040,E. E. B. JOÃO GUIMARÃES CABRAL,"RUA SANTANA, 709",VILA NOVA,0
81434,73,1058,ESCOLA DE EDUCAÇÃO BÁSICA GRACINDA AUGUSTO MACHADO,"RUA 9 DE JULHO, S/N",1058,E. E. B. PROF. GRACINDA AUGUSTO MACHADO,"RUA 9 DE JULHO, 333",NOVA BRASILIA,0
81434,73,1082,ESCOLA BÁSICA PE. DR. ITAMAR LUÍS DA COSTA,"RUA VERGILINO SOARES, S/N",1082,E. B. PE. DR. ITAMAR LUÍS DA COSTA,"RUA VERGILINO SOARES, S/N",GUAIUBA,0
81434,73,1090,ESCOLA BASICA PROFESSOR ANDRE ANTONIO DE SOUZA,"RUA JOAO LEOPOLDINO DE SOUZA, S/N FONE (48) 3356 0105",1090,E. E. B. PROF. ANDRE ANTONIO DE SOUZA,"RUA JOAO LEOPOLDINO DE SOUZA, S/N FONE (48) 3356 0105",ROÇA GRANDE,0
81434,73,1112,ESCOLA BASICA PROFESSORA JULIETA PAVAN SIMOES,"RODOVIA BR 101 KM 276, S/N",1112,E. E. B. PROF. JULIETA PAVAN SIMOES,"RODOVIA BR 101 KM 276, S/N",ALTO ARROIO,0
81434,73,1120,CENTRO DE EDUCAÇÃO INFANTIL MENINO DEUS,"ESTRADA GERAL DO SAMBAQUI , S/N",1120,C. M. E. I. MENINO DEUS,"ESTRADA GERAL DO SAMBAQUI , S/N",SAMBAQUI,0
81434,73,1139,ESCOLA DE EDUCAÇÃO BÁSICA VISCONDE DO RIO BRANCO,"RODOVIA SC 434 KM 14, S/N",1139,E. E. B. VISCONDE DO RIO BRANCO,"RODOVIA SC 434 KM 14, S/N",ARACATUBA,0
81434,73,1147,ESCOLA BÁSICA PROFESSORA JUSTINA CONCEIÇÃO SILVA,"ESTRADA GERAL, S/N",1147,E. E. B. PROF. JUSTINA DA CONCEIÇÃO SILVA,"ESTRADA GERAL, S/N",IBIRAQUERA,0
81434,73,1155,ASSOCIAÇÃO DE PAIS E AMIGOS DA MICROBACIA DE PENHA,"ESTRADA GERAL, S/N",1155,ASSOC. PAIS E AMIGOS DA MICROBACIA DE PENHA,"ESTRADA GERAL, S/N",PENHA,0
81434,73,1201,ESCOLA DE EDUCAÇÃO BÁSICA PROFESSOR MARCÍLIO DIAS SAN THIAGO,"RUA ELIAS DE MORAES, N. 286",1201,E. E. B. PROF. MARCÍLIO DIAS SAN THIAGO,"RUA ELIAS DE MORAES, N. 286",MIRIM,0
81434,73,1210,ESCOLA BÁSICA MUNICIPAL BASILEU JOSÉ DA SILVA,"RUA SANTANA, S/N",1210,E. B. M. BASILEU JOSÉ DA SILVA,"RUA SANTANA, S/N",CAMPO DE AVIACAO,0
81434,73,1228,ESCOLA DE ENSINO MÉDIO ENGENHEIRO ANNES GUALBERTO,"AVENIDA BRASIL, N. 1564",1228,E. E. M. ENGENHEIRO ANNES GUALBERTO,"AVENIDA BRASIL, N. 1564",PAES LEME,0
81450,39,1015,ESCOLA ESTADUAL FREI MANOEL PHILIPPI,AV BERNARDINO DE ANDRADE,1015,ESCOLA ESTADUAL FREI MANOEL PHILIPPI,AV BERNARDINO DE ANDRADE,CENTRO,0
81450,39,1147,JARDIM DE INFÂNCIA BRANCA DE NEVE,ESTRADA GERAL,1147,JARDIM DE INFÂNCIA BRANCA DE NEVE,ESTRADA GERAL,SAMAMBAIA,0
81450,39,1031,ESCOLA MUNICIPAL ALTO RIO DOS BUGRES,"RUA GERAL NOVA ALEMANHA, S/N",1031,ESCOLA MUNICIPAL ALTO RIO DOS BUGRES,"RUA GERAL NOVA ALEMANHA, S/N",NOVA ALEMANHA,0
81450,39,1040,ESCOLA MUNICIPAL VISTA ALEGRE,ESTRADA GERAL VISTA ALEGRE,1040,ESCOLA MUNICIPAL VISTA ALEGRE,ESTRADA GERAL VISTA ALEGRE,VISTA ALEGRE,0
81450,39,1058,ESCOLA MUNICIPAL CAMPO DAS FLORES,ESTRADA GERAL CAMPO DAS FLORES,1058,ESCOLA MUNICIPAL CAMPO DAS FLORES,ESTRADA GERAL CAMPO DAS FLORES,CAMPO DAS FLORES,0
81450,39,1066,JARDIM ALTO RIO ENGANO,ESTRADA GERAL ALTO RIO ENGANO,1066,CENTRO DE EVENTOS ALTO RIO ENGANO,ESTRADA GERAL ALTO RIO ENGANO,ALTO RIO ENGANO,0
81450,39,1120,ESCOLA MUNICIPAL GARRAFAO,ESTRADA GERAL GARRAFAO,1120,SALÃO COMUNITÁRIO GARRAFAO,ESTRADA GERAL GARRAFAO,GARRAFAO,0
81477,15,1015,ESCOLA DE EDUCAÇÃO BÁSICA RAULINO HORN,"RUA LAURO MULLER, 244",1015,ESCOLA DE EDUCAÇÃO BÁSICA RAULINO HORN,"RUA LAURO MULLER, 244",CENTRO,0
81477,15,1031,SALÃO DA COMUNIDADE CATÓLICA,"RUA SÃO FRANCISCO, 49",1031,SALÃO DA COMUNIDADE CATÓLICA - IGREJA SANTA INÊS,"RUA SÃO FRANCISCO, 49",CENTRO,0
81477,15,1058,ESCOLA DE EDUCAÇÃO BÁSICA PREFEITO GERMANO BRANDES JÚNIOR,"RUA ARGENTINA, 305",1058,ESCOLA DE EDUCAÇÃO BÁSICA PREFEITO GERMANO BRANDES JÚNIOR,"RUA ARGENTINA, 305",DAS NAÇÕES,0
81477,15,1066,ESCOLA DE EDUCAÇÃO BÁSICA FREDERICO HARDT,"RUA LEOBERTO LEAL, 84",1066,ESCOLA DE EDUCAÇÃO BÁSICA FREDERICO HARDT,"RUA LEOBERTO LEAL, 84",TAPAJÓS,0
81477,15,1082,COLÉGIO MUNICIPAL DE INDAIAL,"RUA 30 DE ABRIL, 150",1082,COLÉGIO MUNICIPAL DE INDAIAL,"RUA 30 DE ABRIL, 150",CARIJÓS,0
81477,15,1090,ESCOLA DE EDUCAÇÃO FUNDAMENTAL PROFESSOR FLORENTINO VETTER,"RUA PROGRESSO, 76",1090,ESCOLA DE EDUCAÇÃO FUNDAMENTAL PROFESSOR FLORENTINO VETTER,"RUA PROGRESSO, 76",ENCANO BAIXO,0
81477,15,1104,ESCOLA BÁSICA MUNICIPAL ENCANO CENTRAL,"RUA REINHOLD SCHROEDER, 8220",1104,ESCOLA BÁSICA MUNICIPAL ENCANO CENTRAL,"RUA REINHOLD SCHROEDER, 8220",ENCANO CENTRAL,0
81477,15,1112,ESCOLA DE EDUCAÇÃO FUNDAMENTAL ENCANO DO NORTE,"RODOVIA BR 470 KM 65, 4230",1112,ESCOLA DE EDUCAÇÃO FUNDAMENTAL ENCANO DO NORTE,"RODOVIA BR 470 KM 65, 4230",ENCANO DO NORTE,0
81477,15,1120,ESCOLA BÁSICA MUNICIPAL PROFESSORA ANNA ALVES DIAS,"RUA TOLEDO, 335",1120,ESCOLA BÁSICA MUNICIPAL PROFESSORA ANNA ALVES DIAS,"RUA TOLEDO, 335",ENCANO DO NORTE,0
81477,15,1155,ESCOLA DE EDUCAÇÃO FUNDAMENTAL GUSTAVO BARROSO,"RUA ARNOLDO EBERT, 163",1155,ESCOLA DE EDUCAÇÃO FUNDAMENTAL GUSTAVO BARROSO,"RUA ARNOLDO EBERT, 163",WARNOW,0
81477,15,1171,ESCOLA BÁSICA MUNICIPAL ARAPONGAS,"RUA AUGUSTO MAASS, 3300",1171,ESCOLA BÁSICA MUNICIPAL ARAPONGAS,"RUA AUGUSTO MAASS, 3300",ARAPONGAS,0
81477,15,1198,ESCOLA DE ENSINO FUNDAMENTAL PREFEITO MARCUS RAUH,"RUA MARECHAL FLORIANO PEIXOTO, 3355",1198,ESCOLA DE ENSINO FUNDAMENTAL PREFEITO MARCUS RAUH,"RUA MARECHAL FLORIANO PEIXOTO, 3355",ESTRADA DAS AREIAS,0
81477,15,1236,ESCOLA BÁSICA MUNICIPAL LEOPOLDO SIMÃO,"AVENIDA BRASIL, 2240",1236,ESCOLA BÁSICA MUNICIPAL LEOPOLDO SIMÃO,"AVENIDA BRASIL, 2240",RIO MORTO,0
81477,15,1244,ESCOLA BÁSICA PROFESSORA ÚRSULA KROEGER,"RUA SANTANA, 600",1244,ESCOLA BÁSICA PROFESSORA ÚRSULA KROEGER,"RUA SANTANA, 600",JOÃO PAULO II,0
81477,15,1260,ESCOLA BÁSICA MUNICIPAL TANCREDO DE ALMEIDA NEVES,"RUA MARIA DA CONCEICAO SAUT, 80",1260,ESCOLA BÁSICA MUNICIPAL TANCREDO DE ALMEIDA NEVES,"RUA MARIA DA CONCEICAO SAUT, 80",DOS ESTADOS,0
81477,15,1287,ESCOLA BÁSICA MULDE BAIXA,"RUA UBERABA, S/N",1287,ESCOLA BÁSICA MULDE BAIXA,"RUA UBERABA, S/N",MULDE,0
81477,15,1295,UNIDADE DE EDUCAÇÃO INFANTIL CURUMIM,"RUA JUIZ DE FORA, 212",1376,ESCOLA BÁSICA MUNICIPAL PROFESSOR MARIO BONESSI,"RUA UBERLÂNDIA, 193",BENEDITO,6
81477,15,1252,ESCOLA BÁSICA MUNICIPAL JUVENAL CARVALHO,"RUA DOUTOR BLUMENAU, 1929",1252,ESCOLA BÁSICA MUNICIPAL JUVENAL CARVALHO,"RUA DOUTOR BLUMENAU, 1929",DO SOL,0
81477,15,1309,ESCOLA BÁSICA MUNICIPAL ENCANO BAIXO RUDOLFO ALFARTH,"RUA ARNOLD ALFARTH, S/N, LOTEAMENTO REAL",1309,ESCOLA BÁSICA MUNICIPAL ENCANO BAIXO RUDOLFO ALFARTH,"RUA ARNOLD ALFARTH, S/N, LOTEAMENTO REAL",ENCANO BAIXO,0
81477,15,1317,ESCOLA BÁSICA MUNICIPAL PROFESSORA MARIA DA GRAÇA DOS SANTOS SALAI,"RUA PARAMARIBO, 160",1317,ESCOLA BÁSICA MUNICIPAL PROFESSORA MARIA DA GRAÇA DOS SANTOS SALAI,"RUA PARAMARIBO, 160",TAPAJÓS,0
81477,15,1333,ESCOLA BÁSICA MUNICIPAL PROFESSORA ANA LÚCIA HIENDLMAYER,"RUA LUIGI PANINI, 320",1333,ESCOLA BÁSICA MUNICIPAL PROFESSORA ANA LÚCIA HIENDLMAYER,"RUA LUIGI PANINI, 320",ESTRADA DAS AREIAS,0
81361,36,1015,CENTRO EDUCACIONAL MUNICIPAL DE IOMERÊ POLO II - BOM SUCESSO,"RUA PRINCIPAL, S/N",1015,CENTRO EDUCACIONAL MUNICIPAL DE IOMERÊ POLO II - BOM SUCESSO,"RUA PRINCIPAL, S/N",BOM SUCESSO,0
81361,36,1023,ESCOLA DE EDUCAÇÃO BÁSICA FREI EVARISTO,"RUA SÃO LUIZ, 523",1023,ESCOLA DE EDUCAÇÃO BÁSICA FREI EVARISTO,"RUA SÃO LUIZ, 523",CENTRO,0
81493,37,1015,ESCOLA BASICA CARLOS FRIES,"RUA TIRADENTES, 192",1015,ESCOLA BASICA CARLOS FRIES,"RUA TIRADENTES, 192",CENTRO,50
81493,37,1023,ESCOLA ISOLADA LINHA DOS PINTOS,"ESTRADA GERAL, S/N",1023,ESCOLA ISOLADA LINHA DOS PINTOS,ESTRADA GERAL,LINHA DOS PINTOS,12
81493,37,1155,CENTRO COMUNITARIO LINHA CAPELINHA,"ESTRADA GERAL, S/N FONE (49) 3553 0378",1155,CENTRO COMUNITARIO LINHA CAPELINHA,ESTRADA GERAL,LINHA CAPELINHA,7
81493,37,1058,ESCOLA MUNICIPAL WALDOMIRO LIESSEN,"ESTRADA GERAL, S/N FONE (49) 3553 0258 R 30",1058,ESCOLA MUNICIPAL WALDOMIRO LIESSEN,ESTRADA GERAL,FILADÉLFIA,46
81493,37,1090,ESCOLA ISOLADA DA LINHA PUTINGA,"ESTRADA GERAL, S/N FONE (49) 3592  9450",1090,ESCOLA ISOLADA DA LINHA PUTINGA,ESTRADA GERAL,LINHA PUTINGA,12
81493,37,1104,ESCOLA ISOLADA SAO LUIZ,"ESTRADA GERAL, S/N",1104,ESCOLA ISOLADA SAO LUIZ,ESTRADA GERAL,LINHA SÃO LUIZ,0
81493,37,1147,ESCOLA RISCO E RABISCO,"RUA DOM DANIEL HOSTIN, 2409 FONE (49) 3553 0495",1147,ESCOLA RISCO E RABISCO,RUA DOM DANIEL HOSTIN,DOS ESTUDANTES,11
80020,65,1015,ESCOLA DE EDUCAÇÃO BÁSICA PADRE VENDELINO SEIDEL,"RUA PRIMEIRO DE MAIO, N 25",1015,ESCOLA DE EDUCAÇÃO BÁSICA PADRE VENDELINO SEIDEL,"RUA PRIMEIRO DE MAIO, N 25",CENTRO,0
80020,65,1023,ASSOCIAÇÃO DE MORADORES DE LINHA PIRAJU,"ESTRADA GERAL PIRAJU, S/N",1023,ASSOCIAÇÃO DE MORADORES DE LINHA PIRAJU,"ESTRADA GERAL PIRAJU, S/N",LINHA PIRAJU,0
80020,65,1031,ASSOCIAÇÃO CULTURAL EDUCATIVA JUVENIL MACUCOZINHO,"ESTRADA GERAL MACUCOZINHO, S/N",1031,ASSOCIAÇÃO CULTURAL EDUCATIVA JUVENIL MACUCOZINHO,"ESTRADA GERAL MACUCOZINHO, S/N",LINHA MACUCOZINHO,0
80020,65,1040,ESCOLA BÁSICA SÃO LOURENÇO,"ESTRADA GERAL, S/N",1040,ESCOLA BÁSICA SÃO LOURENÇO,"ESTRADA GERAL, S/N",LINHA SÃO LOURENÇO,0
80020,65,1058,CENTRO INTEGRADO DE ENSINO RURAL DE LINHA ESPERANÇA,"ESTRADA GERAL, S/N",1058,CENTRO INTEGRADO DE ENSINO RURAL DE LINHA ESPERANÇA,"ESTRADA GERAL, S/N",LINHA ESPERANÇA,0
80020,65,1066,PAVILHÃO COMUNITÁRIO DE APARECIDA,"ESTRADA GERAL, S/N",1066,PAVILHÃO COMUNITÁRIO DE APARECIDA,"ESTRADA GERAL, S/N",LINHA APARECIDA,0
80020,65,1074,PAVILHÃO COMUNITÁRIO DE LAGOA DOS PATOS,"ESTRADA GERAL, S/N",1074,PAVILHÃO COMUNITÁRIO DE LAGOA DOS PATOS,"ESTRADA GERAL, S/N",LINHA LAGOA DOS PATOS,0
80020,65,1082,SALÃO COMUNITÁRIO DE IRATIM,"ESTRADA GERAL IRATIM, S/N",1082,SALÃO COMUNITÁRIO DE IRATIM,"ESTRADA GERAL IRATIM, S/N",LINHA IRATIM,0
80020,65,1090,COMUNIDADE CATÓLICA DE LINHA VITÓRIA,"ESTRADA GERAL, S/N",1090,CENTRO COMUNITÁRIO DO ESPORTE CLUBE SANTOS DA LINHA VITÓRIA,"ESTRADA GERAL, S/N",LINHA VITÓRIA,0
80020,65,1104,CLUBE COMUNITÁRIO DE PIRAPÓ,"ESTRADA GERAL PIRAPÓ, S/N",1104,CLUBE COMUNITÁRIO DE PIRAPÓ,"ESTRADA GERAL PIRAPÓ, S/N",LINHA PIRAPÓ,0
80020,65,1112,SOCIEDADE CLUBE FLOR DA SERRA DA LINHA TAIPA ALTA,"ESTRADA GERAL, S/N",1112,SOCIEDADE CLUBE FLOR DA SERRA DA LINHA TAIPA ALTA,"ESTRADA GERAL, S/N",LINHA TAIPA ALTA,0
80020,65,1120,CLUBE COMUNITÁRIO DE MONTE MARIA,"ESTRADA GERAL MONTE MARIA, S/N",1120,CLUBE COMUNITÁRIO DE MONTE MARIA,"ESTRADA GERAL MONTE MARIA, S/N",LINHA MONTE MARIA,0
80020,65,1139,ASSOCIAÇÃO PALMEIRAS DE BARRA GRANDE,"ESTRADA GERAL, S/N",1139,ASSOCIAÇÃO PALMEIRAS DE BARRA GRANDE,"ESTRADA GERAL, S/N",LINHA BARRA GRANDE,0
80020,65,1147,CLUBE COMUNITÁRIO DE PREFERIDO ALTO,"ESTRADA GERAL PREFERIDO ALTO, S/N",1147,CLUBE COMUNITÁRIO DE PREFERIDO ALTO,"ESTRADA GERAL PREFERIDO ALTO, S/N",LINHA PREFERIDO ALTO,0
80020,65,1155,CLUBE COMUNITÁRIO DE LINHA TAQUARUÇU,"ESTRADA GERAL, S/N",1155,CLUBE COMUNITÁRIO DE LINHA TAQUARUÇU,"ESTRADA GERAL, S/N",LINHA TAQUARUÇU,0
80020,65,1163,CLUBE COMUNITÁRIO DE PAVÃO,"ESTRADA GERAL PAVÃO, S/N",1163,CLUBE COMUNITÁRIO DE PAVÃO,"ESTRADA GERAL PAVÃO, S/N",LINHA PAVÃO,0
80020,65,1171,PAVILHÃO DA IGREJA CATÓLICA DE LINHA SÃO VENDELINO,"ESTRADA GERAL, S/N",1171,PAVILHÃO DA IGREJA CATÓLICA DE LINHA SÃO VENDELINO,"ESTRADA GERAL, S/N",LINHA SÃO VENDELINO,0
80020,65,1201,IGREJA ALTO TIGRE,"ESTRADA GERAL, S/N",1201,IGREJA ALTO TIGRE,"ESTRADA GERAL, S/N",LINHA ALTO TIGRE,0
80829,71,1040,ESCOLA DE EDUCAÇÃO BÁSICA PADRE ANTÔNIO VIEIRA,"RUA ZANELLA, 877",1040,ESCOLA DE EDUCAÇÃO BÁSICA PADRE ANTÔNIO VIEIRA,"RUA ZANELLA, 877",CENTRO,0
80829,71,1074,ESCOLA DE ENSINO FUNDAMENTAL TOLDO VELHO,"ESTRADA GERAL, S/N",1074,ESCOLA DE ENSINO FUNDAMENTAL TOLDO VELHO,"ESTRADA GERAL, S/N",TOLDO VELHO,0
80829,71,1082,ESCOLA INDÍGENA DE EDUCAÇÃO BÁSICA CACIQUE VANHKRE,"ESTRADA GERAL, S/N",1082,ESCOLA INDÍGENA DE EDUCAÇÃO BÁSICA CACIQUE VANHKRE,"ESTRADA GERAL, S/N",ÁREA INDÍGENA,0
80829,71,1090,ESCOLA DE ENSINO FUNDAMENTAL SERENITA FÁTIMA CARLESSO DA SILVA,"ESTRADA GERAL, S/N",1090,ESCOLA DE ENSINO FUNDAMENTAL SERENITA FÁTIMA CARLESSO DA SILVA,"ESTRADA GERAL, S/N",VILA SAMBURÁ,0
80829,71,1473,ESCOLA INDÍGENA DE ENSINO FUNDAMENTAL PINHALZINHO,"RODOVIA SC 470, S/N",1473,ESCOLA INDÍGENA DE ENSINO FUNDAMENTAL PINHALZINHO,"RODOVIA SC 470, S/N",ALDEIA PINHALZINHO,0
81515,90,1236,ESCOLA BENJAMIN CARVALHO DE OLIVEIRA,"AVENIDA DOM PEDRO I I, 175",1236,ESCOLA BENJAMIN CARVALHO DE OLIVEIRA,"AVENIDA DOM PEDRO I I, 175",CENTRO,0
81515,90,1031,ESCOLA DE LINHA SERRINHA,"ESTRADA GERAL, S/N",1031,ESCOLA DE LINHA SERRINHA,"ESTRADA GERAL, S/N",SERRINHA,0
81515,90,1210,ESCOLA DE LINHA BONITO,ESTRADA GERAL,1210,ESCOLA DE LINHA BONITO,ESTRADA GERAL,BONITO,
81515,90,1074,CENTRO COMUNITÁRIO DE LINHA PASSO GRANDE,ESTRADA GERAL,1074,CENTRO COMUNITÁRIO DE LINHA PASSO GRANDE,ESTRADA GERAL,LINHA PASSO GRANDE,0
81515,90,1023,ESCOLA DE LINHA BOM SUCESSO,"ESTRADA GERAL, S/N FONE (49) 3201 1299 R 25",1023,ESCOLA DE LINHA BOM SUCESSO,"ESTRADA GERAL, S/N FONE (49) 3201 1299 R 25",BOM SUCESSO,
81515,90,1112,CENTRO COMUNITÁRIO DE LINHA DOIS IRMÃOS,"ESTRADA GERAL, S/N - SAÍDA PARA SÃO RAFAEL",1112,CLUBE DE MÃES DE LINHA DOIS IRMÃOS,"ESTRADA GERAL, S/N - SAÍDA PARA SÃO RAFAEL",DOIS IRMÃOS,
81515,90,1228,ESCOLA DE LINHA SÃO RAFAEL,"ESTRADA GERAL, S/N",1228,ESCOLA DE LINHA SÃO RAFAEL,"ESTRADA GERAL, S/N",SÃO RAFAEL,
80187,58,1015,ESCOLA DE ENSINO FUNDAMENTAL PROFESSOR BALBINO MARTINS,LINHA SÃO JOSÉ DO LARANJAL,1015,ESCOLA DE ENSINO FUNDAMENTAL PROFESSOR BALBINO MARTINS,LINHA SÃO JOSÉ DO LARANJAL,SÃO JOSÉ DO LARANJAL,0
80187,58,1023,ESCOLA DE EDUCAÇÃO BÁSICA MANOEL DE FREITAS TRANCOSO,"RUA DONA PAULINA, N. 664",1023,ESCOLA DE EDUCAÇÃO BÁSICA MANOEL DE FREITAS TRANCOSO,"RUA DONA PAULINA, N. 664",CENTRO,0
80187,58,1031,GINÁSIO DE ESPORTE - LINHA NOVA IBARAMA,LINHA NOVA IBARAMA,1031,GINÁSIO DE ESPORTE - LINHA NOVA IBARAMA,LINHA NOVA IBARAMA,LINHA NOVA IBARAMA,0
80187,58,1104,SALÃO COMUNITÁRIO - LINHA MOROÉ,LINHA MOROÉ,1104,SALÃO COMUNITÁRIO - LINHA MOROÉ,LINHA MOROÉ,LINHA MOROÉ,0
80187,58,1090,ESCOLA DE ENSINO FUNDAMENTAL LINHA BIGUÁ,LINHA BIGUÁ,1090,ESCOLA DE ENSINO FUNDAMENTAL LINHA BIGUÁ,LINHA BIGUÁ,LINHA BIGUÁ,0
81531,90,1015,ESCOLA BÁSICA DOM FELÍCIO,"RUA JOSÉ KADES, 570",1015,ESCOLA BÁSICA DOM FELÍCIO,"RUA JOSÉ KADES, 570",CENTRO,
81531,90,1171,ESCOLA ISABEL DA SILVA TELLES,"RUA JULIA DA SILVA, N. 410",1171,ESCOLA ISABEL DA SILVA TELLES,"RUA JULIA DA SILVA, N. 410",ALTO IRANI,
81531,90,1058,CENTRO COMUNITÁRIO DE ALTO ENGANO,"ESTRADA GERAL, S/N",1058,CENTRO COMUNITÁRIO DE ALTO ENGANO,"ESTRADA GERAL, S/N",ALTO ENGANO,
81531,90,1066,CENTRO COMUNITÁRIO DE LINHA CERRO AGUDO,"ESTRADA GERAL, S/N",1066,CENTRO COMUNITÁRIO DE LINHA CERRO AGUDO,"ESTRADA GERAL, S/N",LINHA CERRO AGUDO,0
81531,90,1074,CENTRO COMUNITÁRIO DE CAROVEIRA,"RODOVIA BR 153 KM 75, S/N",1074,CENTRO COMUNITÁRIO DE CAROVEIRA,"RODOVIA BR 153 KM 75, S/N",LINHA CAROVEIRA,0
81531,90,1163,CENTRO COMUNITÁRIO DA LINHA SÃO VICENTE,"ESTRADA GERAL, S/N",1163,CENTRO COMUNITÁRIO DA LINHA SÃO VICENTE,"ESTRADA GERAL, S/N",LINHA SÃO VICENTE,
81531,90,1104,CENTRO COMUNITÁRIO DE LAGEADO CASAGRANDE,"ESTRADA GERAL, S/N",1104,CENTRO COMUNITÁRIO DE LAGEADO CASAGRANDE,"ESTRADA GERAL, S/N",LAJEADO CASAGRANDE,0
81531,90,1139,CENTRO COMUNITÁRIO DE LAGEADO DO MEIO,"ESTRADA GERAL, S/N",1139,CENTRO COMUNITÁRIO DE LAGEADO DO MEIO,"ESTRADA GERAL, S/N",LAGEADO DO MEIO,
81531,90,1198,ESCOLA BÁSICA SANTO ANTÔNIO,"RUA SANTA LUZIA, N. 127",1198,CMEI SANTO ANTÔNIO,"RUA SANTA LUZIA, N. 127",SANTO ANTONIO,
81531,90,1201,ESCOLA VALDECIR ÂNGELO ZAMPIERI,"RUA PADRE JOÃO POLLAMANN, S/N",1201,ESCOLA VALDECIR ÂNGELO ZAMPIERI,"RUA PADRE JOÃO POLLAMANN, S/N",SANTO MARCON,
81558,25,1015,COLEGIO ESTADUAL HORACIO NUNES,"RUA PARANA, S/N",1015,COLEGIO ESTADUAL HORACIO NUNES,"RUA PARANA, S/N",CENTRO,0
81558,25,1023,SALÃO PAROQUIAL DE POÇO PRETO,"RUA GERAL, S/N",1023,SALÃO PAROQUIAL DE POÇO PRETO,"RUA GERAL, S/N",POCO PRETO,0
81558,25,1031,ESCOLA MUNICIPAL DE SAO JOSE DO TIMBOZINHO,"RUA GERAL, S/N",1031,C.E.I DALITA GALLE - SÃO JOSÉ DO TIMBOZINHO,"RUA GERAL, S/N",SAO JOSE DO TIMBOZINHO,0
81558,25,1058,ESCOLA MUNICIPAL DE SANTO ANTONIO,"RUA GERAL, S/N",1058,C.E.I SANTO ANTÔNIO,"RUA GERAL, S/N",SANTO ANTONIO,0
81558,25,1066,ESCOLA MUNICIPAL DA COLONIA ESCADA,"RUA GERAL, S/N",1066,ESCOLA MUNICIPAL DA COLONIA ESCADA,"RUA GERAL, S/N",COLONIA ESCADA,0
81558,25,1074,ASSOCIAÇÃO DE MORADORES DO KM 13,"RODOVIA BR 282 KM 13, S/N",1074,ESCOLA MUNICIPAL DO KM 13,"RODOVIA BR 280 KM 13, S/N",KM 13,0
81558,25,1082,ESCOLA MUNICIPAL DE SAO PASCOAL,"RUA GERAL, S/N",1082,ESCOLA MUNICIPAL DE SAO PASCOAL,"RUA GERAL, S/N",SAO PASCOAL,0
81558,25,1090,PAVILHÃO DA IGREJA CATÓLICA DO BOM SOSSEGO,"ESTRADA GERAL, S/N",1090,PAVILHÃO DA IGREJA CATÓLICA DO BOM SOSSEGO,"ESTRADA GERAL, S/N",BOM SOSSEGO,0
81558,25,1104,ESCOLA MUNICIPAL DE RIO VERMELHO,"RUA GERAL, S/N",1104,C.E.I RIO VERMELHO,"RUA GERAL, S/N",RIO VERMELHO,0
81558,25,1112,ESCOLA MUNICIPAL DE VILLA NOVA DO TIMBO,"RUA GERAL, S/N",1112,ESCOLA MUNICIPAL DE VILLA NOVA DO TIMBO,"RUA GERAL, S/N",VILA NOVA DO TIMBO,0
81558,25,1139,ESCOLA MUNICIPAL DE SERRINHA DOS GONCALVES,"RUA GERAL, S/N",1139,ASSOCIAÇÃO DE MORADORES DA SERRINHA DOS GONÇALVES,"RUA GERAL, S/N",SERRINHA DOS GONCALVES,0
81558,25,1147,ESCOLA MUNICIPAL DE RIO BRANCO,"RUA GERAL, S/N",1147,N.E GUILHERME BOSSOW - RIO BRANCO,"RUA GERAL, S/N",RIO BRANCO,0
81558,25,1155,ASSOCIAÇÃO DE MORADORES DO PE DA SERRA,"RUA GERAL, S/N",1155,ASSOCIAÇÃO DE MORADORES DO PE DA SERRA,"RUA GERAL, S/N",PE DA SERRA,0
81558,25,1171,ESCOLA MUNICIPAL DE SERRA GRANDE,"RUA GERAL, S/N",1171,ASSOCIAÇÃO DE MORADORES DE SERRA GRANDE,"RUA GERAL, S/N",SERRA GRANDE,0
81558,25,1180,ESCOLA MUNICIPAL DE PEDRA BRANCA,"RUA GERAL, S/N",1180,C.E.I PEDRA BRANCA,"RUA GERAL, S/N",PEDRA BRANCA,0
81558,25,1198,CAPELA NOSSA SENHORA DE FATIMA,"RUA GERAL, S/N",1198,CAPELA NOSSA SENHORA DE FATIMA,"RUA GERAL, S/N",KM 18,0
81558,25,1228,GRUPO ESCOLAR ZELLIA MILLES,RUA RODOLFO BRAND S/N,1228,GRUPO ESCOLAR ZELLIA MILLES,RUA RODOLFO BRAND S/N,JARDIM BRAND,0
81574,61,1015,ESCOLA BASICA JOAO HENRIQUE PILLE,"ESTRADA GERAL, S/N",1015,ESCOLA BASICA JOAO HENRIQUE PILLE,"ESTRADA GERAL, S/N",LINHA NOVA SANTA CRUZ,0
81574,61,1023,COLEGIO LIBERATO BITTENCOURT,"AVENIDA TANCREDO NEVES, 1081",1023,COLEGIO LIBERATO BITTENCOURT,"AVENIDA TANCREDO NEVES, 1081",CENTRO,0
81574,61,1031,CENTRO COMUNITÁRIO DE LINHA UVÁ,"ESTRADA GERAL, S/N",1031,CENTRO COMUNITÁRIO DE LINHA UVÁ,"ESTRADA GERAL, S/N",LINHA UVA,0
81574,61,1040,CENTRO COMUNITÁRIO DE LINHA BORBOLETA BAIXA,"ESTRADA GERAL, S/N",1040,CENTRO COMUNITÁRIO DE LINHA BORBOLETA BAIXA,"ESTRADA GERAL, S/N",LINHA BORBOLETA BAIXA,0
81574,61,1074,CENTRO COMUNITÁRIO ADOLFO KONDER,"ESTRADA GERAL, S/N",1074,CENTRO COMUNITÁRIO ADOLFO KONDER,"ESTRADA GERAL, S/N",LINHA ADOLFO KONDER,0
81574,61,1082,CENTRO COMUNITÁRIO DE LINHA AURORA,"ESTRADA GERAL, S/N",1082,CENTRO COMUNITÁRIO DE LINHA AURORA,"ESTRADA GERAL, S/N",LINHA CAÇADOR,0
81574,61,1104,CENTRO COMUNITÁRIO DE LINHA SÃO FRANCISCO,"ESTRADA GERAL, S/N",1104,CENTRO COMUNITÁRIO DE LINHA SÃO FRANCISCO,"ESTRADA GERAL, S/N",LINHA SÃO FRANCISCO,0
81574,61,1120,ESCOLA BASICA BERNARDINA LEMOS MARQUES,"ESTRADA GERAL, S/N",1120,ESCOLA BASICA BERNARDINA LEMOS MARQUES,"ESTRADA GERAL, S/N",LINHA UNIÃO,0
81574,61,1139,ESCOLA ISOLADA BORBOLETA ALTA,"ESTRADA GERAL, S/N",1139,ESCOLA ISOLADA BORBOLETA ALTA,"ESTRADA GERAL, S/N",LINHA BORBOLETA ALTA,0
81574,61,1147,CENTRO COMUNITÁRIO DE LINHA PINDORAMA,"ESTRADA GERAL, S/N",1147,CENTRO COMUNITÁRIO DE LINHA PINDORAMA,"ESTRADA GERAL, S/N",LINHA PINDORAMA,0
81574,61,1198,CENTRO COMUNITÁRIO DE LINHA ALEGRE,"ESTRADA GERAL, S/N",1198,CENTRO COMUNITÁRIO DE LINHA ALEGRE,"ESTRADA GERAL, S/N",LINHA ALEGRE,0
81574,61,1201,CENTRO COMUNITÁRIO LINHA RIO ENGANO,"ESTRADA GERAL, S/N",1201,CENTRO COMUNITÁRIO LINHA RIO ENGANO,"ESTRADA GERAL, S/N",LINHA RIO ENGANO,0
81590,38,1015,ESCOLA DE EDUCAÇÃO BÁSICA VIRGÍLIO VÁRZEA,"RUA PROFESSOR ITEIR VITÓRIO DE CARVALHO, N. 88",1015,ESCOLA DE EDUCAÇÃO BÁSICA VIRGÍLIO VÁRZEA,"RUA PROFESSOR ITEIR VITÓRIO DE CARVALHO, N. 88",CENTRO,0
81590,38,1473,ESCOLA MUNICIPAL CENTRO EDUCATIVO ITAIÓPOLIS,"AVENIDA TANCREDO NEVES, N. 88",1473,ESCOLA MUNICIPAL CENTRO EDUCATIVO ITAIÓPOLIS,"AVENIDA TANCREDO NEVES, N. 88",CENTRO,0
81590,38,1023,EEB ODIR ZANELATTO,"RUA SERAFIM FURTADO DE MELLO, N. 40",1023,EEB ODIR ZANELATTO,"RUA SERAFIM FURTADO DE MELLO, N. 40",LUCENA,0
81590,38,1031,ESCOLA MUNICIPAL RIO DA ESTIVA,"RODOVIA BR-116, KM 35",1031,ESCOLA MUNICIPAL RIO DA ESTIVA,"RODOVIA BR-116, KM 35",RIO DA ESTIVA,0
81590,38,1040,EEB SÃO JOÃO BATISTA,"RUA ANITA RUTHES ANDRZEJEWSKI, N. 48",1040,EEB SÃO JOÃO BATISTA,"RUA ANITA RUTHES ANDRZEJEWSKI, N. 48",ALTO PARAGUAÇU,0
81590,38,1058,EEB ANTONIO BLASKOWSKI,"RODOVIA SC-477, KM 77",1058,EEB ANTONIO BLASKOWSKI,"RODOVIA SC-477, KM 77",DISTRITO DE ITAIÓ,0
81590,38,1066,EEB PAULO CRISTIANO HEYSE,"RODOVIA SC-477, S/N",1066,EEB PAULO CRISTIANO HEYSE,"RODOVIA SC-477, S/N",MOEMA,0
81590,38,1074,ESCOLA DE EDUCAÇÃO BÁSICA AMANDUS BAUER,RODOVIA SC 477,1074,ESCOLA DE EDUCAÇÃO BÁSICA AMANDUS BAUER,RODOVIA SC 477,IRACEMA,0
81590,38,1104,ESCOLA RURAL MUNICIPAL BARRA DA PRATA,"ESTRADA GERAL DA BARRA DA PRATA, S/N",1104,ESCOLA RURAL MUNICIPAL BARRA DA PRATA,"ESTRADA GERAL DA BARRA DA PRATA, S/N",BARRA DA PRATA ORIBKA,
81590,38,1155,ESCOLA RURAL MUNICIPAL RIO DA AREIA,"ESTRADA GERAL DO RIO DA AREIA , S/N",1155,ESCOLA RURAL MUNICIPAL RIO DA AREIA,"ESTRADA GERAL DO RIO DA AREIA , S/N",RIO DA AREIA,0
81590,38,1163,ANTIGA ESCOLA MUNICIPAL DO BONSUCESSO,"RODOVIA SC-477, S/N",1163,ANTIGA ESCOLA MUNICIPAL DO BONSUCESSO,"RODOVIA SC-477, S/N",BONSUCESSO,0
81590,38,1198,SALÃO COMUNITÁRIO SÃO LOURENÇO DOS VIRMOND,"RODOVIA BR-116, KM 26",1198,SALÃO COMUNITÁRIO SÃO LOURENÇO DOS VIRMOND,"RODOVIA BR-116, KM 26",SÃO LOURENÇO DOS VIRMOND,0
81590,38,1201,ESCOLA RURAL MUNICIPAL POÇO CLARO II,"ESTRADA GERAL, S/N",1201,ESCOLA RURAL MUNICIPAL POÇO CLARO II,"ESTRADA GERAL, S/N",POÇO CLARO,
81590,38,1376,ESCOLA MUNICIPAL BOM JESUS,"RUA HENRIQUE PLAUTZ, N. 214",1376,ESCOLA MUNICIPAL BOM JESUS,"RUA HENRIQUE PLAUTZ, N. 214",BOM JESUS,0
81590,38,1503,E R SECÇÃO SCHNEIDER,"RODOVIA SC-477, KM 85",1503,ESCOLA RURAL SECÇÃO SCHNEIDER,"RODOVIA SC-477, KM 85",SECÇÃO SCHNEIDER,0
81590,38,1490,CENTRO DE EDUCAÇÃO DE JOVENS E ADULTOS - CEJA,"RUA DUQUE DE CAXIAS, N. 599",1490,CENTRO DE EDUCAÇÃO DE JOVENS E ADULTOS - CEJA,"RUA DUQUE DE CAXIAS, N. 599",CENTRO,
81612,16,1180,COLEGIO SAO JOSE,"RUA SILVA, N 365",1180,COLEGIO SAO JOSE,"RUA SILVA, N 365",CENTRO,0
81612,16,1023,ESCOLA DE ENSINO MÉDIO VICTOR MEIRELLES,"RUA GIL STEIN FERREIRA, 318",1023,ESCOLA DE ENSINO MÉDIO VICTOR MEIRELLES,"RUA GIL STEIN FERREIRA, 318",CENTRO,0
81612,16,1040,COLEGIO SALESIANO,"RUA FELIPE SCHMITT, 87",1040,COLEGIO SALESIANO,"RUA FELIPE SCHMITT, 87",CENTRO,0
81612,16,1449,UNIVALI - UNIVERSIDADE DO VALE DO ITAJAÍ,"RUA URUGUAI, 458",1449,UNIVALI - UNIVERSIDADE DO VALE DO ITAJAÍ,"RUA URUGUAI, 458",CENTRO,0
81612,16,1082,ESCOLA BÁSICA GASPAR DA COSTA MORAES,"RODOVIA OSVALDO REIS, 54",1082,ESCOLA BÁSICA GASPAR DA COSTA MORAES,"RODOVIA OSVALDO REIS, 54",FAZENDA,0
81612,16,1350,ESCOLA DE EDUCAÇÃO BÁSICA FRANCISCO DE PAULA SEARA,"RUA JOSE EUGENIO MULLER, 1391",1350,ESCOLA DE EDUCAÇÃO BÁSICA FRANCISCO DE PAULA SEARA,"RUA JOSE EUGENIO MULLER, 1391",DOM BOSCO,0
81612,16,1112,ESCOLA DE EDUCAÇÃO BÁSICA DEPUTADO NILTON KUCKER,"RUA ALFREDO TROMPOWSKI, 506",1112,ESCOLA DE EDUCAÇÃO BÁSICA DEPUTADO NILTON KUCKER,"RUA ALFREDO TROMPOWSKI, 506",VILA OPERÁRIA,0
81612,16,1147,CENTRO DE EDUCAÇÃO INFANTIL VEREADOR HELUIZ ANTÔNIO MORAES GONZAGA,"RUA JOSÉ EUGÊNIO MULLER, N. 130",1147,CENTRO DE EDUCAÇÃO INFANTIL VEREADOR HELUIZ ANTÔNIO MORAES GONZAGA,"RUA JOSÉ EUGÊNIO MULLER, N. 130",VILA OPERÁRIA,0
81612,16,1210,ESCOLA DE ENSINO MÉDIO PROFESSOR HENRIQUE DA SILVA FONTES,"RUA PEDRO RANGEL, 202",1210,ESCOLA DE ENSINO MÉDIO PROFESSOR HENRIQUE DA SILVA FONTES,"RUA PEDRO RANGEL, 202",SÃO JOÃO,0
81612,16,1236,ESCOLA BÁSICA PREFEITO ALBERTO WERNER,"RUA OLGA GERN PEREIRA, 170",1236,ESCOLA BÁSICA PREFEITO ALBERTO WERNER,"RUA OLGA GERN PEREIRA, 170",RESSACADA,0
81612,16,1503,ESCOLA DE EDUCAÇÃO BÁSICA PAULO BAUER,"RUA INDAIAL, N. 1743",1503,ESCOLA DE EDUCAÇÃO BÁSICA PAULO BAUER,"RUA INDAIAL, N. 1743",SÃO JOÃO,0
81612,16,1600,ESCOLA BÁSICA AVELINO WERNER,"RUA SANTO ANTÔNIO, 320",1600,ESCOLA BÁSICA AVELINO WERNER,"RUA SANTO ANTÔNIO, 320",SÃO JUDAS,0
81612,16,1520,CENTRO DE EDUCAÇÃO INFANTIL CÂNDIDA VARGAS,"RUA CONSUL CARLOS RENAUX, N. 367",1520,CENTRO DE EDUCAÇÃO INFANTIL CÂNDIDA VARGAS,"RUA CONSUL CARLOS RENAUX, N. 367",CABEÇUDAS,0
81612,16,1538,ESCOLA BÁSICA YOLANDA LAURINDO ARDIGÓ,"RUA BRÁULIO WERNER, 164",1538,ESCOLA BÁSICA YOLANDA LAURINDO ARDIGÓ,"RUA BRÁULIO WERNER, 164",PRAIA BRAVA,0
81612,16,1554,COLÉGIO CENECISTA PEDRO ANTÔNIO FAYAL,"RUA ALFREDO TROMPOWSKI, N. 153",1554,COLÉGIO CENECISTA PEDRO ANTÔNIO FAYAL,"RUA ALFREDO TROMPOWSKI, N. 153",VILA OPERÁRIA,0
81612,16,1562,ESCOLA DE EDUCAÇÃO BÁSICA PROFESSOR HENRIQUE MIDON,"RUA  JOSÉ PEREIRA LIBERATO, N. 193",1562,ESCOLA DE EDUCAÇÃO BÁSICA PROFESSOR HENRIQUE MIDON,"RUA  JOSÉ PEREIRA LIBERATO, N. 193",SÃO JOÃO,0
81612,16,1570,CENTRO DE EDUCAÇÃO INFANTIL SAGRADA FAMÍLIA,"RUA PEDRO LUIZ DA SILVA, 20",1570,CENTRO DE EDUCAÇÃO INFANTIL SAGRADA FAMÍLIA,"RUA PEDRO LUIZ DA SILVA, 20",FAZENDINHA,0
81612,16,1589,ESCOLA BÁSICA PROFESSORA MARIA DUTRA GOMES,"RUA JACÓ ARDIGÓ, N. 117",1589,ESCOLA BÁSICA PROFESSORA MARIA DUTRA GOMES,"RUA JACÓ ARDIGÓ, N. 117",DOM BOSCO,0
81612,16,1597,ESCOLA BÁSICA ARNALDO BRANDÃO,"RUA LEODEGÁRIO PEDRO SILVA, N. 633",1597,ESCOLA BÁSICA ARNALDO BRANDÃO,"RUA LEODEGÁRIO PEDRO SILVA, N. 633",IMARUÍ,0
81612,16,1627,ESCOLA DE EDUCAÇÃO BÁSICA PROFESSOR PEDRO PAULO PHILLIPP,"RUA JORGE MATTOS,",1627,ESCOLA DE EDUCAÇÃO BÁSICA PROFESSOR PEDRO PAULO PHILLIPP,"RUA JORGE MATTOS,",CENTRO,0
81612,16,1635,ESCOLA BÁSICA JOÃO DUARTE,"RUA ERNESTO KOBARG, N. 372",1635,ESCOLA BÁSICA JOÃO DUARTE,"RUA ERNESTO KOBARG, N. 372",SÃO JOÃO,0
81612,97,1112,ESCOLA BÁSICA ANÍBAL CESAR,"RUA ANTÔNIO CIRILO DUTRA, S/N",1112,ESCOLA BÁSICA ANÍBAL CESAR,"RUA ANTÔNIO CIRILO DUTRA, S/N",SÃO VICENTE,0
81612,97,1236,ESCOLA BÁSICA PADRE PEDRO BARON,"RUA LUIZ JOSÉ MEDEIROS, 259",1236,ESCOLA BÁSICA PADRE PEDRO BARON,"RUA LUIZ JOSÉ MEDEIROS, 259",CORDEIROS,0
81612,97,1104,ESCOLA BÁSICA MANSUETO TRÉS,"RUA PORTO UNIÃO, 155 - BAMBUZAL",1104,ESCOLA BÁSICA MANSUETO TRÉS,"RUA PORTO UNIÃO, 155 - BAMBUZAL",SÃO VICENTE,0
81612,97,1406,ESCOLA DE EDUCAÇÃO BÁSICA ELIZABETH KONDER REIS,"RUA GUSTAVO BERNEDT, 987",1406,ESCOLA DE EDUCAÇÃO BÁSICA ELIZABETH KONDER REIS,"RUA GUSTAVO BERNEDT, 987",CORDEIROS,0
81612,97,1228,GRUPO ESCOLAR  JORGE DOMINGOS GONZAGA,"RUA DOMINGOS RAMPELOTTI, 1517",1228,GRUPO ESCOLAR  JORGE DOMINGOS GONZAGA,"RUA DOMINGOS RAMPELOTTI, 1517",SÃO ROQUE,0
81612,97,1503,ESCOLA BÁSICA ELIAS ADAIME,"RUA DAS HORTÊNCIAS, 278",1503,ESCOLA BÁSICA ELIAS ADAIME,"RUA DAS HORTÊNCIAS, 278",CIDADE NOVA,0
81612,97,1384,ESCOLA BÁSICA PROFESSORA MARIA JOSÉ HULSE PEIXOTO,"RUA LÍDIA PUEL PEIXER, 555 - JARDIM VILA NOVA",1384,ESCOLA BÁSICA PROFESSORA MARIA JOSÉ HULSE PEIXOTO,"RUA LÍDIA PUEL PEIXER, 555 - JARDIM VILA NOVA",MURTA,0
81612,97,1392,ESCOLA BÁSICA PROFESSORA THEREZA BEZERRA DE ATHAYDE,"AVENIDA ATÍLIO DALSÓQUIO, 50 - LOTEAMENTO PORTAL I",1392,ESCOLA BÁSICA PROFESSORA THEREZA BEZERRA DE ATHAYDE,"AVENIDA ATÍLIO DALSÓQUIO, 50 - LOTEAMENTO PORTAL I",ESPINHEIROS,0
81612,97,1430,ESCOLA BÁSICA FRANCISCO CELSO MAFRA,"AVENIDA ITAIPAVA, 4107",1430,ESCOLA BÁSICA FRANCISCO CELSO MAFRA,"AVENIDA ITAIPAVA, 4107",ITAIPAVA,0
81612,97,1449,ESCOLA ISOLADA MARIA PERPÉTUA PEREIRA,"RUA BENTA CUSTÓDIO VIEIRA, 418",1449,ESCOLA ISOLADA MARIA PERPÉTUA PEREIRA,"RUA BENTA CUSTÓDIO VIEIRA, 418",PACIÊNCIA,0
81612,97,1465,ESCOLA ISOLADA CLARINDO SEBASTIÃO DA CUNHA,"RUA CLARINDO SEBASTIÃO DA CUNHA, 1385",1465,ESCOLA ISOLADA CLARINDO SEBASTIÃO DA CUNHA,"RUA CLARINDO SEBASTIÃO DA CUNHA, 1385",ESPINHEIROS,0
81612,97,1520,ESCOLA BÁSICA MARECHAL OLÍMPIO FALCONIERI DA CUNHA,"RUA ANTÔNIO CARLOS PEREIRA LEÃO FILHO, 456 - RIO BONITO",1520,ESCOLA BÁSICA MARECHAL OLÍMPIO FALCONIERI DA CUNHA,"RUA ANTÔNIO CARLOS PEREIRA LEÃO FILHO, 456 - RIO BONITO",SÃO VICENTE,0
81612,97,1538,CENTRO DE EDUCAÇÃO INFANTIL LUIZ SILVÉRIO VIEIRA,"RUA PADRE GUILHERME KLEINE, 159",1538,CENTRO DE EDUCAÇÃO INFANTIL LUIZ SILVÉRIO VIEIRA,"RUA PADRE GUILHERME KLEINE, 159",ARRAIAL DOS CUNHAS,0
81612,97,1554,SALÃO PAROQUIAL BRILHANTE I,"SERAFIM GAMBA, 4930",1554,SALÃO PAROQUIAL BRILHANTE I,"SERAFIM GAMBA, 4930",BRILHANTE I,0
81612,97,1562,ESCOLA BÁSICA JOSÉ POTTER,"RUA FERMINO VIEIRA CORDEIRO, 129",1562,ESCOLA BÁSICA JOSÉ POTTER,"RUA FERMINO VIEIRA CORDEIRO, 129",ESPINHEIROS,0
81612,97,1570,ESCOLA BÁSICA CÍVICO MILITAR MELVIN JONES,"RUA SEBASTIÃO ROMEU SOARES, 640",1570,ESCOLA BÁSICA CÍVICO MILITAR MELVIN JONES,"RUA SEBASTIÃO ROMEU SOARES, 640",CORDEIROS,0
81612,97,1597,ESCOLA BÁSICA ANTÔNIO RAMOS,"AVENIDA INDEPENDÊNCIA, 55",1597,ESCOLA BÁSICA ANTÔNIO RAMOS,"AVENIDA INDEPENDÊNCIA, 55",CORDEIROS,0
81612,97,1600,ESCOLA DE EDUCAÇÃO BÁSICA DOM AFONSO NIEHUES,"RUA SANTO AGOSTINHO, 466",1600,ESCOLA DE EDUCAÇÃO BÁSICA DOM AFONSO NIEHUES,"RUA SANTO AGOSTINHO, 466",CORDEIROS,0
81612,97,1619,ESCOLA BÁSICA PROFESSORA EDY VIEIRA WENDHAUSEN ROTHBARTH,RODOVIA BR 101 - KM 115 - N. 3010,1619,ESCOLA BÁSICA PROFESSORA EDY VIEIRA WENDHAUSEN ROTHBARTH,RODOVIA BR 101 - KM 115 - N. 3010,SALSEIROS,0
81612,97,1627,GRUPO ESCOLAR PROFESSORA MARIA NILZA FERREIRA EVARISTO,"RODOVIA JORGE LACERDA KM 4, N. 3700",1627,GRUPO ESCOLAR PROFESSORA MARIA NILZA FERREIRA EVARISTO,"RODOVIA JORGE LACERDA KM 4, N. 3700",ESPINHEIROS,0
81612,97,1635,ESCOLA DE EDUCAÇÃO BÁSICA CARLOS FANTINI,"RUA EDMUNDO LEOPOLDO MERIZIO, 1515",1635,ESCOLA DE EDUCAÇÃO BÁSICA CARLOS FANTINI,"RUA EDMUNDO LEOPOLDO MERIZIO, 1515",LIMOEIRO,0
81612,97,1643,ESCOLA BÁSICA PROFESSOR MARTINHO GERVÁSI,"RUA RODOLPHO GIRARDI, 4309",1643,ESCOLA BÁSICA PROFESSOR MARTINHO GERVÁSI,"RUA RODOLPHO GIRARDI, 4309",BRILHANTE II,0
81612,97,1651,ESCOLA ISOLADA DUQUE DE CAXIAS,"VERGÍLIO CADORE, S/N",1651,ESCOLA ISOLADA DUQUE DE CAXIAS,"VERGÍLIO CADORE, S/N",CAMPECHE,0
81612,97,1660,ESCOLA BÁSICA PROFESSORA JUDITH DUARTE DE OLIVEIRA,"AVENIDA ITAIPAVA,  2125",1660,ESCOLA BÁSICA PROFESSORA JUDITH DUARTE DE OLIVEIRA,"AVENIDA ITAIPAVA,  2125",ITAIPAVA,0
81612,97,1686,CAIC - CENTRO EDUCACIONAL PROF. CACILDO ROMAGNANI,"RUA EMANUEL JOSÉ REBELO, 60",1686,CAIC - CENTRO EDUCACIONAL PROF. CACILDO ROMAGNANI,"RUA EMANUEL JOSÉ REBELO, 60",CIDADE NOVA,0
81612,97,1708,ESCOLA BÁSICA PEDRO PAULO REBELLO,"RUA EUDORO SILVEIRA, 750 - RIO BONITO",1708,ESCOLA BÁSICA PEDRO PAULO REBELLO,"RUA EUDORO SILVEIRA, 750 - RIO BONITO",SÃO VICENTE,0
81612,97,1694,ESCOLA BÁSICA JOSÉ MEDEIROS VIEIRA,"RUA SAUL SCHEAD DOS SANTOS, 556",1694,ESCOLA BÁSICA JOSÉ MEDEIROS VIEIRA,"RUA SAUL SCHEAD DOS SANTOS, 556",SÃO VICENTE,0
81612,97,1740,ESCOLA DE ENSINO MÉDIO ELFRIDA CRISTINO DA SILVA,"R. MARIA IOLANDA DA ROCHA, 66",1740,ESCOLA DE ENSINO MÉDIO ELFRIDA CRISTINO DA SILVA,"R. MARIA IOLANDA DA ROCHA, 66",SÃO VICENTE,0
81612,97,1716,CENTRO EDUCACIONAL DE CORDEIROS,"AV. DR. REINALDO SCHMITHAUSEN, 1966",1716,CENTRO EDUCACIONAL DE CORDEIROS,"AV. DR. REINALDO SCHMITHAUSEN, 1966",CORDEIROS,0
81612,97,1724,CENTRO EDUCACIONAL PEDRO RIZZI,"R. AGÍLIO CUNHA, 812",1724,CENTRO EDUCACIONAL PEDRO RIZZI,"R. AGÍLIO CUNHA, 812",CIDADE NOVA,0
81612,97,1732,CENTRO DE EDUCAÇÃO INFANTIL ANNINHA LINHARES DE MIRANDA,"RUA ANTÔNIO PEIRÃO, 26",1732,CENTRO DE EDUCAÇÃO INFANTIL ANNINHA LINHARES DE MIRANDA,"RUA ANTÔNIO PEIRÃO, 26",SÃO VICENTE,0
81612,97,1759,ESCOLA BÁSICA PADRE JOSÉ DE ANCHIETA,"RUA JOÃO THOMAZ PINTO, 1567",1759,ESCOLA BÁSICA PADRE JOSÉ DE ANCHIETA,"RUA JOÃO THOMAZ PINTO, 1567",CANHANDUBA,0
81612,97,1767,CENTRO DE EDUCAÇÃO INFANTIL PROFESSORA DIVA VIEIRA ABRANTES,"RUA AUGUSTO CUGNIER, 456",1767,CENTRO DE EDUCAÇÃO INFANTIL PROFESSORA DIVA VIEIRA ABRANTES,"RUA AUGUSTO CUGNIER, 456",ESPINHEIROS,0
81612,97,1775,ESCOLA BÁSICA JOÃO PAULO II,"RUA VEREADOR NESTOR DOS SANTOS, 1426",1775,ESCOLA BÁSICA JOÃO PAULO II,"RUA VEREADOR NESTOR DOS SANTOS, 1426",CORDEIROS,0
81612,97,1813,PRESÍDIO COMPLEXO PENITENCIARIO DO VALE DO ITAJAÍ,"ESTRADA GERAL JOÃO TOMAZ PINTO, S/N",1813,PRESÍDIO COMPLEXO PENITENCIARIO DO VALE DO ITAJAÍ,"ESTRADA GERAL JOÃO TOMAZ PINTO, S/N",CANHANDUBA,
81639,91,1015,E.E.B. OLEGÁRIO BERNARDES,"AV.CELSO RAMOS, N. 710, ESQ. RUA 119",1015,E.E.B. OLEGÁRIO BERNARDES,"AV.CELSO RAMOS, N. 710, ESQ. RUA 119",CENTRO,0
81639,91,1082,E.M.E.B. OSWALDO DOS REIS,"RUA 700, N. 790",1082,E.M.E.B. OSWALDO DOS REIS,"RUA 700, N. 790",VÁRZEA,0
81639,91,1023,ESCOLA MUNICIPAL PROFESSORA ALINE CRISTINA VIDAL NUNES,"RUA 288, N. 219",1023,ESCOLA MUNICIPAL PROFESSORA ALINE CRISTINA VIDAL NUNES,"RUA 288, N. 219",MEIA PRAIA,0
81639,91,1031,E.M.E.B. PAULO REIS,"RUA GERAL DO SERTÃO DO TROMBUDO, N. 6236",1031,E.M.E.B. PAULO REIS,"RUA GERAL DO SERTÃO DO TROMBUDO, N. 6236",SERTÃO DO TROMBUDO,0
81639,91,1040,E.M.E.B. LUIZ FRANCISCO VIEIRA,"RUA 1208, N. 265",1040,E.M.E.B. LUIZ FRANCISCO VIEIRA,"RUA 1208, N. 265",ILHOTA,0
81639,91,1058,E.M.E.B. MARIA LINHARES DE SOUZA,"RUA 810, N. 301",1058,E.M.E.B. MARIA LINHARES DE SOUZA,"RUA 810, N. 301",ALTO SÃO BENTO,0
81639,91,1066,E.M.E.B. BENTO ELÓI GARCIA,"RUA 402-B, N. 105",1066,E.M.E.B. BENTO ELÓI GARCIA,"RUA 402-B, N. 105",MORRETES,0
81639,91,1279,C. M. E. I. BRANCA DE NEVE,"RUA 272, N. 164",1279,CMEI BRANCA DE NEVE,"RUA 272, N. 164",MEIA PRAIA,
81639,91,1180,E.M.E.B. MARIA DE LOURDES CARDOSO MALLMANN,RUA 294 N. 435,1180,E.M.E.B. MARIA DE LOURDES CARDOSO MALLMANN,RUA 294 N. 435,MEIA PRAIA,0
81639,91,1120,E.M.E.B. EDUCAR,"RUA 230, N. 415",1120,E.M.E.B. EDUCAR,"RUA 230, N. 415",MEIA PRAIA,0
81639,91,1139,C.E. SISTEMA UNIFICADO,"RUA 318, N. 401",1139,C.E. SISTEMA UNIFICADO,"RUA 318, N. 401",MEIA PRAIA,0
81639,91,1147,E.M.E.B. PREFEITO FRANCISCO VICTOR ALVES,"RUA 436, N. 1123",1147,E.M.E.B. PREFEITO FRANCISCO VICTOR ALVES,"RUA 436, N. 1123",MORRETES,0
81639,91,1155,C.M.E.I. SOLDADINHO DE CHUMBO,"RUA 115-B, N. 251 ESQ. RUA 119 A",1155,CMEI SOLDADINHO DE CHUMBO,"RUA 115-B, N. 251 ESQ. RUA 119 A",CENTRO,0
81639,91,1163,E.M.E.B. JOAQUIM VICENTE DE OLIVEIRA,RUA 612 N. 64,1163,E.M.E.B. JOAQUIM VICENTE DE OLIVEIRA,RUA 612 N. 64,TABULEIRO DAS OLIVEIRAS,0
81639,91,1210,APAE - ITAPEMA,RUA 458 S/N,1210,APAE - ITAPEMA,RUA 458 S/N,JARDIM PRAIA MAR,0
81639,91,1201,C.M.E.I. MEIA PRAIA,RUA 240,1201,CMEI MEIA PRAIA,RUA 240,MEIA PRAIA,0
81639,91,1228,C.M.E.I ABELHINHA FELIZ I,RUA 902 D S/N,1228,CMEI ABELHINHA FELIZ I,RUA 902 D S/N,ALTO SÃO BENTO,0
81639,91,1287,PRESÍDIO DE ITAPEMA,"RUA 440, SN, FINAL DA RUA",1287,PRESÍDIO DE ITAPEMA,"RUA 440, SN, FINAL DA RUA",MORRETES,
81655,65,1015,ESCOLA DE EDUCAÇÃO BÁSICA SÃO VICENTE,"RUA DA MATRIZ, 255",1015,ESCOLA DE EDUCAÇÃO BÁSICA SÃO VICENTE,"RUA DA MATRIZ, 255",CENTRO,0
81655,65,1023,SOCIEDADE BOM HUMOR DE LINHA SANTA FÉ ALTA,"LINHA SANTA FÉ ALTA, S/N",1023,SOCIEDADE BOM HUMOR DE LINHA SANTA FÉ ALTA,"LINHA SANTA FÉ ALTA, S/N",LINHA SANTA FÉ ALTA,0
81655,65,1031,SOCIEDADE DUQUE DE CAXIAS DE LINHA BELEZA,"LINHA BELEZA, S/N",1031,SOCIEDADE DUQUE DE CAXIAS DE LINHA BELEZA,"LINHA BELEZA, S/N",LINHA BELEZA,0
81655,65,1040,ESCOLA DE LINHA COTOVELO,"LINHA COTOVELO, S/N",1040,ASSOCIAÇÃO BENEFICENTE CULTURAL E ESPORTIVA COTOVELO,"LINHA COTOVELO, S/N",LINHA COTOVELO,0
81655,65,1058,ESCOLA DE EDUCAÇÃO BÁSICA HUMBERTO MACHADO DE LINHA IPÊ POPI,"LINHA IPÊ POPI, S/N",1058,ESCOLA DE EDUCAÇÃO BÁSICA HUMBERTO MACHADO DE LINHA IPÊ POPI,"LINHA IPÊ POPI, S/N",LINHA IPÊ POPI,0
81655,65,1090,ESCOLA MUNICIPAL INTEGRAL RURAL IRMÃ TABITA DE LINHA SOLEDADE,"LINHA SOLEDADE, S/N",1090,ESCOLA MUNICIPAL INTEGRAL RURAL IRMÃ TABITA DE LINHA SOLEDADE,"LINHA SOLEDADE, S/N",LINHA SOLEDADE,0
81655,65,1112,ESCOLA DE EDUCAÇÃO BÁSICA SÃO JOSÉ DE LINHA SEDE CAPELA,"LINHA SEDE CAPELA, S/N",1112,ESCOLA DE EDUCAÇÃO BÁSICA SÃO JOSÉ DE LINHA SEDE CAPELA,"LINHA SEDE CAPELA, S/N",LINHA SEDE CAPELA,0
81655,65,1155,ASSOCIAÇÃO RECREATIVA XV DE NOVEMBRO DE LINHA CHAPÉU,"LINHA CHAPÉU, S/N",1155,ASSOCIAÇÃO RECREATIVA XV DE NOVEMBRO DE LINHA CHAPÉU,"LINHA CHAPÉU, S/N",LINHA CHAPÉU,0
81655,65,1198,ESCOLA DE EDUCAÇÃO BÁSICA SANTO ANTÔNIO,"LINHA SANTO ANTÔNIO, S/N",1198,ESCOLA DE EDUCAÇÃO BÁSICA SANTO ANTÔNIO,"LINHA SANTO ANTÔNIO, S/N",LINHA SANTO ANTÔNIO,0
81655,65,1210,ASSOCIAÇÃO RECREATIVA SÃO BONIFÁCIO DE LINHA PRESIDENTE BECKER,"LINHA PRESIDENTE BECKER, S/N",1210,ASSOCIAÇÃO RECREATIVA SÃO BONIFÁCIO DE LINHA PRESIDENTE BECKER,"LINHA PRESIDENTE BECKER, S/N",LINHA PRESIDENTE BECKER,0
81655,65,1252,ASSOCIAÇÃO RECREATIIVA UNIÃO DE LINHA APARECIDA,"LINHA APARECIDA, S/N",1252,ASSOCIAÇÃO RECREATIIVA UNIÃO DE LINHA APARECIDA,"LINHA APARECIDA, S/N",LINHA APARECIDA,0
81655,65,1260,ESCOLA DE ENSINO FUNDAMENTAL LUDGERO WIGGERS DE LINHA CONCEIÇÃO,"LINHA CONCEIÇÃO, S/N",1260,ESCOLA DE ENSINO FUNDAMENTAL LUDGERO WIGGERS DE LINHA CONCEIÇÃO,"LINHA CONCEIÇÃO, S/N",LINHA CONCEIÇÃO,0
81655,65,1279,SOCIEDADE RECREATIVA SAO LUDGERO,"LINHA SÃO LUDGERO, S/N",1279,SOCIEDADE RECREATIVA SAO LUDGERO,"LINHA SÃO LUDGERO, S/N",LINHA SÃO LUDGERO,0
81655,65,1287,PAVILHÃO COMUNITÁRIO DE LINHA COQUEIRO,"LINHA COQUEIRO, S/N",1287,PAVILHÃO COMUNITÁRIO DE LINHA COQUEIRO,"LINHA COQUEIRO, S/N",LINHA COQUEIRO,0
81655,65,1309,ASSOCIAÇÃO FLAMENGO LINHA LARANJEIRA,"LINHA LARANJEIRA, S/N",1309,CENTRO COMUNITÁRIO DA LINHA LARANJEIRA,"LINHA LARANJEIRA, S/N",LINHA LARANJEIRA,0
81655,65,1317,ESCOLA ISOLADA SÃO MIGUEL DE SANTA CRUZ,"LINHA SANTA CRUZ, S/N",1317,ESCOLA ISOLADA SÃO MIGUEL DE SANTA CRUZ,"LINHA SANTA CRUZ, S/N",LINHA SANTA CRUZ,0
81655,65,1350,ESCOLA MUNICIPAL PEDRO HEINEN DE LINHA MARIA GORETTI,"LINHA MARIA GORETTI, S/N",1350,SOCIEDADE ESP. RECR. E CULT. 9 DE MARÇO DA LINHA MARIA GORETTI,"LINHA MARIA GORETTI, S/N",LINHA MARIA GORETTI,0
81655,65,1384,ASSOCIAÇÃO ESPORTIVA PALMEIRAS DE LINHA BAÚ,"LINHA BAÚ, S/N",1384,ASSOCIAÇÃO ESPORTIVA PALMEIRAS DE LINHA BAÚ,"LINHA BAÚ, S/N",LINHA BAÚ,0
81655,65,1422,SOCIEDADE RECREATIVA MARINGÁ DE LINHA SANTA ISABEL,"LINHA SANTA ISABEL, S/N",1422,SOCIEDADE RECREATIVA MARINGÁ DE LINHA SANTA ISABEL,"LINHA SANTA ISABEL, S/N",LINHA SANTA ISABEL,0
81655,65,1430,ESCOLA DE ENSINO FUNDAMENTAL PORTO NOVO,"RUA SÃO BONIFACIO, S/N",1430,ESCOLA DE ENSINO FUNDAMENTAL PORTO NOVO,"RUA SÃO BONIFACIO, S/N",CENTRO,0
81655,65,1066,ASSOC. CLUBE COMUNITÁRIO DE LINHA DOURADO,"LINHA DOURADO, S/N",1066,ASSOC. CLUBE COMUNITÁRIO DE LINHA DOURADO,"LINHA DOURADO, S/N",LINHA DOURADO,0
81663,105,1015,ESCOLA MUNICIPAL DE ENSINO FUNDAMENTAL EUCLIDES EMÍDIO DA SILVA,"RUA 120, N. 378",1015,ESCOLA MUNICIPAL DE ENSINO FUNDAMENTAL EUCLIDES EMÍDIO DA SILVA,"RUA 120, N. 462",BARRA DO SAI,
81663,105,1023,ESCOLA DE EDUCAÇAO BÁSICA NEREU RAMOS,"AVENIDA PÉROLA DO ATLÂNTIC0, N. 256",1023,ESCOLA DE EDUCAÇAO BÁSICA NEREU RAMOS,"AVENIDA PÉROLA DO ATLÂNTIC0, N. 256",ITAPEMA DO NORTE,0
81663,105,1112,ESCOLA MUNICIPAL CLAITON ALMIR HERMES,"RUA JOSÉ DA SILVA PACHECO, 2204",1112,ESCOLA MUNICIPAL CLAITON ALMIR HERMES,"RUA JOSÉ DA SILVA PACHECO, 2204",SÃO JOSÉ,11
81663,105,1040,ESCOLA MUNICIPAL DE ENSINO FUNDAMENTAL FREI VALENTIM,"AVENIDA NAÇÕES UNIDAS, N. 405",1040,ESCOLA MUNICIPAL DE ENSINO FUNDAMENTAL FREI VALENTIM,"AVENIDA NAÇÕES UNIDAS, N. 405",ITAPOÁ,0
81663,105,1058,ESCOLA MUNICIPAL ZÓZIMO NERES DO ROSÁRIO,RUA IZABEL CABRAL BORGES N. 139,1058,ESCOLA MUNICIPAL ZÓZIMO NERES DO ROSÁRIO,RUA IZABEL CABRAL BORGES (RUA 2.820) N. 139,PONTAL DO NORTE,0
81663,105,1066,ESCOLA ISOLADA ALBERTO SPECK,"ESTRADA ITAPOA, S/N",1066,ESCOLA MUNICIPAL ALBERTO SPECK,"ESTRADA MOACIR SPECK, S/N",SAI-MIRIM,0
81663,105,1082,ESCOLA MUNICIPAL DE ENSINO FUNDAMENTAL MONTEIRO LOBATO,"R. WALTER CRISANTO, S/N",1082,ESCOLA MUNICIPAL MONTEIRO LOBATO,"R. WALTER CRISANTO, S/N",SAMAMBAIAL,0
81663,105,1104,ESCOLA MUNICIPAL AYRTON SENNA,"RUA CARACAXA, N. 137",1104,ESCOLA MUNICIPAL AYRTON SENNA,"RUA CARACAXA, N. 137",ITAPEMA DO NORTE,0
81671,39,1015,COLEGIO ESTADUAL ROBERTO MORITZ,"RUA LAURO MELLO, 470",1015,COLEGIO ESTADUAL ROBERTO MORITZ,"RUA LAURO MELLO, 470",CENTRO,0
81671,39,1023,ESCOLA BÁSICA MONT ALVERNE,"RUA FREI MANOEL, N. 120  TELEFONE 35338777",1023,ESCOLA BÁSICA MONT ALVERNE,"RUA FREI MANOEL, N. 120  TELEFONE 35338777",CENTRO,0
81671,39,1058,ESCOLA MUNICIPAL LEANDRO DOS SANTOS,"RODOVIA SC 302, S/N",1058,ESCOLA MUNICIPAL LEANDRO DOS SANTOS,"RODOVIA SC 302, S/N",RIO BONITO,0
81671,39,1066,COLEGIO ESTADUAL VEREADOR PAULO FRANCA,"RODOVIA SC 302, 6788",1066,COLEGIO ESTADUAL VEREADOR PAULO FRANCA,"RODOVIA SC 302, 6788",CERRO NEGRO,0
81671,39,1082,ESCOLA BASICA PRESIDENTE TANCREDO NEVES,RUA NORBERTO MEES S/N,1082,ESCOLA BASICA PRESIDENTE TANCREDO NEVES,RUA NORBERTO MEES S/N,BELA VISTA,0
81671,39,1090,ESCOLA PÚBLICA MUNICIPAL OLINDA ISRAEL LAURINDO,"ESTRADA GERAL RIO DO NORTE, S/N",1090,ESCOLA PÚBLICA MUNICIPAL OLINDA ISRAEL LAURINDO,"ESTRADA GERAL RIO DO NORTE, S/N",RIO DO NORTE,0
81671,39,1104,ESCOLA PUBLICA MUNICIPAL PROFESSOR CURT HAMM,"RUA GERAL RIO BATALHA, S/N",1104,ESCOLA PUBLICA MUNICIPAL PROFESSOR CURT HAMM,"RUA GERAL RIO BATALHA, S/N",RIO BATALHA,0
81671,39,1155,ESCOLA DE EDUCACAO BASICA ALEIXO DELLAGIUSTINA,"RUA 24 SETEMBRO, 388 TELEFONE 35338779",1155,ESCOLA DE EDUCACAO BASICA ALEIXO DELLAGIUSTINA,"RUA 24 SETEMBRO, 388 TELEFONE 35338779",SANTO ANTÔNIO,0
81671,39,1139,CENTRO MULTIUSO FUNDO TRÊS BARRAS,"RUA GERAL, S/N",1139,CENTRO MULTIUSO FUNDO TRÊS BARRAS,"RUA GERAL, S/N",TRES BARRAS,0
81671,39,1228,ESCOLA DE ENSINO FUNDAMENTAL PROFESSOR JOAO CARLOS THIESEN,"RUA ALMIRANTE TAMANDARE, S/N",1228,ESCOLA DE ENSINO FUNDAMENTAL PROFESSOR JOAO CARLOS THIESEN,"RUA ALMIRANTE TAMANDARE, S/N",VILA NOVA,0
81671,39,1236,SALÃO COMUNITÁRIO ALTO ÁGUAS NEGRAS,"ESTRADA GERAL, S/N",1236,SALÃO COMUNITÁRIO ALTO ÁGUAS NEGRAS,"ESTRADA GERAL, S/N",ALTO ÁGUAS NEGRAS,0
81671,39,1406,ESCOLA PUBLICA MUNICIPAL PEDRO JULIO MULLER,"RODOVIA SC 427 KM, S/N",1406,ESCOLA PUBLICA MUNICIPAL PEDRO JULIO MULLER,"RODOVIA SC 427 KM, S/N",NOSSA SENHORA DE FÁTIMA,0
81671,39,1414,ESCOLA PÚBLICA MUNICIPAL BERNARDINA FARIAS DE MATOS,"RODOVIA SC 428 KM 01, S/N",1414,ESCOLA PÚBLICA MUNICIPAL BERNARDINA FARIAS DE MATOS,"RODOVIA SC 428 KM 01, S/N",GABIROBA,0
81698,18,1074,CENTRO COMUNITÁRIO DA LINHA CASTELHANO,"ESTRADA GERAL - MARGENS SC 463, S/N",1074,CENTRO COMUNITÁRIO DA LINHA CASTELHANO,"ESTRADA GERAL - MARGENS SC 463, S/N",LINHA CASTELHANO,0
81698,18,1139,COLÉGIO ESTADUAL VICTOR FELIPPE RAUEM,"RUA TIRADENTES, N. 159",1139,COLÉGIO ESTADUAL VICTOR FELIPPE RAUEM,"RUA TIRADENTES, N. 159",CENTRO,0
81698,18,1104,CENTRO COMUNITÁRIO DA LINHA SÃO MIGUEL,"ESTRADA GERAL - MARGENS SC 463, S/N",1104,CENTRO COMUNITÁRIO DA LINHA SÃO MIGUEL,"ESTRADA GERAL - MARGENS SC 463, S/N",LINHA SÃO MIGUEL,0
81698,18,1120,CENTRO COMUNITÁRIO DA LINHA SANTA LÚCIA,"RODOVIA SC 463, S/N",1120,CENTRO COMUNITÁRIO DA LINHA SANTA LÚCIA,"RODOVIA SC 463, S/N",LINHA SANTA LÚCIA,0
81698,18,1090,CENTRO COMUNITÁRIO LINHA VISTA ALEGRE,"ESTRADA GERAL, S/N",1090,CENTRO COMUNITÁRIO LINHA VISTA ALEGRE,"ESTRADA GERAL, S/N",LINHA VISTA ALEGRE,0
81698,18,1112,CENTRO COMUNITÁRIO DA LINHA SÃO LOURENÇO,"ESTRADA GERAL, S/N",1112,CENTRO COMUNITÁRIO DA LINHA SÃO LOURENÇO,"ESTRADA GERAL, S/N",LINHA SÃO LOURENÇO,0
81710,42,1015,ESCOLA DE EDUCACAO BASICA JACINTO MACHADO,"AVENIDA  PADRE HERVAL FONTANELLA, 1063",1015,ESCOLA DE EDUCACAO BASICA JACINTO MACHADO,"AVENIDA  PADRE HERVAL FONTANELLA, 1063",CENTRO,0
81710,42,1023,CLUBE DE MÃES - TENENTE,"ESTRADA GERAL, S/N",1023,CLUBE DE MÃES - TENENTE,"ESTRADA GERAL, S/N",TENENTE,0
81710,42,1031,ESCOLA DE EDUCAÇÃO BÁSICA JOSÉ FRANCISCO DE AGUIAR,"RUA OTÁVIO PATEL, SN",1031,ESCOLA DE EDUCAÇÃO BÁSICA JOSÉ FRANCISCO DE AGUIAR,"RUA OTÁVIO PATEL, SN",JARDIM ARIZONA,0
81710,42,1040,ESCOLA DE ENSINO FUNDAMENTAL FRANCISCO MOLGERO,"ESTRADA GERAL, S/N",1040,ESCOLA DE ENSINO FUNDAMENTAL FRANCISCO MOLGERO,"ESTRADA GERAL, S/N",PINHEIRINHO DO MEIO,0
81710,42,1058,ESCOLA DE ENSINO FUNDAMENTAL IMACULADA CONCEIÇÃO,"ESTRADA GERAL, S/N",1058,ESCOLA DE ENSINO FUNDAMENTAL IMACULADA CONCEIÇÃO,"ESTRADA GERAL, S/N",SERRA DA PEDRA,0
81710,42,1155,ESCOLA MUNICIPAL DE EDUCAÇÃO BÁSICA ALBINO ZANATTA,"RUA ALBINO ZANATTA, S/N",1155,ESCOLA MUNICIPAL DE EDUCAÇÃO BÁSICA ALBINO ZANATTA,"RUA ALBINO ZANATTA, S/N",GÁVEA,0
81710,42,1163,ESCOLA MUNICIPAL DE EDUCAÇÃO BÁSICA FIGUEIRA,RUA DONA ELVIRA VERONEZ,1163,ESCOLA MUNICIPAL DE EDUCAÇÃO BÁSICA FIGUEIRA,RUA DONA ELVIRA VERONEZ,FIGUEIRA,0
81736,33,1112,CEI BRINCAR E APRENDER,"RUA LAGUNA, S/N",1112,CEI BRINCAR E APRENDER,"RUA LAGUNA, S/N",BEIJA FLOR,0
81736,33,1023,ESCOLA BÁSICA MUNICIPAL LUÍZA NICOLAZZI GOMES,"ESTRADA GERAL, S/N",1023,ESCOLA BÁSICA MUNICIPAL LUÍZA NICOLAZZI GOMES,"ESTRADA GERAL, S/N",OLHO D'AGUA,0
81736,33,1074,ESCOLA DE EDUCAÇÃO BÁSICA MARECHAL LUZ,"RUA ERNESTO LACOMB, N. 129",1074,ESCOLA DE EDUCAÇÃO BÁSICA MARECHAL LUZ,"RUA ERNESTO LACOMB, N. 129",CENTRO,0
81736,33,1252,CENTRO COMUNITARIO RIACHINHO (ASSOC. MORADORES NOVA ESPERANÇA),"RUA TOMÉ PAULA, S/N",1252,CENTRO COMUNITARIO RIACHINHO (ASSOC. MORADORES NOVA ESPERANÇA),"RUA TOMÉ PAULA, S/N",RIACHINHO,0
81736,33,1104,ESCOLA DE ENSINO FUNDAMENTAL PREFEITO OSNY PEREIRA,"RUA CORONEL SEVERINO DUARTE, N. 349",1104,ESCOLA DE ENSINO FUNDAMENTAL PREFEITO OSNY PEREIRA,"RUA CORONEL SEVERINO DUARTE, N. 349",MORRO DA CRUZ,0
81736,33,1120,ESCOLA MUNICIPAL PROFESSORA CECÍLIA ÁVILA SCHMITZ,"RODOVIA CLAUDINO ABEL BOTEGA, S/N",1120,ESCOLA MUNICIPAL PROFESSORA CECÍLIA ÁVILA SCHMITZ,"RODOVIA CLAUDINO ABEL BOTEGA, S/N",GAROPABA,0
81736,33,1139,CENTRO COMUNITÁRIO ARROIO DA CRUZ II,"ESTRADA GERAL, S/N",1139,CENTRO COMUNITÁRIO ARROIO DA CRUZ II,"ESTRADA GERAL, S/N",ARROIO DA CRUZ II,0
81736,33,1147,ESCOLA BÁSICA MUNICIPAL ANTÔNIO JOÃO MENDES,"ROD SC 487,  N. 464",1147,ESCOLA BÁSICA MUNICIPAL ANTÔNIO JOÃO MENDES,"ROD SC 487,  N. 464",CAMACHO,0
81736,33,1155,PRÉ ESCOLAR SEMENTINHA FELIZ,"ESTRADA GERAL, S/N",1155,PRÉ ESCOLAR SEMENTINHA FELIZ,"ESTRADA GERAL, S/N",POCOS,0
81736,33,1163,ESCOLA DE EDUCAÇÃO BÁSICA CAMPOS VERDES,"RUA VITORIO GUAREZZI, N. 230",1163,ESCOLA DE EDUCAÇÃO BÁSICA CAMPOS VERDES,"RUA VITORIO GUAREZZI, N. 230",CAMPO BOM,0
81736,33,1171,ASSOCIAÇÃO DE MORADORES NOVA UNIÃO,"ESTRADA GERAL, S/N",1171,ASSOCIAÇÃO DE MORADORES NOVA UNIÃO,RUA IDO GOMES DE CARVALHO,COSTA DA LAGOA II,0
81736,33,1180,CENTRO COMUNITÁRIO BOA VISTA,"ESTRADA GERAL , S/N",1180,CENTRO COMUNITÁRIO BOA VISTA,"ESTRADA GERAL , S/N",BOA VISTA,0
81736,33,1198,ASSOCIAÇÃO DE MORADORES JUNTOS CAMINHANDO,"ESTRADA GERAL, S/N",1198,ASSOCIAÇÃO DE MORADORES JUNTOS CAMINHANDO,"ESTRADA GERAL, S/N",SANGA GRANDE BAIXA,0
81736,33,1228,SALÃO PAROQUIAL DE MORRO AZUL,"BR 101, KM 353",1228,SALÃO PAROQUIAL DE MORRO AZUL,"BR 101, KM 353",MORRO AZUL,0
81736,33,1236,ASSOCIAÇÃO COMUNITÁRIA LARANJAL,"ESTRADA GERAL, S/N",1236,ASSOCIAÇÃO COMUNITÁRIA LARANJAL,"ESTRADA GERAL, S/N",LARANJAL,0
81736,33,1279,PRÉ ESCOLAR PEQUENA SEREIA,RUA SENHORINHA CABREIRA DOS SANTOS,1279,PRÉ ESCOLAR PEQUENA SEREIA,RUA SENHORINHA CABREIRA DOS SANTOS,TORNEIRO,0
81736,33,1287,CENTRO COMUNITÁRIO MORRO GRANDE DE FORA,"ESTRADA GERAL, S/N",1287,CENTRO COMUNITÁRIO MORRO GRANDE DE FORA,"ESTRADA GERAL, S/N",MORRO GRANDE DE FORA,0
81736,33,1333,CENTRO COMUNITÁRIO SANTA QUITÉRIA,"ESTRADA GERAL, S/N",1333,SALÃO PAROQUIAL DA IGREJA CATÓLICA DO BALNEÁRIO ESPLANADA,"ESTRADA GERAL, S/N",BALNEARIO ESPLANADA,0
81752,17,1023,COLÉGIO MARISTA SÃO LUÍS,"AVENIDA MARECHAL DEODORO DA FONSECA, N. 520",1023,COLÉGIO MARISTA SÃO LUÍS,"AVENIDA MARECHAL DEODORO DA FONSECA, N. 520",CENTRO,0
81752,17,1040,ASSOCIAÇÃO FRANCISCANA DE ENSINO SENHOR BOM JESUS,"AVENIDA MARECHAL DEODORO DA FONSECA, N. 710",1040,ASSOCIAÇÃO FRANCISCANA DE ENSINO SENHOR BOM JESUS,"AVENIDA MARECHAL DEODORO DA FONSECA, N. 710",CENTRO,0
81752,17,1066,ESCOLA DE EDUCAÇÃO BÁSICA PROFESSOR JOSÉ DUARTE MAGALHÃES,"RUA ÂNGELO RUBINI, N. 2384",1066,ESCOLA DE EDUCAÇÃO BÁSICA PROFESSOR JOSÉ DUARTE MAGALHÃES,"RUA ÂNGELO RUBINI, N. 2384",BARRA DO RIO CERRO,0
81752,17,1775,CENTRO MUNICIPAL DE EDUCAÇÃO INFANTIL WOLFGANG WEEGE,"RUA PASTOR ALBERTO SCHNEIDER, N. 249",1775,CENTRO MUNICIPAL DE EDUCAÇÃO INFANTIL WOLFGANG WEEGE,"RUA PASTOR ALBERTO SCHNEIDER, N. 249",BARRA DO RIO CERRO,0
81752,17,1074,ESCOLA MUNICIPAL DE EDUCAÇÃO BÁSICA RICIERI MARCATTO,"RUA RICHARD VIERGUTZ, N. 177",1074,ESCOLA MUNICIPAL DE EDUCAÇÃO BÁSICA RICIERI MARCATTO,"RUA RICHARD VIERGUTZ, N. 177",RIO CERRO I,0
81752,17,1082,ESCOLA DE EDUCAÇÃO BÁSICA PROFESSOR JOÃO ROMÁRIO MOREIRA,"JGS 493 - SEM NOME, S/N",1082,ESCOLA DE EDUCAÇÃO BÁSICA PROFESSOR JOÃO ROMÁRIO MOREIRA,"JGS 493 - CARL KÖPP, S/N",RIO CERRO II,0
81752,17,1953,ESCOLA MUNICIPAL DE EDUCAÇÃO BÁSICA HELMUTH GUILHERME DUWE,"RUA GERHARDT MULLER, N. 289",1953,ESCOLA MUNICIPAL DE EDUCAÇÃO BÁSICA HELMUTH GUILHERME DUWE,"RUA GERHARDT MULLER, N. 289",RIO DA LUZ,0
81752,17,1392,ESCOLA MUNICIPAL DE EDUCAÇÃO BÁSICA PROFESSOR HENRIQUE HEISE,"JGS 489 - SEM NOME, N. 7077",1392,ESCOLA MUNICIPAL DE EDUCAÇÃO BÁSICA PROFESSOR HENRIQUE HEISE,"JGS 489 - ERICO OTO HORNBURG, N. 7077",RIO DA LUZ II,0
81752,17,1465,ESCOLA MUNICIPAL DE EDUCAÇÃO BÁSICA ANTÔNIO ESTANISLAU AYROSO,"RUA BERTHA WEEGE, N. 3046",1465,ESCOLA MUNICIPAL DE EDUCAÇÃO BÁSICA ANTÔNIO ESTANISLAU AYROSO,"RUA BERTHA WEEGE, N. 3046",JARAGUÁ 99,0
81752,17,1120,ESCOLA MUNICIPAL DE EDUCAÇÃO BÁSICA SANTO ESTÊVÃO,"JGS 466 - SEM NOME, N. 1315",1120,ESCOLA MUNICIPAL DE EDUCAÇÃO BÁSICA SANTO ESTÊVÃO,"JGS 466 - SANTO ESTEVÃO, N. 1315",GARIBALDI,0
81752,17,1180,SALÃO PAROQUIAL DA COMUNIDADE SANTA CRUZ,"JGS 481 - GERHARD GUMZ (ESTRADA JARAGUAZINHO), S/N",1180,SALÃO PAROQUIAL DA COMUNIDADE SANTA CRUZ,"JGS 481 - GERHARD GUMZ (ESTRADA JARAGUAZINHO), S/N",GARIBALDI,0
81752,17,1198,ESCOLA MUNICIPAL ALTO GARIBALDI  (CLUBE DE MÃES E IDOSOS),"JGS 382 - SEM NOME (ESTRADA GERAL SÃO PEDRO), S/N",1198,ESCOLA MUNICIPAL ALTO GARIBALDI (CLUBE DE MÃES E IDOSOS),"JGS 382 - WERNER FISCHER (ESTRADA GERAL SÃO PEDRO), S/N",GARIBALDI,0
81752,17,1228,ESCOLA DE EDUCAÇÃO BÁSICA PROFESSORA LILIA AYROSO OECHSLER,"RUA JOSÉ THEODORO RIBEIRO, N. 4210",1228,ESCOLA DE EDUCAÇÃO BÁSICA PROFESSORA LILIA AYROSO OECHSLER,"RUA JOSÉ THEODORO RIBEIRO, N. 4210",ILHA DA FIGUEIRA,0
81752,17,1252,ESCOLA DE EDUCAÇÃO BÁSICA ROLAND HAROLD DORNBUSCH,"RUA ARTHUR HENSCHEL, N. 117",1252,ESCOLA DE EDUCAÇÃO BÁSICA ROLAND HAROLD DORNBUSCH,"RUA ARTHUR HENSCHEL, N. 117",BARRA DO RIO MOLHA,0
81752,17,1309,ESCOLA DE EDUCAÇÃO BÁSICA HOLANDO MARCELLINO GONÇALVES,"RUA JOSÉ THEODORO RIBEIRO, N. 689",1309,ESCOLA DE EDUCAÇÃO BÁSICA HOLANDO MARCELLINO GONÇALVES,"RUA JOSÉ THEODORO RIBEIRO, N. 689",ILHA DA FIGUEIRA,0
81752,17,1538,ESCOLA MUNICIPAL DE EDUCAÇÃO BÁSICA ERICH BLOSFELD,"RUA ANTÔNIO RIBEIRO, N. 354",1538,ESCOLA MUNICIPAL DE EDUCAÇÃO BÁSICA ERICH BLOSFELD,"RUA ANTÔNIO RIBEIRO, N. 354",ILHA DA FIGUEIRA,0
81752,17,1368,SENAI - SERVIÇO NACIONAL DE APRENDIZAGEM INDUSTRIAL,"RUA WALTER MARQUARDT, N. 835",1368,SENAI - SERVIÇO NACIONAL DE APRENDIZAGEM INDUSTRIAL,"RUA WALTER MARQUARDT, N. 835",BARRA DO RIO MOLHA,0
81752,17,1376,ESCOLA MUNICIPAL DE EDUCAÇÃO BÁSICA CRISTINA MARCATTO,"RUA BERNARDO JOÃO SCHMIDT, N. 54",1376,ESCOLA MUNICIPAL DE EDUCAÇÃO BÁSICA CRISTINA MARCATTO,"RUA BERNARDO JOÃO SCHMIDT, N. 54",JARAGUÁ ESQUERDO,0
81752,17,1481,ESCOLA MUNICIPAL DE EDUCAÇÃO BÁSICA RENATO PRADI - CAIC,"RUA CARLOS TRIBESS, N. 150",1481,ESCOLA MUNICIPAL DE EDUCAÇÃO BÁSICA RENATO PRADI - CAIC,"RUA CARLOS TRIBESS, N. 150",SÃO LUIS,0
81752,17,1716,ESCOLA MUNICIPAL DE EDUCAÇÃO BÁSICA RIBEIRÃO MOLHA,"RUA ADOLFO ANTÔNIO EMMENDOERFFER, N. 2693",1716,ESCOLA MUNICIPAL DE EDUCAÇÃO BÁSICA RIBEIRÃO MOLHA,"RUA ADOLFO ANTÔNIO EMMENDOERFFER, N. 2693",RIO MOLHA,0
81752,17,1767,ESCOLA MUNICIPAL DE EDUCAÇÃO BÁSICA ADELINO FRANCENER,"RUA DOMINGOS ROSA, N. 1040",1767,ESCOLA MUNICIPAL DE EDUCAÇÃO BÁSICA ADELINO FRANCENER,"RUA DOMINGOS ROSA, N. 1040",BOA VISTA,0
81752,17,1996,SALÃO PAROQUIAL DA COMUNIDADE NOSSA SENHORA RAINHA DA PAZ,"RUA JOSÉ MARANGONI, N. 250",1996,CENTRO MUNICIPAL DE EDUCAÇÃO INFANTIL MÁRCIO KLINKOSKI,"RUA CATARINA MARANGONI, N. 55",VILA NOVA,0
81752,17,2003,ESCOLA MUNICIPAL DE EDUCAÇÃO BÁSICA MARIA NILDA SALAI STAHELIN,"RUA ELPÍDIO RODRIGUES, N. 99",2003,ESCOLA MUNICIPAL DE EDUCAÇÃO BÁSICA MARIA NILDA SALAI STAHELIN,"RUA ELPÍDIO RODRIGUES, N. 99",TIFA MARTINS,0
81752,17,2011,ESCOLA MUNICIPAL DE EDUCAÇÃO BÁSICA JONAS ALVES DE SOUZA,"RUA IRMÃO LEANDRO, N. 3339.",2011,ESCOLA MUNICIPAL DE EDUCAÇÃO BÁSICA JONAS ALVES DE SOUZA,"RUA IRMÃO LEANDRO, N. 3339.",TIFA MARTINS,0
81752,17,2020,ESCOLA DE EDUCAÇÃO BÁSICA PROFESSORA VALDETE INÊS PIAZERA ZINDARS,"RUA MARINA FRUTUOSO, N. 545",2020,ESCOLA DE EDUCAÇÃO BÁSICA PROFESSORA VALDETE INÊS PIAZERA ZINDARS,"RUA MARINA FRUTUOSO, N. 545",CENTRO,0
81752,17,2070,PRESIDIO REGIONAL DE JARAGUÁ DO SUL,"RUA ALVINO FLOR DA SILVA, 901",2070,PRESIDIO REGIONAL DE JARAGUÁ DO SUL,"RUA ALVINO FLOR DA SILVA, 901",JARAGUÁ 84,
81752,87,1015,ESCOLA DE ENSINO MÉDIO ABDON BATISTA,"AVENIDA PRESIDENTE EPITACIO PESSOA, 473",1015,ESCOLA DE ENSINO MÉDIO ABDON BATISTA,"AVENIDA PRESIDENTE EPITACIO PESSOA, 473",CENTRO,0
81752,87,1023,COLÉGIO EVANGÉLICO JARAGUÁ,"RUA PROF. ESTHERIA LENZI FRIEDRICH, 130",1023,COLÉGIO EVANGÉLICO JARAGUÁ,"RUA PROF. ESTHERIA LENZI FRIEDRICH, 130",CENTRO,0
81752,87,1031,ESCOLA DE ENSINO BÁSICO EUCLIDES DA CUNHA,RUA HENRIQUE DEMATHÊ 15,1031,ESCOLA DE EDUCAÇÃO BÁSICA EUCLIDES DA CUNHA,RUA HENRIQUE DEMATHÊ 15,NEREU RAMOS,0
81752,87,1040,ESCOLA MUNICIPAL DE EDUCAÇÃO BÁSICA MACHADO DE ASSIS,"RUA MANOEL FRANCISCO DA COSTA,  4390",1040,ESCOLA MUNICIPAL DE EDUCAÇÃO BÁSICA MACHADO DE ASSIS,"RUA MANOEL FRANCISCO DA COSTA,  4390",JOÃO PESSOA,0
81752,87,1066,ESCOLA DE EDUCAÇÃO BÁSICA ELZA GRANZOTTO FERRAZ,"RUA CARLOS FRANCISCO RANTHUM, 16950",1066,ESCOLA DE EDUCAÇÃO BÁSICA ELZA GRANZOTTO FERRAZ,"RUA CARLOS FREDERICO RAMTHUM, 16950",SANTA LUZIA,0
81752,87,1333,ESCOLA MUNICIPAL DE EDUCAÇÃO BÁSICA VITOR MEIRELLES,"RUA DOMINGOS ANACLETO GARCIA, 1500",1333,ESCOLA MUNICIPAL DE EDUCAÇÃO BÁSICA VITOR MEIRELLES,"RUA DOMINGOS ANACLETO GARCIA, 1500",TRÊS RIOS DO NORTE,0
81752,87,1090,SALÃO DA COMUNIDADE SÃO JOÃO BATISTA,"JGS-346 HONORATO BORTOLINI, 11772",1090,SALÃO DA COMUNIDADE SÃO JOÃO BATISTA,"JGS-346 HONORATO BORTOLINI, 11772",VILA CHARTRES,0
81752,87,1104,ESCOLA MUNICIPAL DE EDUCAÇÃO BÁSICA JOAQUIM FERRAZZA,"RUA FRANCISCO GRETER, 771",1104,ESCOLA MUNICIPAL DE EDUCAÇÃO BÁSICA JOAQUIM FERRAZZA,"RUA FRANCISCO GRETER, 771",BRAÇO DO RIBEIRÃO CAVALO,0
81752,87,1112,ESCOLA MUNICIPAL DE EDUCAÇÃO BÁSICA MAX SCHUBERT,"RUA ROBERTO ZIEMANN, 4421",1112,ESCOLA MUNICIPAL DE EDUCAÇÃO BÁSICA MAX SCHUBERT,"RUA ROBERTO ZIEMANN, 4421",TRÊS RIOS DO NORTE,0
81752,87,1120,ESCOLA DE EDUCAÇÃO BÁSICA JULIUS KARSTEN,"RUA WALDEMAR RAU, 222",1120,ESCOLA DE EDUCAÇÃO BÁSICA JULIUS KARSTEN,"RUA WALDEMAR RAU, 222",RAU,0
81752,87,1139,ESCOLA DE EDUCAÇÃO BÁSICA PROFESSOR HELEODORO BORGES,"RUA ERNESTO EMÍLIO HORST, 154",1139,ESCOLA DE EDUCAÇÃO BÁSICA PROFESSOR HELEODORO BORGES,"RUA ERNESTO EMÍLIO HORST, 154",VILA LALAU,0
81752,87,1147,ESCOLA DE EDUCAÇÃO BÁSICA ALVINO TRIBESS,"RUA ADOLFO TRIBESS, 180",1147,ESCOLA DE EDUCAÇÃO BÁSICA ALVINO TRIBESS,"RUA ADOLFO TRIBESS, 180",VIEIRA,0
81752,87,1155,ESCOLA MUNICIPAL DE ENSINO FUNDAMENTAL GENERAL OSÓRIO,JGS-331 QUIRINO LUNELLI S/N,1155,ESCOLA MUNICIPAL DE ENSINO FUNDAMENTAL GENERAL OSÓRIO,JGS-331 QUIRINO LUNELLI S/N,RIBEIRÃO GRANDE DO NORTE,0
81752,87,1163,"INSTITUTO FEDERAL DE EDUCAÇÃO, CIÊNCIA E TECNOLOGIA DE SANTA CATARINA","AVENIDA GETULIO VARGAS, 830",1163,"INSTITUTO FEDERAL DE EDUCAÇÃO, CIÊNCIA E TECNOLOGIA DE SANTA CATARINA","AVENIDA GETULIO VARGAS, 830",CENTRO,0
81752,87,1171,ESCOLA MUNICIPAL DE EDUCAÇÃO BÁSICA ALBERTO BAUER,"RUA GUANABARA, 500",1171,ESCOLA MUNICIPAL DE EDUCAÇÃO BÁSICA ALBERTO BAUER,"RUA GUANABARA, 500",CZERNIEWICZ,0
81752,87,1180,CENTRO UNIVERSITÁRIO CATÓLICA DE SANTA CATARINA,"RUA DOS IMIGRANTES, 500",1180,CENTRO UNIVERSITÁRIO CATÓLICA DE SANTA CATARINA,"RUA DOS IMIGRANTES, 500",RAU,0
81752,87,1317,ESCOLA MUNICIPAL DE EDUCAÇÃO BÁSICA RODOLPHO DORNBUSCH,"RUA PROFESSOR IRMAO GERALDINO, 489",1317,ESCOLA MUNICIPAL DE EDUCAÇÃO BÁSICA RODOLPHO DORNBUSCH,"RUA PROFESSOR IRMAO GERALDINO, 489",VILA LALAU,0
81752,87,1287,ESCOLA MUNICIPAL DE EDUCAÇÃO BÁSICA ANNA TOWE NAGEL,"RUA MARCOS EMILIO VERBINEN, 320",1287,ESCOLA MUNICIPAL DE EDUCAÇÃO BÁSICA ANNA TOWE NAGEL,"RUA MARCOS EMILIO VERBINEN, 320",ÁGUA VERDE,0
81752,87,1279,ESCOLA MUNICIPAL DE EDUCAÇÃO BÁSICA FRANCISCO DE PAULA,"RUA JOAQUIM FRANCISCO DE PAULA, 2890",1279,ESCOLA MUNICIPAL DE EDUCAÇÃO BÁSICA FRANCISCO DE PAULA,"RUA JOAQUIM FRANCISCO DE PAULA, 2890",CHICO DE PAULO,0
81752,87,1309,ESCOLA MUNICIPAL DE EDUCAÇÃO BÁSICA PADRE ALBERTO JACOBS,"RUA PEDRO JOÃO MEURER, 62",1309,ESCOLA MUNICIPAL DE EDUCAÇÃO BÁSICA PADRE ALBERTO JACOBS,"RUA PEDRO JOÃO MEURER, 62",TIFA MONOS,0
81752,87,1384,ESCOLA MUNICIPAL DE EDUCAÇÃO BÁSICA ALBANO KANZLER,"RUA LOURENCO KANZLER, 177",1384,ESCOLA MUNICIPAL DE EDUCAÇÃO BÁSICA ALBANO KANZLER,"RUA LOURENCO KANZLER, 177",NOVA BRASILIA,0
81752,87,1406,ESCOLA DE EDUCAÇÃO BÁSICA PROFESSOR GIARDINI LUIZ LENZI,"RUA MARCELO BARBI, 525",1406,ESCOLA DE EDUCAÇÃO BÁSICA PROFESSOR GIARDINI LUIZ LENZI,"RUA MARCELO BARBI, 525",VILA LENZI,0
81752,87,1457,ESCOLA MUNICIPAL DE EDUCAÇÃO BÁSICA MARCOS EMILIO VERBINEN,"RUA LEOPOLDO BLESE, 77",1457,ESCOLA MUNICIPAL DE EDUCAÇÃO BÁSICA MARCOS EMILIO VERBINNEN,"RUA LEOPOLDO BLESE, 77",ESTRADA NOVA,0
81752,87,1465,ESCOLA MUNICIPAL DE EDUCAÇÃO BÁSICA PROFESSOR FRANCISCO SOLAMON,"RUA SIZINO GARCIA, 501",1465,ESCOLA MUNICIPAL DE EDUCAÇÃO BÁSICA PROFESSOR FRANCISCO SOLAMON,"RUA SIZINO GARCIA, 501",SANTO ANTÔNIO,0
81140,78,1031,EEB FAZENDA TRIANGULO,"RUA PRESIDENTE JOHN KENNEDY, 34",1031,EEB FAZENDA TRIANGULO,"RUA PRESIDENTE JOHN KENNEDY, 34",CENTRO,0
81779,18,1619,PAVILHÃO COMUNITÁRIO DA LINHA SANTA HELENA,ESTRADA GERAL,1619,PAVILHÃO COMUNITÁRIO DA LINHA SANTA HELENA,ESTRADA GERAL,SANTA HELENA,0
81779,18,1040,PAVILHÃO FREI BRUNO,"AVENIDA SANTA TEREZINHA, 68",1040,PAVILHÃO FREI BRUNO,"AVENIDA SANTA TEREZINHA, 68",CENTRO,0
81779,18,1058,CENTRO EDUCACIONAL ROBERTO TROMPOWSKI,"AVENIDA SANTA TEREZINHA, N. 49",1058,CENTRO EDUCACIONAL ROBERTO TROMPOWSKI,"AVENIDA SANTA TEREZINHA, N. 49",CENTRO,0
81779,18,1147,COLÉGIO ESTADUAL CELSO RAMOS,"AVENIDA SANTA TEREZINHA, N. 105",1147,COLÉGIO ESTADUAL CELSO RAMOS,"AVENIDA SANTA TEREZINHA, N. 105",CENTRO,0
81779,18,1139,ESCOLA BÁSICA PROFESSORA JULIETA LENTZ PUERTA,"RUA SANTÍSSIMA TRINDADE, N. 280",1139,ESCOLA BÁSICA PROFESSORA JULIETA LENTZ PUERTA,"RUA SANTÍSSIMA TRINDADE, N. 280",NOVA PETRÓPOLIS,0
81779,18,1155,SINE - SISTEMA NACIONAL DE EMPREGO DE JOAÇABA,"RUA SALGADO FILHO, 20",1155,SINE - SISTEMA NACIONAL DE EMPREGO DE JOAÇABA,"RUA SALGADO FILHO, 20",CENTRO,0
81779,18,1163,ESCOLA ISOLADA KM 16,"ESTRADA GERAL, S/N",1163,ESCOLA ISOLADA KM 16,"ESTRADA GERAL, S/N",KM 16,0
81779,18,1228,COLÉGIO LUTERANO SANTÍSSIMA TRINDADE,"RUA MARTINHO LUTERO, N. 40",1228,COLÉGIO LUTERANO SANTÍSSIMA TRINDADE,"RUA MARTINHO LUTERO, N. 40",CENTRO,0
81779,18,1236,COLÉGIO MARISTA FREI ROGÉRIO,"RUA FREI ROGÉRIO, N. 596",1236,COLÉGIO MARISTA FREI ROGÉRIO,"RUA FREI ROGÉRIO, N. 596",CENTRO,0
81779,18,1260,ESCOLA MUNICIPAL ROTARY FRITZ LUCHT,"RUA ANTÔNIO NUNES VARELLA, N. 1222",1260,ESCOLA MUNICIPAL ROTARY FRITZ LUCHT,"RUA ANTÔNIO NUNES VARELLA, N. 1222",VILA PEDRINI,0
81779,18,1287,COLÉGIO ESTADUAL DEPUTADO NELSON PEDRINI,"RUA PARÁ, N. 76",1287,COLÉGIO ESTADUAL DEPUTADO NELSON PEDRINI,"RUA PARÁ, N. 76",SANTA TEREZA,0
81779,18,1295,DNIT - DEPARTAMENTO NACIONAL DE INFRAESTRUTURA DE TRANSPORTES,"RODOVIA BR 282, KM 391, N. 3009",1295,DNIT - DEPARTAMENTO NACIONAL DE INFRAESTRUTURA DE TRANSPORTES,"RODOVIA BR 282, KM 391, N. 3009",JARDIM DAS HORTÊNCIAS - AEROPORTO,0
81779,18,1600,DELEGACIA DA RECEITA FEDERAL,"RUA GETÚLIO VARGAS, N. 345",1600,DELEGACIA DA RECEITA FEDERAL,"RUA GETÚLIO VARGAS, N. 345",CENTRO,0
81779,18,1422,CENTRO DE EDUCAÇÃO INFANTIL CLARA ZOMKOWSKI,"RUA FREDERICO MAYER, 60",1422,CEI CLARA ZOMKOWSKI - TRANSFERIDO UNOESC,"RUA FREDERICO MAYER, 60",FLOR DA SERRA,0
81779,18,1473,CENTRO DE EDUCAÇÃO INFANTIL ROSA BRANCO,"RUA ALBERTO SACCOL, S/N",1473,CENTRO DE EDUCAÇÃO INFANTIL ROSA BRANCO,"RUA ALBERTO SACCOL, S/N",CAETANO BRANCO,0
81779,18,1481,CENTRO EDUCACIONAL FREI BRUNO,"RUA CESÁRIO SILVA, N. 284",1481,CENTRO EDUCACIONAL FREI BRUNO,"RUA CESÁRIO SILVA, N. 284",SANTA TEREZA,0
81779,18,1490,CENTRO DE EDUCAÇÃO INFANTIL MENINO DEUS,"RUA LEOVEGILDO BORGES DE CASTILHO, 174",1490,CENTRO DE EDUCAÇÃO INFANTIL MENINO DEUS,"RUA LEOVEGILDO BORGES DE CASTILHO, 174",MENINO DEUS,0
81779,18,1643,CENTRO COMUNITÁRIO DO BAIRRO CLARA ADÉLIA,"AVENIDA HAMILTON ROSSIN, S/N",1643,CENTRO COMUNITÁRIO DO BAIRRO CLARA ADÉLIA,"AVENIDA HAMILTON ROSSIN, S/N",CLARA ADÉLIA,0
81779,18,1511,ESCOLA MUNICIPAL NOSSA SENHORA DE LOURDES,"AVENIDA DA LIBERDADE, 570",1511,ESCOLA MUNICIPAL NOSSA SENHORA DE LOURDES,"AVENIDA DA LIBERDADE, 570",NOSSA SENHORA DE LOURDES,0
81779,18,1520,PAVILHÃO COMUNITÁRIO DA VILA REMOR,"RUA SEVERINO REMOR, 370",1520,PAVILHÃO COMUNITÁRIO DA VILA REMOR,"RUA SEVERINO REMOR, 370",VILA REMOR,0
81779,18,1570,PAVILHÃO COMUNITÁRIO DA LINHA SANTA CLARA,"ESTRADA GERAL, S/N",1570,PAVILHÃO COMUNITÁRIO DA LINHA SANTA CLARA,"ESTRADA GERAL, S/N",LINHA SANTA CLARA BAIXA,0
81779,18,1651,PAVILHÃO COMUNITÁRIO DO BAIRRO SÃO BRÁS,"RUA ORESTES GENUÍNO GRANDO, S/N",1651,PAVILHÃO COMUNITÁRIO DO BAIRRO SÃO BRÁS,"RUA ORESTES GENUÍNO GRANDO, S/N",SÃO BRÁS,0
81779,18,1686,PRESÍDIO REGIONAL DE JOAÇABA,"BR 282, KM 391",1686,PRESÍDIO REGIONAL DE JOAÇABA,"BR 282, KM 391",VILA REMOR,
81795,19,1015,COLÉGIO ESTADUAL GERMANO TIM,"RUA ORESTES GUIMARÃES, N. 406",1015,COLÉGIO ESTADUAL GERMANO TIM,"RUA ORESTES GUIMARÃES, N. 406",AMÉRICA,0
81795,19,1023,COLÉGIO BOM JESUS - SAGUAÇU,"RUA MAFRA, N. 84",1023,COLÉGIO BOM JESUS - SAGUAÇU,"RUA MAFRA, N. 84",SAGUAÇU,0
81795,19,2399,FACULDADE ANHANGUÉRA DE JOINVILLE - UNIDADE I,"RUA PRESIDENTE CAMPOS SALLES, N. 850",2399,FACULDADE ANHANGUÉRA DE JOINVILLE - UNIDADE I,"RUA PRESIDENTE CAMPOS SALLES, N. 850",GLÓRIA,0
81795,19,1147,ESCOLA PLÁCIDO OLÍMPIO DE OLIVEIRA,"RUA DOM BOSCO, 68",1147,ESCOLA PLÁCIDO OLÍMPIO DE OLIVEIRA,"RUA DOM BOSCO, 68",BOM RETIRO,0
81795,19,1155,ESCOLA DE EDUCAÇÃO BÁSICA PROFESSOR GUSTAVO AUGUSTO GONZAGA,"RUA ASSIS BRASIL, 370",1155,ESCOLA DE EDUCAÇÃO BÁSICA PROFESSOR GUSTAVO AUGUSTO GONZAGA,"RUA ASSIS BRASIL, 370",SAGUAÇU,0
81795,19,1198,ESCOLA DE EDUCAÇÃO BÁSICA ARNALDO MOREIRA DOUAT,"RUA GENY PEIXER, 153",1198,ESCOLA DE EDUCAÇÃO BÁSICA ARNALDO MOREIRA DOUAT,"RUA GENY PEIXER, 153",COSTA E SILVA,0
81795,19,1228,INSTITUTO FEDERAL DE SANTA CATARINA - IFSC,RUA PAVÃO N. 1377,1228,INSTITUTO FEDERAL DE SANTA CATARINA - IFSC,RUA PAVÃO N. 1377,COSTA E SILVA,0
81795,19,1252,ESCOLA DE EDUCAÇÃO BASICA GIOVANI PASCOALINI FARACO,"RUA DONA FRANCISCA, N. 4957",1252,ESCOLA DE EDUCAÇÃO BASICA GIOVANI PASCOALINI FARACO,"RUA DONA FRANCISCA, N. 4957",SANTO ANTÔNIO,0
81795,19,1481,COLÉGIO BOM JESUS - CENTRO,"RUA PRINCESA IZABEL, N. 438",1481,COLÉGIO BOM JESUS - CENTRO,"RUA PRINCESA IZABEL, N. 438",CENTRO,0
81795,19,1724,ESCOLA MUNICIPAL DE ENSINO BÁSICO PROFESSORA LÉA MARIA AGUIAR LEPPER,"RUA BRASIL, 609",1724,ESCOLA MUNICIPAL AVELINO MARCANTE EXTENSÃO (PROF LÉA Mª AGUIAR LEPPER),"RUA BRASIL, 609",SAGUAÇU,0
81795,19,1996,ESCOLA MUNICIPAL PROFESSORA VALESCA MAY ENGELMANN,"ESTRADA DOS MORROS, S/N",1996,ESCOLA MUNICIPAL PROFESSORA VALESCA MAY ENGELMANN,"ESTRADA DOS MORROS, S/N",VILA NOVA,0
81795,19,1066,UNOPAR - POLO JOINVILLE/SC,"RUA DONA FRANCISCA, N. 1001",1066,UNOPAR - POLO JOINVILLE/SC,"RUA DONA FRANCISCA, N. 1001",SAGUAÇU,0
81795,19,2119,ESCOLA MUNICIPAL ANABURGO,"RUA ANABURGO, 1747",2119,ESCOLA MUNICIPAL ANABURGO,"RUA ANABURGO, 1747",VILA NOVA,0
81795,19,2186,ESCOLA MUNICIPAL VALENTIM JOÃO DA ROCHA,"RUA XV DE NOVEMBRO, N. 7030",2186,ESCOLA MUNICIPAL VALENTIM JOÃO DA ROCHA,"RUA XV DE NOVEMBRO, N. 7030",VILA NOVA,0
81795,19,2364,ESCOLA MUNICIPAL PROFESSORA ZULMA DO ROSARIO MIRANDA,"RUA DAS CABELEIREIRAS, 101",2364,ESCOLA MUNICIPAL PROFESSORA ZULMA DO ROSARIO MIRANDA,"RUA DAS CABELEIREIRAS, 101",COSTA E SILVA,0
81795,19,2437,SESC - UNIDADE DE JOINVILLE,"RUA ITAIÓPOLIS, N. 470",2437,SESC - UNIDADE DE JOINVILLE,"RUA ITAIÓPOLIS, N. 470",AMÉRICA,0
81795,19,1082,ESCOLA MUNICIPAL GOVERNADOR PEDRO IVO CAMPOS,"RUA JOSÉ MANOEL DE SOUZA, N. 70",1082,ESCOLA MUNICIPAL GOVERNADOR PEDRO IVO CAMPOS,"RUA JOSÉ MANOEL DE SOUZA, N. 70",COSTA E SILVA,0
81795,19,2380,UNIVILLE - UNIVERSIDADE DA REGIÃO DE JOINVILLE,"RUA PAULO MALSCHITZKI, 10",2380,UNIVILLE - UNIVERSIDADE DA REGIÃO DE JOINVILLE,"RUA PAULO MALSCHITZKI, 10",DISTRITO INDUSTRIAL,0
81795,19,2402,ESCOLA MUNICIPAL GOVERNADOR HERIBERTO HULSE,"RUA CONSELHEIRO LAFAYETTE, N. 225",2402,ESCOLA MUNICIPAL GOVERNADOR HERIBERTO HULSE,"RUA CONSELHEIRO LAFAYETTE, N. 225",BOA VISTA,0
81795,19,2429,ESCOLA MUNICIPAL VEREADOR ARINOR VOGELSANGER,"RUA ROLAND GURSKE, S/N",2429,ESCOLA MUNICIPAL VEREADOR ARINOR VOGELSANGER,"RUA ROLAND GURSKE, S/N",VILA NOVA,0
81795,19,2445,ESCOLA MUNICIPAL BERNARDO TANK,"RUA QUINZE DE NOVEMBRO, 8574",2445,ESCOLA MUNICIPAL BERNARDO TANK,"RUA QUINZE DE NOVEMBRO, 8574",VILA NOVA,0
81795,19,2496,CATÓLICA DE SANTA CATARINA - CENTRO UNIVERSITÁRIO,"RUA VISCONDE DE TAUNAY, 427 - CENTRO",2496,CATÓLICA DE SANTA CATARINA - CENTRO UNIVERSITÁRIO,"RUA VISCONDE DE TAUNAY, 427 - CENTRO",CENTRO,0
81795,76,1139,ESCOLA MUNICIPAL PROFESSOR ORESTES GUIMARÃES,"RUA BOEHMERWALDT, N. 1830",1139,ESCOLA MUNICIPAL PROFESSOR ORESTES GUIMARÃES,"RUA BOEHMERWALD, 1830",BOEHMERWALD,0
81795,76,1325,ESCOLA MUNICIPAL JOÃO DE OLIVEIRA,"RUA AGULHAS NEGRAS, N. 1587",1325,ESCOLA MUNICIPAL JOÃO DE OLIVEIRA,"RUA AGULHAS NEGRAS, 1587",FÁTIMA,0
81795,76,1457,ESCOLA DE ENSINO MÉDIO GOVERNADOR CELSO RAMOS,"RUA PLÁCIDO OLÍMPIO DE OLIVEIRA, N. 400",1457,ESCOLA DE ENSINO MÉDIO GOVERNADOR CELSO RAMOS,"RUA PLÁCIDO OLÍMPIO DE OLIVEIRA, 400",BUCAREIN,0
81795,76,1660,CEDUP DARIO GERALDO SALLES,"RUA MONSENHOR GERCINO, N. 2071",1660,CEDUP,"RUA MONSENHOR GERCINO, 2071",ITAUM,0
81795,76,1805,CESITA - CENTRO EDUCACIONAL SOCIAL DO ITAUM,"RUA MONSENHOR GERCINO, N. 1040",1805,ESCOLA MUNICIPAL DE JOVENS E ADULTOS - CESITA,"RUA MONSENHOR GERCINO, 1040",ITAUM,0
81795,76,2399,ESCOLA DE EDUCAÇÃO BÁSICA PROFESSORA GERTRUDES BENTA COSTA,"AV .PAULO SCHROEDER, N. 50",2399,ESCOLA DE EDUCAÇÃO BÁSICA PROFESSORA GERTRUDES BENTA COSTA,"AV. PAULO SCHROEDER, 50",PETRÓPOLIS,0
81795,76,1821,ESCOLA DE EDUCAÇÃO BÁSICA JOÃO COLIN,"RUA BOTAFOGO, N. 618",1821,ESCOLA DE EDUCAÇÃO BÁSICA JOÃO COLIN,"RUA BOTAFOGO, 618",ITAUM,0
81795,76,1830,ESCOLA MUNICIPAL PROFESSOR OSWALDO CABRAL,"RUA MONSENHOR GERCINO, N. 3134",1830,ESCOLA MUNICIPAL PROFESSOR OSWALDO CABRAL,"RUA MONSENHOR GERCINO, 3134",PETRÓPOLIS,0
81795,76,1902,ESCOLA MUNICIPAL PROFESSOR REINALDO PEDRO DE FRANÇA,"AVENIDA BEIRA MAR, S/N",1902,ESCOLA MUNICIPAL PROFESSOR REINALDO PEDRO DE FRANÇA,"AVENIDA BEIRA MAR, S/N",MORRO DO AMARAL,0
81795,76,1937,ESCOLA MUNICIPAL PROFESSORA ADA SANT'ANNA DA SILVEIRA,"RUA MONSENHOR GERCINO, N. 6674",1937,ESCOLA MUNICIPAL PROFESSORA ADA SANT'ANNA DA SILVEIRA,"RUA MONSENHOR GERCINO, 6674",PARANAGUAMIRIM,0
81795,76,2402,ESCOLA MUNICIPAL JOÃO COSTA,"RUA MONSENHOR GERCINO, N. 3.900",2402,ESCOLA MUNICIPAL JOÃO COSTA,"RUA MONSENHOR GERCINO, 3.900",JOÃO COSTA,0
81795,76,2380,ESCOLA DE EDUCAÇÃO BÁSICA DOUTOR PAULO MEDEIROS,"RUA ANTÔNIO JOSÉ DA COSTA, S/N",2380,ESCOLA DE EDUCAÇÃO BÁSICA DOUTOR PAULO MEDEIROS,"RUA ANTÔNIO JOSÉ DA COSTA, S/N",ADHEMAR GARCIA,0
81795,76,1015,ESCOLA DE EDUCAÇÃO BÁSICA PROFESSORA JURACY MARIA BROSIG,"RUA DOS METALÚRGICOS, 164",1015,ESCOLA DE EDUCAÇÃO BÁSICA PROFESSORA JURACY MARIA BROSIG,"RUA DOS METALÚRGICOS, S/N",PARANAGUAMIRIM,0
81795,76,1031,ESCOLA MUNICIPAL PROFESSOR JOÃO BERNARDINO DA SILVEIRA JÚNIOR,"RUA JOÃO COSTA JÚNIOR, 1410",1031,ESCOLA MUNICIPAL PROFESSOR JOÃO BERNARDINO DA SILVEIRA JÚNIOR,"RUA JOÃO DA COSTA JÚNIOR, 1410",JOÃO COSTA,0
81795,76,2410,ESCOLA MUNICIPAL DOUTOR SADALLA AMIN GHANEM,"AVENIDA EVANGELISTA JUSTINO ESPÍNDOLA, N. 125",2410,ESCOLA MUNICIPAL DOUTOR SADALLA AMIN GHANEM,"AV. EVANGELISTA JUSTINO ESPÍNDOLA, 125",PARQUE GUARANI,0
81795,76,2437,ESCOLA MUNICIPAL PREFEITO JOAQUIM FÉLIX MOREIRA,"RUA PARANAGUAMIRIM, 333",2437,ESCOLA MUNICIPAL PREFEITO JOAQUIM FÉLIX MOREIRA,"RUA PARANAGUAMIRIM, 333",PARANAGUAMIRIM,0
81795,76,2453,ESCOLA MUNICIPAL PROFESSOR SAUL SANT'ANNA DE OLIVEIRA DIAS,"RUA PADRE ROMA, N. 800",2453,ESCOLA MUNICIPAL PROFESSOR SAUL SANT'ANNA DE OLIVEIRA DIAS,"RUA PADRE ROMA, 800",JOÃO COSTA,0
81795,76,2445,ESCOLA MUNICIPAL PAULINE PARUCKER,"RUA ATÍLIO VINOTTI, 411",2445,ESCOLA MUNICIPAL PAULINE PARUCKER,"RUA ATÍLIO VINOTTI, 411",BOEHMERWALD,0
81795,76,2461,ESCOLA MUNICIPAL CAIC PROFESSOR MARIANO COSTA,"AV. ALVINO HANSEN, 1250",2461,ESCOLA MUNICIPAL CAIC PROFESSOR MARIANO COSTA,"AV. ALVINO HANSEN, 1250",ADHEMAR GARCIA,0
81795,76,2470,ESCOLA MUNICIPAL DOUTOR ABDON BAPTISTA,"RUA PETRÓPOLIS, N. 1618",2470,ESCOLA MUNICIPAL DOUTOR ABDON BAPTISTA,"RUA PETRÓPOLIS, 1618",PETRÓPOLIS,0
81795,76,2518,ESCOLA DE EDUCAÇÃO BÁSICA MARLI MARIA DE SOUZA,"RUA ÉFESO, N. 514",2518,ESCOLA DE EDUCAÇÃO BÁSICA MARLI MARIA DE SOUZA,"RUA ÉFESO, 514",PARANAGUAMIRIM,0
81795,76,2496,ESCOLA MUNICIPAL AMADOR AGUIAR,"RUA ÁLVARO MAIA, 1021",2496,ESCOLA MUNICIPAL AMADOR AGUIAR,"RUA ÁLVARO MAIA, 1057",ULYSSES GUIMARÃES,0
81795,95,1023,ESCOLA MUNICIPAL PROFESSORA ELADIR SKIBINSKI,"RUA JOSÉ GONÇALVES, N. 803",1244,ESCOLA MUNICIPAL PROFESSORA ELADIR SKIBINSKI,"RUA JOSÉ GONÇALVES, N. 803",AVENTUREIRO,0
81795,95,1074,ESCOLA MUNICIPAL PROFESSOR ALUIZIUS SEHNEM,"RUA PREFEITO BALTAZAR BUSCHLE, N. 3645",1074,ESCOLA MUNICIPAL PROFESSOR ALUIZIUS SEHNEM,"RUA PREFEITO BALTAZAR BUSCHLE, N. 3645",ESPINHEIROS,0
81795,95,1082,ESCOLA DE EDUCAÇÃO BÁSICA DOUTOR TUFI DIPPE,"RUA ANTÔNIO DA SILVA, N. 4935",1082,ESCOLA DE EDUCAÇÃO BÁSICA DOUTOR TUFI DIPPE,"RUA ANTÔNIO DA SILVA, N. 4935",IRIRIU,0
81795,95,1090,ESCOLA DE EDUCAÇÃO BÁSICA PRESIDENTE MÉDICI,"RUA PREFEITO HELMUTH FALLGATTER, N. 1449",1090,ESCOLA DE EDUCAÇÃO BÁSICA PRESIDENTE MÉDICI,"RUA PREFEITO HELMUTH FALLGATTER, N. 1449",BOA VISTA,0
81795,95,1112,ESCOLA MUNICIPAL DOM JAIME DE BARROS CÂMARA,"RUA JOÃO EBERT, N. 836",1112,ESCOLA MUNICIPAL DOM JAIME DE BARROS CÂMARA,"RUA JOÃO EBERT, N. 836",COMASA DO BOA VISTA,0
81795,95,1139,ESCOLA MUNICIPAL PRESIDENTE CASTELO BRANCO,"RUA SÃO MIGUEL, N. 363",1139,ESCOLA MUNICIPAL PRESIDENTE CASTELO BRANCO,"RUA SÃO MIGUEL, N. 363",BOA VISTA,0
81795,95,1260,ESCOLA MUNICIPAL ALBANO SCHMIDT,"RUA ALCÂNTARA, N. 870",1260,ESCOLA PRESIDENTE CASTELO BRANCO EXTENSÃO (ESCOLA ALBANO SCHMIDT),"RUA ALCÂNTARA, N. 870",BOA VISTA,0
81795,95,1198,ESCOLA DE EDUCAÇÃO BÁSICA ENGENHEIRO ANNES GUALBERTO,"RUA GUAÍRA, N. 129",1198,ESCOLA DE EDUCAÇÃO BÁSICA ENGENHEIRO ANNES GUALBERTO,"RUA GUAÍRA, N. 129",IRIRIU,0
81795,95,1228,COLÉGIO SANTO ANTÔNIO - INESA,"RUA PAPA JOÃO XXIII, N. 1100",1228,COLÉGIO SANTO ANTÔNIO - INESA,"RUA PAPA JOÃO XXIII, N. 1100",IRIRIU,0
81795,95,1201,ESCOLA MUNICIPAL PADRE VALENTE SIMIONI,"RUA CORONEL CAMACHO, N. 130",1201,ESCOLA MUNICIPAL PADRE VALENTE SIMIONI,"RUA CORONEL CAMACHO, N. 130",IRIRIU,0
81795,95,1210,ESCOLA MUNICIPAL PREFEITO MAX COLIN,"RUA PASTEUR, N. 1079",1210,ESCOLA MUNICIPAL PREFEITO MAX COLIN,"RUA PASTEUR, N. 1079",IRIRIU,0
81795,95,1252,ESCOLA MUNICIPAL DOUTOR JOSÉ ANTÔNIO NAVARRO LINS,"RUA IMBUIA, 55",1252,ESCOLA MUNICIPAL DOUTOR JOSÉ ANTÔNIO NAVARRO LINS,"RUA IMBUIA, 55",COMASA DO BOA VISTA,0
81795,95,1368,ESCOLA MUNICIPAL PROFESSORA MARIA REGINA LEAL,"RUA ARNALDO DAVET, N. 519",1368,ESCOLA MUNICIPAL PROFESSORA MARIA REGINA LEAL,"RUA ARNALDO DAVET, N. 519",ESPINHEIROS,0
81795,95,1392,ESCOLA MUNICIPAL EDGAR MONTEIRO CASTANHEIRA,"RUA MIOSÓTIS, N. 72",1392,ESCOLA MUNICIPAL EDGAR MONTEIRO CASTANHEIRA,"RUA MIOSÓTIS, N. 72",FÁTIMA,0
81795,95,1406,ESCOLA MUNICIPAL PREFEITO GERALDO WETZEL,"RUA PASSO FUNDO, N. 315",1406,ESCOLA MUNICIPAL PREFEITO GERALDO WETZEL,"RUA PASSO FUNDO, N. 315",FÁTIMA,0
81795,95,1414,ESCOLA ESTADUAL BÁSICA DOUTOR JORGE LACERDA,"RUA SANTO AGOSTINHO, N. 266",1414,ESCOLA ESTADUAL BÁSICA DOUTOR JORGE LACERDA,"RUA SANTO AGOSTINHO, N. 266",GUANABARA,0
81795,95,1422,ESCOLA MUNICIPAL PROFESSORA ANNA MARIA HARGER,"RUA BARBOSA RODRIGUES, N. 227",1422,ESCOLA MUNICIPAL PROFESSORA ANNA MARIA HARGER,"RUA BARBOSA RODRIGUES, N. 227",GUANABARA,0
81795,96,1406,FACULDADE CENECISTA DE JOINVILLE (FCJ),"AVENIDA GETÚLIO VARGAS, 1266",1406,FACULDADE CENSUPEG - FCJ,"AVENIDA GETÚLIO VARGAS, 1266",ANITA GARIBALDI,0
81795,96,1023,UNISOCIESC - SOCIEDADE EDUCACIONAL DE SANTA CATARINA,"RUA GOTHARD KAESEMODEL, 833",1023,UNISOCIESC - SOCIEDADE EDUCACIONAL DE SANTA CATARINA,"RUA GOTHARD KAESEMODEL, 833",ANITA GARIBALDI,0
81795,96,1104,ASSOCIAÇÃO CATARINENSE DE ENSINO,"TRAVESSA SÃO JOSÉ, 490",1104,ASSOCIAÇÃO CATARINENSE DE ENSINO,"TRAVESSA SÃO JOSÉ, 490",ANITA GARIBALDI,0
81795,96,1066,ESCOLA BÁSICA PROFESSOR RUDOLFO MEYER,"RUA COPACABANA, N. 1245",1066,ESCOLA BÁSICA PROFESSOR RUDOLFO MEYER,"RUA COPACABANA, N. 1245",FLORESTA,0
81795,96,1155,ESCOLA DE EDUCAÇÃO BÁSICA DOM PIO DE FREITAS,"RUA ELLY SOARES, N. 358, FONE (47) 3436 0787",1155,ESCOLA DE EDUCAÇÃO BÁSICA DOM PIO DE FREITAS,"RUA ELLY SOARES, N. 358, FONE (47) 3436 0787",FLORESTA,0
81795,96,1163,ESCOLA MUNICIPAL PROFESSORA VIRGINIA SOARES,"RUA PRINCESA MAFALDA, N. 468",1163,ESCOLA MUNICIPAL PROFESSORA VIRGINIA SOARES,"RUA PRINCESA MAFALDA, N. 468",FLORESTA,0
81795,96,1180,SALÃO PAROQUIAL SÃO LUCAS,"RUA OLARIA, N. 315",1180,SALÃO PAROQUIAL SÃO LUCAS,"RUA OLARIA, N. 315",FLORESTA,0
81795,96,1201,COLÉGIO POLICIAL MILITAR FELICIANO NUNES PIRES (OSVALDO ARANHA),"RUA LINDÓIA, N. 103",1201,COLÉGIO POLICIAL MILITAR FELICIANO NUNES PIRES,"RUA LINDÓIA, N. 103",GLÓRIA,0
81795,96,1228,ESCOLA MUNICIPAL PROFESSORA LACY LUIZA DA CRUZ FLORES,"RUA WALDEMIRO JOSÉ BORGES, N. 3997",1228,ESCOLA MUNICIPAL PROFESSORA LACY LUIZA DA CRUZ FLORES,"RUA WALDEMIRO JOSÉ BORGES, N. 3997",ITINGA,0
81795,96,1244,ESCOLA MUNICIPAL DEPUTADO LAURO CARNEIRO DE LOYOLA,"RUA FRANCISCO DUNZER, N. 141",1244,ESCOLA MUNICIPAL DEPUTADO LAURO CARNEIRO DE LOYOLA,"RUA FRANCISCO DUNZER, N. 141",SANTA CATARINA,0
81795,96,1252,ESCOLA DE EDUCAÇÃO BÁSICA PROF. ANTÔNIA ALPAIDES CARDOSO DOS SANTOS,"RUA MINAS GERAIS, N. 2450",1252,ESCOLA DE EDUCAÇÃO BÁSICA PROF. ANTÔNIA ALPAIDES CARDOSO DOS SANTOS,"RUA MINAS GERAIS, N. 2450",NOVA BRASÍLIA,0
81795,96,1260,ESCOLA DE EDUCAÇÃO BÁSICA PROFESSORA ALÍCIA BITTENCOURT FERREIRA,"RUA CIDADE DE PILÕES, S/N",1260,ESCOLA DE EDUCAÇÃO BÁSICA PROFESSORA ALÍCIA BITTENCOURT FERREIRA,"RUA CIDADE DE PILÕES, S/N",PROFIPO,0
81795,96,1279,ESCOLA MUNICIPAL NOVE DE MARCO,"ESTRADA SANTA CATARINA, N. 6960",1279,ESCOLA MUNICIPAL NOVE DE MARCO,"ESTRADA SANTA CATARINA, N. 6960",ITINGA,0
81795,96,1295,ESCOLA MUNICIPAL PAUL HARRIS,"RUA CATANDUVA, N. 50",1295,ESCOLA MUNICIPAL PAUL HARRIS,"RUA CATANDUVA, N. 50",SÃO MARCOS,0
81795,96,1392,ESCOLA MUNICIPAL PROFESSORA SENHORINHA SOARES,"RODOVIA DO ARROZ, KM 13, SC 108 (ANTIGA ESTRADA DO SUL, 6.778)",1392,ESCOLA MUNICIPAL PROFESSORA SENHORINHA SOARES,"RODOVIA DO ARROZ, KM 13, SC 108 (ANTIGA ESTRADA DO SUL, 6.778)",VILA NOVA,0
81795,96,1341,ESCOLA MUNICIPAL PROFESSORA ELIZABETH VON DREIFUSS,"RUA MINAS GERAIS, 5876",1341,ESCOLA MUNICIPAL PROFESSORA ELIZABETH VON DREIFUSS,"RUA MINAS GERAIS, 5876",MORRO DO MEIO,0
81795,96,1376,ESCOLA MUNICIPAL PROFESSORA KARIN BARKEMEYER,"RUA MÁRCIO LUCKOW, N. 450",1376,ESCOLA MUNICIPAL PROFESSORA KARIN BARKEMEYER,"RUA MÁRCIO LUCKOW, N. 450",VILA NOVA,0
81795,96,1384,ESCOLA MUNICIPAL DR. RUBEN ROBERTO SCHMIDLIN,"RUA ALEXANDRE SILVA, 42",1384,ESCOLA MUNICIPAL DR. RUBEN ROBERTO SCHMIDLIN,"RUA ALEXANDRE SILVA, 42",MORRO DO MEIO,0
81795,96,1422,ESCOLA DE ENSINO MÉDIO BAILARINA LISELOTT TRINKS,"RUA RUDOLFO BAUMER, S/N",1422,ESCOLA DE ENSINO MÉDIO BAILARINA LISELOTT TRINKS,"RUA RUDOLFO BAUMER, S/N",VILA NOVA,0
81795,96,1449,COLÉGIO POSITIVO ENSINO REGULAR - AQUIDABAN,"RUA AQUIDABAN, 200",1449,COLÉGIO POSITIVO ENSINO REGULAR - AQUIDABAN,"RUA PAULO FISCHER, 158",ATIRADORES,0
81795,105,1015,ESCOLA MUNICIPAL EUGÊNIO KLUG,"ESTRADA MILDAU, N. 835",1015,ESCOLA MUNICIPAL EUGÊNIO KLUG,"ESTRADA MILDAU, N. 835",DONA FRANCISCA,0
81795,105,1023,ESCOLA ESTADUAL PROFESSORA JANDIRA D'AVILA,"RUA EMILIO LANDMANN, 100",1023,ESCOLA ESTADUAL PROFESSORA JANDIRA D'AVILA,"RUA EMILIO LANDMANN, 100",AVENTUREIRO,0
81795,105,1031,ESCOLA DE EDUCAÇÃO BÁSICA PROFESSOR JOÃO ROCHA,"RUA HABIB FARAH, 296",1031,ESCOLA DE EDUCAÇÃO BÁSICA PROFESSOR JOÃO ROCHA,"RUA HABIB FARAH, 296",AVENTUREIRO,0
81795,105,1040,ESCOLA DE ENSINO FUNDAMENTAL PROFESSORA MARIA AMIN GHANEN,"RUA ADOLAR POHL, N. 318",1040,ESCOLA DE EDUCAÇÃO BÁSICA PROFESSORA MARIA AMIN GHANEN,"RUA ADOLAR POHL, N. 318",AVENTUREIRO,0
81795,105,1058,ESCOLA DE EDUCAÇÃO BÁSICA PROFESSORA NAIR DA SILVA PINHEIRO,"ESTRADA CUBATÃO GRANDE, N. 104",1058,ESCOLA DE EDUCAÇÃO BÁSICA PROFESSORA NAIR DA SILVA PINHEIRO,"ESTRADA CUBATÃO GRANDE, N. 104",VILA CUBATÃO,0
81795,105,1066,ESCOLA DE EDUCAÇÃO BÁSICA DR. GEORG KELLER,"RUA SÃO GONÇALLO, N. 523",1430,ESCOLA DE EDUCAÇÃO BÁSICA DR. GEORG KELLER,"RUA SÃO GONÇALO, N. 523",JARDIM IRIRIU,0
81795,105,1074,ESCOLA MUNICIPAL PROFESSORA LAURA ANDRADE,"RUA SENADOR RODRIGO LOBO, 1140",1449,ESCOLA MUNICIPAL PROFESSORA LAURA ANDRADE,"RUA SENADOR RODRIGO LOBO, 1140",JARDIM IRIRIU,0
81795,105,1082,ESCOLA MUNICIPAL ENFERMEIRA HILDA ANNA KRISCH,"R. SELMA DOERING BRUHNS, N. 430",1457,ESCOLA MUNICIPAL ENFERMEIRA HILDA ANNA KRISCH,"R. SELMA DOERING BRUHNS, N. 430",JARDIM IRIRIU,0
81795,105,1090,ESCOLA MUNICIPAL DR. HANS DIETER SCHMIDT,"AVENIDA JÚPITER, S/N",1090,ESCOLA MUNICIPAL DR. HANS DIETER SCHMIDT,"RUA CARINA, 95",JARDIM PARAÍSO,0
81795,105,1104,ESCOLA MUNICIPAL PROFESSORA ROSA MARIA BEREZOSKI DE MARCHI,"AVENIDA JÚPITER, N. 839",1104,ESCOLA MUNICIPAL PROFESSORA ROSA MARIA BEREZOSKI DE MARCHI,"AVENIDA JÚPITER, N. 839",JARDIM PARAÍSO,0
81795,105,1112,ESCOLA DE EDUCAÇÃO BÁSICA SENADOR RODRIGO LOBO,"RUA CUBA, S/N",1112,ESCOLA DE EDUCAÇÃO BÁSICA SENADOR RODRIGO LOBO,"RUA CUBA, S/N",JARDIM SOFIA,0
81795,105,1120,ESCOLA MUNICIPAL CORONEL ALIRE CARNEIRO,"ESTRADA TIMBÉ, N. 1335",1120,ESCOLA MUNICIPAL CORONEL ALIRE CARNEIRO,"ESTRADA TIMBÉ, N. 1335",PIRABEIRABA,0
81795,105,1139,ESCOLA MUNICIPAL PROF. FRANCISCO RIEPPER,"ESTRADA DO PICO, N. 48",1139,ESCOLA MUNICIPAL PROF. FRANCISCO RIEPPER,"ESTRADA DO PICO, N. 48",PIRABEIRABA,0
81795,105,1147,ESCOLA DE EDUCAÇÃO BÁSICA FRANCISCO EBERHARDT,"ESTRADA RIO DA PRATA, S/N",1147,ESCOLA DE EDUCAÇÃO BÁSICA FRANCISCO EBERHARDT,"ESTRADA RIO DA PRATA, S/N",PIRABEIRABA,0
81795,105,1155,ESCOLA DE EDUCAÇÃO BÁSICA OLAVO BILAC,"RUA OLAVO BILAC, N. 205",1155,ESCOLA DE EDUCAÇÃO BÁSICA OLAVO BILAC,"RUA OLAVO BILAC, N. 205",PIRABEIRABA,0
81795,105,1163,ESCOLA ISOLADA PROFESSORA MARIA MADALENA MAZZOLLI,"ESTRADA DA ILHA, 2066",1163,ESCOLA MUNICIPAL PROFESSORA MARIA MADALENA MAZZOLLI,"ESTRADA DA ILHA, 2066",JARDIM SOFIA,0
81795,105,1171,ESCOLA MUNICIPAL PROFESSOR HONÓRIO SALDO,"ESTRADA QUIRIRI, N. 3467",1171,ESCOLA MUNICIPAL PROFESSOR HONÓRIO SALDO,"ESTRADA QUIRIRI, N. 3467",QUIRIRI,0
81795,105,1180,ESCOLA DE EDUCAÇÃO BÁSICA VEREADOR GUILHERME ZUEGE,"RUA EMÍLIO STRUCK, N. 355",1180,ESCOLA DE EDUCAÇÃO BÁSICA VEREADOR GUILHERME ZUEGE,"RUA EMÍLIO STRUCK, N. 355",RIO BONITO,0
81795,105,1198,ESCOLA MUNICIPAL EMÍLIO PAULO ROBERTO HARDT,"RUA EMILIO HARDT, N. 720",1198,ESCOLA MUNICIPAL EMÍLIO PAULO ROBERTO HARDT,"RUA EMILIO HARDT, N. 720",RIO BONITO,0
81795,105,1210,ESCOLA MUNICIPAL PROFESSOR SYLVIO SNIECIKOVSKI,"AVENIDA JÚPITER, 1753",1210,ESCOLA MUNICIPAL PROFESSOR SYLVIO SNIECIKOVSKI,"AVENIDA JÚPITER, 1753",JARDIM PARAÍSO,0
81795,105,1228,ESCOLA DE ENSINO MÉDIO DEPUTADO NAGIB ZATTAR,"RUA ANTONIO MICHELS, N. 120",1228,ESCOLA DE ENSINO MÉDIO DEPUTADO NAGIB ZATTAR,"RUA ANTONIO MICHELS, N. 120",JARDIM PARAÍSO,0
81795,105,1201,ESCOLA MUNICIPAL ADOLPHO BARTSCH,"RUA ARNO KRELING, S/N",1201,ESCOLA MUNICIPAL ADOLPHO BARTSCH,"RUA ARNO KRELING, 186",PIRABEIRABA,0
81795,105,1236,ESCOLA MUNICIPAL SENADOR CARLOS GOMES DE OLIVEIRA,RUA LAURO SCHROEDER. N. 777,1236,ESCOLA MUNICIPAL SENADOR CARLOS GOMES DE OLIVEIRA,RUA LAURO SCHROEDER. N. 777,AVENTUREIRO,0
80101,14,1015,ESCOLA DE EDUCAÇÃO BÁSICA JOSÉ CLEMENTE PEREIRA,"RUA SETE DE SETEMBRO, N. 157",1015,ESCOLA DE EDUCAÇÃO BÁSICA JOSÉ CLEMENTE PEREIRA,"RUA SETE DE SETEMBRO, N. 157",CENTRO,0
80101,14,1040,ESCOLA DE EDUCAÇÃO FUNDAMENTAL PROFESSOR JOÃO BONELLI,"ESTRADA GERAL, S/N",1040,ESCOLA INDÍGENA DE EDUCAÇÃO BÁSICA LAKLÃNÕ,"ESTRADA GERAL, S/N",BARRA DOLLMANN,0
80101,14,1058,ESCOLA MUNICIPAL DE ENSINO FUNDAMENTAL FRANCISCO BERTELLI,LOCALIDADE VOLTA GRANDE,1058,ESCOLA MUNICIPAL DE ENSINO FUNDAMENTAL FRANCISCO BERTELLI,LOCALIDADE VOLTA GRANDE,VOLTA GRANDE,0
80101,14,1074,ESCOLA ISOLADA RIO WIEGAND,"ESTRADA GERAL, S/N",1074,ESCOLA ISOLADA RIO WIEGAND,"ESTRADA GERAL, S/N",RIO WIEGAND,0
81540,49,1015,CLUBE DE MÃES DA LINHA TURÍBIO,"ESTRADA DA LINHA TURÍBIO, S/N",1015,CLUBE DE MÃES DA LINHA TURÍBIO,"ESTRADA DA LINHA TURÍBIO, S/N",ZONA RURAL,0
81540,49,1023,ESCOLA DE EDUCAÇÃO BÁSICA PROFESSORA MARIA MADALENA MOURA DE FERRO,"AVENIDA CRUZEIRO, N. 487",1023,ESCOLA DE EDUCAÇÃO BÁSICA PROFESSORA MARIA MADALENA MOURA DE FERRO,"AVENIDA CRUZEIRO, N. 487",CENTRO,0
81817,85,1015,ESCOLA DE EDUCAÇÃO BÁSICA JOAQUIM D'AGOSTINI / CIEL,"RUA 7 DE SETEMBRO, N. 92, CENTRO",1015,ESCOLA DE EDUCAÇÃO BÁSICA JOAQUIM D'AGOSTINI / CIEL,"RUA 7 DE SETEMBRO, N. 92, CENTRO",CENTRO,0
81817,85,1031,ESCOLA ISOLADA DA LINHA SÃO ROQUE,"ESTRADA GERAL, S/N, AO LADO DO POSTO DE SAÚDE",1031,ESCOLA ISOLADA DA LINHA SÃO ROQUE,"ESTRADA GERAL, S/N, AO LADO DO POSTO DE SAÚDE",LINHA SÃO ROQUE,0
81833,21,1201,COLEGIO BOM JESUS DIOCESANO,"RUA CORONEL CÓRDOVA, N. 590",1201,COLEGIO BOM JESUS DIOCESANO,"RUA CORONEL CÓRDOVA, N. 590",CENTRO,0
81833,21,1210,UNIVERSIDADE DO PLANALTO CATARINENSE - UNIPLAC,"AVENIDA CASTELO BRANCO, N 170",1210,UNIVERSIDADE DO PLANALTO CATARINENSE - UNIPLAC,"AVENIDA CASTELO BRANCO, N 170",UNIVERSITÁRIO,0
81833,21,1198,COLÉGIO SANTA ROSA DE LIMA,"RUA LAURO MÜLLER, N. 444",1198,COLÉGIO SANTA ROSA DE LIMA,"RUA LAURO MÜLLER, N. 444",CENTRO,0
81833,21,1171,ESCOLA DE EDUCAÇÃO BÁSICA VIDAL RAMOS JÚNIOR,"RUA FREI ROGÉRIO, N. 347",1171,ESCOLA DE EDUCAÇÃO BÁSICA VIDAL RAMOS JÚNIOR,"RUA FREI ROGÉRIO, N. 347",CENTRO,0
81833,21,1465,ESCOLA DE EDUCAÇÃO BÁSICA PROFESSOR FLORDOARDO CABRAL,"RUA WAGI DE AZEVEDO TRILHA, S/N",1465,ESCOLA DE EDUCAÇÃO BÁSICA PROFESSOR FLORDOARDO CABRAL,"RUA WAGI DE AZEVEDO TRILHA, S/N",CENTRO,0
81833,21,1554,ESCOLA DE EDUCAÇÃO BÁSICA RUBENS DE ARRUDA RAMOS,"AVENIDA LUIS DE CAMÕES, N. 1226",1554,ESCOLA DE EDUCAÇÃO BÁSICA RUBENS DE ARRUDA RAMOS,"AVENIDA LUIS DE CAMÕES, N. 1226",CONTA DINHEIRO,0
81833,21,1902,ESCOLA DE EDUCAÇÃO BÁSICA BELISÁRIO RAMOS,"RUA RIO GRANDE DO NORTE, N. 810",1902,ESCOLA DE EDUCAÇÃO BÁSICA BELISÁRIO RAMOS,"RUA RIO GRANDE DO NORTE, N. 810",SÃO CRISTOVÃO,0
81833,21,1546,ESCOLA DE EDUCAÇÃO BÁSICA NOSSA SENHORA DO ROSÁRIO,"RUA CARMOSINO CAMARGO, N. 96",1546,ESCOLA DE EDUCAÇÃO BÁSICA NOSSA SENHORA DO ROSÁRIO,"RUA CARMOSINO CAMARGO, N. 96",CORAL,0
81833,21,2534,ESCOLA DE EDUCAÇÃO BÁSICA CORA BATALHA DA SILVEIRA,"RUA MARECHAL ARTUR DA COSTA E SILVA, 870",2534,ESCOLA DE EDUCAÇÃO BÁSICA CORA BATALHA DA SILVEIRA,"RUA MARECHAL ARTUR DA COSTA E SILVA, 870",CORAL,0
81833,21,1740,ESCOLA DE EDUCAÇÃO BÁSICA GODOLFIM NUNES DE SOUZA,"RUA NOSSA SENHORA DA PENHA, N. 290",1740,ESCOLA DE EDUCAÇÃO BÁSICA GODOLFIM NUNES DE SOUZA,"RUA NOSSA SENHORA DA PENHA, N. 290",PENHA,0
81833,21,1759,ESCOLA MUNICIPAL DE EDUCAÇÃO BÁSICA NOSSA SENHORA DA PENHA,"AVENIDA ARTUR RAMOS, N. 214",1759,ESCOLA MUNICIPAL DE EDUCAÇÃO BÁSICA NOSSA SENHORA DA PENHA,"AVENIDA ARTUR RAMOS, N. 214",SÃO MIGUEL,0
81833,21,1805,ESCOLA MUNICIPAL DE EDUCAÇÃO BÁSICA SAUL DE ATHAYDE,"AVENIDA CASTELO BRANCO, N. 1840",1805,ESCOLA MUNICIPAL DE EDUCAÇÃO BÁSICA SAUL DE ATHAYDE,"AVENIDA CASTELO BRANCO, N. 1840",FERROVIA,0
81833,21,1929,CEDUP RENATO RAMOS DA SILVA,"AVENIDA CASTELO BRANCO, N. 109",1929,CEDUP RENATO RAMOS DA SILVA,"AVENIDA CASTELO BRANCO, N. 109",UNIVERSITÁRIO,0
81833,21,2445,ESCOLA MUNICIPAL DE EDUCAÇÃO BÁSICA ONDINA NEVES BLEYER,"RUA CORONEL ZECA ATHANÁSIO, N. 14",2445,ESCOLA MUNICIPAL DE EDUCAÇÃO BÁSICA ONDINA NEVES BLEYER,"RUA CORONEL ZECA ATHANÁSIO, N. 14",SAGRADO CORAÇÃO DE JESUS,0
81833,21,1066,ESCOLA MUNICIPAL DE EDUCAÇÃO BÁSICA PROFESSORA FAUSTA RATH,"RUA JERUSALÉM, N. 525",1066,ESCOLA MUNICIPAL DE EDUCAÇÃO BÁSICA PROFESSORA FAUSTA RATH,"RUA JERUSALÉM, N. 525",VILA MARIZA,0
81833,21,2453,CENTRO UNIVERSITÁRIO FACVEST,"AVENIDA MARECHAL FLORIANO, N. 947",2453,CENTRO UNIVERSITÁRIO FACVEST,"AVENIDA MARECHAL FLORIANO, N. 947",CENTRO,0
81833,21,2496,ESCOLA DE EDUCAÇÃO BÁSICA VIDAL RAMOS,"RUA PROFESSOR TEOBALDO DELWING, 220",2496,ESCOLA DE EDUCAÇÃO BÁSICA VIDAL RAMOS,"RUA PROFESSOR TEOBALDO DELWING, 220",CENTRO,0
81833,93,1112,CENTRO DE EDUCAÇÃO ANDRÉ LUIZ,"AVENIDA LUIZ DE CAMÕES, N. 2195",1112,CENTRO DE EDUCAÇÃO ANDRÉ LUIZ,"AVENIDA LUIZ DE CAMÕES, N. 2195",CONTA DINHEIRO,13
81833,93,1031,ESCOLA MUNICIPAL DE EDUCAÇÃO BÁSICA PROFESSOR EDUARDO PEDRO AMARAL,RUA HEITOR  VILLAS BOAS,1031,ESCOLA MUNICIPAL DE EDUCAÇÃO BÁSICA PROFESSOR EDUARDO PEDRO AMARAL,RUA HEITOR  VILLA LOBOS,SÃO FRANCISCO,3
81833,93,1040,CENTRO DE CIÊNCIAS AGROVETERINÁRIAS - CAV/UDESC,"AVENIDA LUIS DE CAMÕES, N. 2090",1040,CENTRO DE CIÊNCIAS AGROVETERINÁRIAS - CAV/UDESC,"AVENIDA LUIS DE CAMÕES, N. 2090",CONTA DINHEIRO,0
81833,93,1090,ESCOLA DE EDUCAÇÃO BÁSICA GENERAL JOSÉ PINTO SOMBRA,"RUA DIAS VELHO, N.  207",1090,ESCOLA DE EDUCAÇÃO BÁSICA GENERAL JOSÉ PINTO SOMBRA,"RUA DIAS VELHO, N.  207",GUARUJÁ,32
81833,93,1198,ESCOLA BÁSICA PROFESSOR JORGE AUGUSTO NEVES VIEIRA,"AVENIDA JOÃO GOULART, N. 15",1198,ESCOLA BÁSICA PROFESSOR JORGE AUGUSTO NEVES VIEIRA,"AVENIDA JOÃO GOULART, N. 15",PISANI,5
81833,93,1147,ESCOLA MUNICIPAL DE ENSINO FUNDAMENTAL MACACOS,ESTRADA GERAL DE MACACOS,1147,SALÃO PAROQUIAL DA IGREJA SÃO GABRIEL,ESTRADA GERAL DE MACACOS,LOCALIDADE MACACOS,510
81833,93,1163,ESCOLA MUNICIPAL DE ENSINO BÁSICO INDIOS,"RUA SANTO ANTÔNIO, S/N (ESTRADA INDIOS)",1163,ESCOLA MUNICIPAL DE ENSINO BÁSICO INDIOS,"RUA SANTO ANTÔNIO, S/N (ESTRADA INDIOS)",ÍNDIOS,13
81833,93,1171,ESCOLA MUNICIPAL DE ENSINO FUNDAMENTAL VERGÍLIO GODINHO,ESTRADA DO LAMBEDOR,1171,ESCOLA MUNICIPAL DE ENSINO FUNDAMENTAL VERGÍLIO GODINHO,ESTRADA DO LAMBEDOR,LOCALIDADE LAMBEDOR,14
81833,93,1180,ESCOLA MUNICIPAL DE ENSINO FUNDAMENTAL CÂNDIDO BATISTA DIAS,ESTRADA GERAL DE RANCHO DE TÁBUAS,1180,ESCOLA MUNICIPAL DE ENSINO FUNDAMENTAL CÂNDIDO BATISTA DIAS,ESTRADA GERAL DE RANCHO DE TÁBUAS,LOCALIDADE RANCHO DE TÁBUAS,5
81833,93,1201,ESCOLA MUNICIPAL DE ENSINO FUNDAMENTAL IRENE RAFAELLI DE ANDRADE,ESTRADA GERAL DE CADEADO,1201,ESCOLA MUNICIPAL DE ENSINO FUNDAMENTAL IRENE RAFAELLI DE ANDRADE,ESTRADA GERAL DE CADEADO,LOCALIDADE CADEADO,12
81833,93,1252,ESCOLA MUNICIPAL DE EDUCAÇÃO BÁSICA FREI BERNARDINO,"RUA JOÃO JOSÉ GODINHO, N. 1716",1252,ESCOLA MUNICIPAL DE EDUCAÇÃO BÁSICA FREI BERNARDINO,"RUA JOÃO JOSÉ GODINHO, N. 1716",FREI ROGÉRIO,25
81833,93,1260,ESCOLA DE EDUCAÇÃO BÁSICA FREI NICODEMOS,"RUA CANOINHAS, S/N",1260,ESCOLA DE EDUCAÇÃO BÁSICA FREI NICODEMOS,"RUA CANOINHAS, S/N",PETRÓPOLIS,0
81833,93,1279,COLÉGIO POLICIAL MILITAR FELICIANO NUNES PIRES,"RUA JOÃO JOSÉ GODINHO, 33",1279,COLÉGIO POLICIAL MILITAR FELICIANO NUNES PIRES,"RUA JOÃO JOSÉ GODINHO, 33",GUADALUPE,17
81833,93,1295,EMEB ALINE GIOVANA SCHMITT (CAIC IRMÃ DULCE),"RUA JOAQUIM VITORINO LOPES, S/N, GUARUJÁ, LAGES/SC",1295,EMEB ALINE GIOVANA SCHMITT (CAIC IRMÃ DULCE),"RUA JOÃO ABREU BARBOSA, S/N",GUARUJÁ,0
81833,104,1040,ESCOLA DE EDUCAÇÃO BÁSICA FRANCISCO MANFROI,"RUA FLAMENGO, S/N",1040,ESCOLA DE EDUCAÇÃO BÁSICA FRANCISCO MANFROI,"RUA FLAMENGO, S/N",SANTA MÔNICA,0
81833,104,1058,ESCOLA MUNICIPAL DE EDUCAÇÃO BÁSICA PROF ANTÔNIO JOAQUIM HENRIQUES,"RUA ELEUTÉRIO DA SILVA FURTADO, N. 752",1058,ESCOLA MUNICIPAL DE EDUCAÇÃO BÁSICA PROF ANTÔNIO JOAQUIM HENRIQUES,"RUA ELEUTÉRIO DA SILVA FURTADO, N. 752",CENTENÁRIO,0
81833,104,1066,ESCOLA DE EDUCAÇÃO BÁSICA ILZA AMARAL DE OLIVEIRA,"RUA MAURÍCIO ANTÔNIO MUNIZ, N. 317",1066,ESCOLA DE EDUCAÇÃO BÁSICA ILZA AMARAL DE OLIVEIRA,"RUA MAURÍCIO ANTÔNIO MUNIZ, N. 317",SANTA HELENA,0
81833,104,1074,ESCOLA DE EDUCAÇÃO BÁSICA SÃO JUDAS TADEU,"RUA MATEUS JUNQUEIRA, 985",1074,ESCOLA DE EDUCAÇÃO BÁSICA SÃO JUDAS TADEU,"RUA MATEUS JUNQUEIRA, 985",SANTA HELENA,0
81833,104,1082,ESCOLA MUNICIPAL DE EDUCAÇÃO BÁSICA SANTA HELENA,"RUA PRESIDENTE KENNEDY, N. 669",1082,ESCOLA MUNICIPAL DE EDUCAÇÃO BÁSICA SANTA HELENA,"RUA PRESIDENTE KENNEDY, N. 669",COPACABANA,0
81833,104,1228,ESCOLA DE EDUCAÇÃO BÁSICA INDUSTRIAL DE LAGES,"AVENIDA DOM PEDRO II, N. 2055",1228,ESCOLA DE EDUCAÇÃO BÁSICA INDUSTRIAL DE LAGES,"AVENIDA DOM PEDRO II, N. 2555",VILA NOVA,0
81833,104,1260,ESCOLA DE EDUCAÇÃO BÁSICA EGÍDIO BARAÚNA,"RUA MAILTE DE ALMEIDA NETO, 240",1260,ESCOLA DE EDUCAÇÃO BÁSICA EGÍDIO BARAÚNA,"RUA MAILT DE ALMEIDA NETO, 240",ARAUCÁRIA,0
81833,104,1198,ESCOLA DE EDUCAÇÃO BÁSICA ZULMIRA AUTA DA SILVA,"AVENIDA PRIMEIRO DE MAIO, N. 1570",1198,ESCOLA DE EDUCAÇÃO BÁSICA ZULMIRA AUTA DA SILVA,"AVENIDA PRIMEIRO DE MAIO, N. 1570",POPULAR,0
81833,104,1201,ESCOLA MUNICIPAL DE EDUCAÇÃO BÁSICA MUTIRÃO,"AVENIDA DOS PESSEGUEIROS, S/N",1201,ESCOLA MUNICIPAL DE EDUCAÇÃO BÁSICA MUTIRÃO,"AVENIDA DOS PESSEGUEIROS, S/N",HABITAÇÃO,0
81833,104,1244,ESCOLA DE EDUCAÇÃO BÁSICA ARMANDO RAMOS DE CARVALHO,"RUA JAIR DE SOUZA PASSOS, S/N",1244,ESCOLA DE EDUCAÇÃO BÁSICA ARMANDO RAMOS DE CARVALHO,"RUA JAIR DE SOUZA PASSOS, S/N",BELA VISTA,0
81833,104,1309,ESCOLA MUNICIPAL SÃO JORGE,"ESTRADA GERAL COXILHA RICA, S/N",1309,ESCOLA MUNICIPAL SÃO JORGE,"ESTRADA GERAL COXILHA RICA, S/N",LOCALIDADE SÃO JORGE,0
81833,104,1341,ESCOLA DE EDUCAÇÃO BÁSICA LÚCIA FERNANDES LOPES,"RUA SÃO LUIZ GONZAGA, S/N",1341,ESCOLA DE EDUCAÇÃO BÁSICA LÚCIA FERNANDES LOPES,"RUA SÃO LUIZ GONZAGA, S/N",SANTA CATARINA,0
81833,104,1376,PRESÍDIO MASCULINO DE LAGES,"RUA RICARDO MARIN, S/N",1376,PRESÍDIO MASCULINO DE LAGES,"RUA RICARDO MARIN, S/N",SANTA CLARA,
81850,20,1015,CENTRO CULTURAL SANTO ANTÔNIO DOS ANJOS,"RUA SANTO ANTÔNIO, 10",1015,CENTRO CULTURAL SANTO ANTÔNIO DOS ANJOS,"RUA SANTO ANTÔNIO, 10",CENTRO,0
81850,20,1023,UNIÃO OPERÁRIA,"RUA SANTO ANTÔNIO, 10",1023,UNIÃO OPERÁRIA,"RUA SANTO ANTÔNIO, 10",CENTRO,0
81850,20,1031,CENTRO CULTURAL SANTO ANTÔNIO DOS ANJOS,RUA SANTO ANTÔNIO 10,1015,CENTRO CULTURAL SANTO ANTÔNIO DOS ANJOS,"RUA SANTO ANTÔNIO, 10",CENTRO,10
81850,20,1040,ESCOLA DE ENSINO MÉDIO ALMIRANTE LAMEGO,"RUA CELSO RAMOS, N. 96",1040,ESCOLA DE ENSINO MÉDIO ALMIRANTE LAMEGO,"RUA CELSO RAMOS, N. 96",CENTRO,0
81850,20,1058,ESCOLA DE EDUCAÇÃO BÁSICA COMENDADOR ROCHA,"AVENIDA CALISTRATO MULLER SALLES, N. 91",1058,ESCOLA DE EDUCAÇÃO BÁSICA COMENDADOR ROCHA,"AVENIDA CALISTRATO MULLER SALLES, N. 91",PROGRESSO,0
81850,20,1546,UDESC-SERES,"RUA CORONEL FERNANDES MARTINS, N. 270",1546,UDESC-SERES,"RUA CORONEL FERNANDES MARTINS, N. 270",PROGRESSO,0
81850,20,1066,SOCIEDADE MUSICAL UNIAO DOS ARTISTAS,"RUA ALMIRANTE LAMEGO, N 05 FONE (48) 3646 0923",1066,SOCIEDADE MUSICAL UNIAO DOS ARTISTAS,"RUA ALMIRANTE LAMEGO, N 05 FONE (48) 3646 0923",CAMPO DE FORA,0
81850,20,1074,ESCOLA DE EDUCAÇÃO BÁSICA ANA GONDIN,"PRAÇA POLIDÓRO SANTIAGO, S/N",1074,ESCOLA DE EDUCAÇÃO BÁSICA ANA GONDIN,"PRAÇA POLIDÓRO SANTIAGO, S/N",MAGALHÃES,0
81850,20,1082,SOCIEDADE RECREATIVA 3 DE MAIO,"AVENIDA JOÃO PESSOA, N. 462",1082,SOCIEDADE RECREATIVA 3 DE MAIO,"AVENIDA JOÃO PESSOA, N. 462",MAGALHÃES,0
81850,20,1090,COLÉGIO STELLA MARIS,"AVENIDA JOÃO PESSOA, N. 100",1090,COLÉGIO STELLA MARIS,"AVENIDA JOÃO PESSOA, N. 100",MAGALHÃES,0
81850,20,1104,ESCOLA BÁSICA ADÉLIA CABRAL VAREJÃO FUNDAÇÃO BRADESCO,"RUA SÃO PEDRO, S/N",1104,ESCOLA BÁSICA ADÉLIA CABRAL VAREJÃO FUNDAÇÃO BRADESCO,"RUA SÃO PEDRO, 221",MAGALHÃES,0
81850,20,1112,ESCOLA DE EDUCAÇÃO BÁSICA CUSTÓDIO FLORIANO DE CÓRDOVA,RUA SÃO SEBASTIÃO,1112,ESCOLA DE EDUCAÇÃO BÁSICA CUSTÓDIO FLORIANO DE CÓRDOVA,RUA SÃO SEBASTIÃO,PASSAGEM DA BARRA,0
81850,20,1120,ESCOLA DE EDUCAÇÃO BÁSICA COMANDANTE MOREIRA,"RUA GERAL, S/N",1120,ESCOLA DE EDUCAÇÃO BÁSICA COMANDANTE MOREIRA,"RUA GERAL, S/N",CAMPOS VERDES,0
81850,20,1139,ESCOLA DE EDUCAÇÃO BÁSICA SAUL ULYSSEA,"RUA DOUTOR PAULO CARNEIRO, N. 1044",1139,ESCOLA DE EDUCAÇÃO BÁSICA SAUL ULYSSEA,"RUA DOUTOR PAULO CARNEIRO, N. 1044",CABEÇUDAS,0
81850,20,1147,ESCOLA DE EDUCAÇÃO BÁSICA CORONEL JOSÉ MAURÍCIO DOS SANTOS,"RUA FERNANDO ANTÔNIO DOS SANTOS, S/N",1147,ESCOLA DE EDUCAÇÃO BÁSICA CORONEL JOSÉ MAURÍCIO DOS SANTOS,"RUA FERNANDO ANTÔNIO DOS SANTOS, S/N",CAPUTERA,0
81850,20,1155,ESCOLA DE EDUCAÇÃO BÁSICA NININHA GUEDES DOS REIS,"ESTRADA GERAL, S/N",1155,ESCOLA DE EDUCAÇÃO BÁSICA NININHA GUEDES DOS REIS,"RUA ALAMEDA FRANCISCO MARTINS FONSECA, SN",BARBACENA,0
81850,20,1163,SALÃO PAROQUIAL DE RIBEIRÃO GRANDE,"ESTRADA GERAL, S/N",1163,SALÃO PAROQUIAL DE RIBEIRÃO GRANDE,"ESTRADA GERAL, S/N",RIBEIRÃO GRANDE,0
81850,20,1171,ESCOLA DE EDUCAÇÃO BÁSICA GREGÓRIO MANOEL DE BEM,"ESTRADA GERAL, S/N",1171,ESCOLA DE EDUCAÇÃO BÁSICA GREGÓRIO MANOEL DE BEM,"ESTRADA GERAL, S/N",RIBEIRÃO PEQUENO,0
81850,20,1180,ESCOLA DE EDUCAÇÃO BÁSICA AGRÍCOLA ÍNDIO GUIMARÃES,"ESTRADA GERAL, N. 125",1180,ESCOLA DE EDUCAÇÃO BÁSICA AGRÍCOLA ÍNDIO GUIMARÃES,"ESTRADA GERAL, N. 125",PAROBÉ,0
81850,20,1198,ESCOLA DE EDUCAÇÃO BÁSICA JOSÉ DE SOUZA GUIMARÃES,"RUA GERAL, S/N",1198,ESCOLA DE EDUCAÇÃO BÁSICA JOSÉ DE SOUZA GUIMARÃES,"RUA GERAL, S/N",FIGUEIRA,0
81850,20,1244,LAGUNA PRAIA CLUBE,"AVENIDA SENADOR GALOTTI, S/N",1244,LAGUNA PRAIA CLUBE,"AVENIDA SENADOR GALOTTI, S/N",MAR GROSSO,0
81850,20,1287,ESCOLA DE EDUCAÇÃO BÁSICA DOUTOR RENATO RAMOS DA SILVA,"AVENIDA  CALISTRATO MULLER SALLES, N. 1983",1287,ESCOLA DE EDUCAÇÃO BÁSICA DOUTOR RENATO RAMOS DA SILVA,"AVENIDA  CALISTRATO MULLER SALLES, N. 1983",PORTINHO,0
81850,20,1309,ESCOLA DE EDUCAÇÃO BÁSICA FRANCISCO ZEZUINO VIEIRA,"RUA VEREADOR TOME MACHADO DE SOUZA, S/N",1309,ESCOLA DE EDUCAÇÃO BÁSICA FRANCISCO ZEZUINO VIEIRA,"RUA VEREADOR TOME MACHADO DE SOUZA, S/N",PONTA DA BARRA,0
81850,20,1317,ESCOLA DE EDUCAÇÃO BÁSICA SANTA MARTA,"ESTRADA GERAL, S/N",1317,ESCOLA DE EDUCAÇÃO BÁSICA SANTA MARTA,"ESTRADA GERAL, S/N",FAROL DE SANTA MARTA,0
81850,20,1341,ESCOLA DE ENSINO BÁSICO PROFESSORA IRACY VIRGÍNIA RODRIGUES,"RUA MARRELINA ANDRÉ, N. 422",1341,ESCOLA DE ENSINO BÁSICO PROFESSORA IRACY VIRGÍNIA RODRIGUES,"RUA MARRELINA ANDRÉ, N. 422",BARRANCEIRA,0
81850,20,1368,ESCOLA DE EDUCAÇÃO BÁSICA PROFESSORA MARILZA LORY DE BARROS,"ESTRADA GERAL, S/N",1368,ESCOLA DE EDUCAÇÃO BÁSICA PROFESSORA MARILZA LORY DE BARROS,"ESTRADA GERAL, S/N",BENTOS,0
81850,20,1376,ESCOLA DE EDUCAÇÃO BÁSICA CHIQUINHA GOMES DE CARVALHO,"RUA GERAL, S/N",1376,ESCOLA DE EDUCAÇÃO BÁSICA CHIQUINHA GOMES DE CARVALHO,"RUA GERAL, S/N",BANANAL,0
81850,20,1406,ESCOLA DE EDUCAÇÃO BÁSICA DOUTOR ARMANDO CALIL BULOS,PROFESSORA ABGAIL TOMÉ SERAFIM,1406,ESCOLA DE EDUCAÇÃO BÁSICA DOUTOR ARMANDO CALIL BULOS,PROFESSORA ABGAIL TOMÉ SERAFIM,ESTREITO,0
81850,20,1422,SALÃO PAROQUIAL DE MORRO GRANDE,"RUA GERAL - MORRO GRANDE, S/N",1422,SALÃO PAROQUIAL DE MORRO GRANDE,"RUA GERAL - MORRO GRANDE, S/N",MORRO GRANDE,0
81850,20,1449,CENTRO DE INCLUSÃO DIGITAL ROBERTO PRUDÊNCIO,"ESTRADA GERAL, S/N",1449,CENTRO DE INCLUSÃO DIGITAL ROBERTO PRUDÊNCIO,"ESTRADA GERAL, S/N",PERRICHIL,0
81850,20,1457,SALÃO PAROQUIAL DA NOVA FAZENDA,"ESTRADA GERAL, S/N",1457,SALÃO PAROQUIAL DA NOVA FAZENDA,"ESTRADA GERAL, S/N",NOVA FAZENDA,0
81850,20,1503,ESCOLA DE EDUCAÇÃO BÁSICA VEREADOR JURANDIR PEREIRA DOS SANTOS,"ESTRADA GERAL CIGANA, N. 410",1503,ESCOLA DE EDUCAÇÃO BÁSICA VEREADOR JURANDIR PEREIRA DOS SANTOS,"ESTRADA GERAL CIGANA, N. 410",CIGANA,0
81850,20,1473,SALÃO PAROQUIAL DA MADRE RIBEIRÃO,ESTRADA GERAL,1473,SALÃO PAROQUIAL DA MADRE RIBEIRÃO,ESTRADA GERAL,MADRE (RIBEIRÃO),0
81850,20,1511,SOCIEDADE ESPORTIVA BANDEIRANTES,"RUA FONSECA GALVAO, S/N",1511,SOCIEDADE ESPORTIVA BANDEIRANTES,"RUA FONSECA GALVAO, S/N",MAGALHÃES,0
81850,20,1520,CLUBE CARNAVALESCO XAVANTES,"RUA PREFEITO GUIMARAES CABRAL, N. 285",1520,CLUBE CARNAVALESCO XAVANTE,"RUA PREFEITO GUIMARAES CABRAL, N. 285",MAGALHÃES,0
81850,20,1538,POSTO DE SAÚDE DO CANTO DA LAGOA,"ESTRADA GERAL, S/N",1538,SALÃO PAROQUIAL DO CANTO DA LAGOA,"ESTRADA GERAL, S/N",CANTO DA LAGOA,0
81850,20,1562,AMPRASOL - ASSOCIAÇÃO DOS MORADORES DA PRAIA DO SOL,"AVENIDA NORTE SUL, S/N",1562,AMPRASOL - ASSOCIAÇÃO DOS MORADORES DA PRAIA DO SOL,"AVENIDA NORTE SUL, S/N",PRAIA DO SOL,0
80586,48,1015,CENTRO INTEGRADO DE EDUCAÇÃO IRMÃ BLANDINA CIS,"RUA VITÓRIA, N. 210",1015,CENTRO DE EDUCAÇÃO INFANTIL CANTINHO DA ALEGRIA,"RUA VITÓRIA, N. 155",CENTRO,0
81876,102,1015,ESCOLA DE EDUCAÇÃO BÁSICA TEREZA CRISTINA,"RUA PAULO POSSAMAI, N. 98",1015,ESCOLA DE EDUCAÇÃO BÁSICA TEREZA CRISTINA,"RUA PAULO POSSAMAI, N. 98",CENTRO,0
81876,102,1023,SALÃO PAROQUIAL COMUNITÁRIO SÃO PEDRO,"ESTRADA GERAL, S/N",1023,SALÃO PAROQUIAL COMUNITÁRIO SÃO PEDRO,"ESTRADA GERAL, S/N",ALTO FRUTEIRA,0
81876,102,1040,CENTRO DE EDUCAÇÃO INFANTIL ARCO-ÍRIS,"RODOVIA SC 302, KM 9, S/N",1040,CENTRO DE EDUCAÇÃO INFANTIL ARCO-ÍRIS,"RODOVIA SC 302, KM 9, S/N",KM 4,0
81876,102,1058,SALÃO PAROQUIAL COMUNITÁRIO SÃO PAULO,"ESTRADA GERAL, S/N",1058,SALÃO PAROQUIAL COMUNITÁRIO SÃO PAULO,"ESTRADA GERAL, S/N",SERRA LAURENTINO,0
81876,102,1066,SALÃO PAROQUIAL COMUNITÁRIO SANTA LUZIA,"ESTRADA GERAL, S/N",1066,SALÃO PAROQUIAL COMUNITÁRIO SANTA LUZIA,"ESTRADA GERAL, S/N",SERRA AMUADO,0
81876,102,1074,SALÃO COMUNITÁRIO DE RIBEIRÃO CAÇADOR,"RUA MÁRIO FERRARI, S/N",1074,SALÃO COMUNITÁRIO DE RIBEIRÃO CAÇADOR,"RUA MÁRIO FERRARI, S/N",RIBEIRÃO CAÇADOR,0
81876,102,1082,SALÃO COMUNITÁRIO RIBEIRÃO LAURENTINO,"RUA ARCÂNGELO AVI, S/N",1082,SALÃO COMUNITÁRIO RIBEIRÃO LAURENTINO,"RUA ARCÂNGELO AVI, S/N",RIBEIRÃO LAURENTINO,0
81876,102,1090,SALÃO PAROQUIAL COMUNITÁRIO NOSSA SENHORA DE FÁTIMA,"ESTRADA GERAL, S/N",1090,SALÃO PAROQUIAL COMUNITÁRIO NOSSA SENHORA DE FÁTIMA,"ESTRADA GERAL, S/N",SERRA TOMIO,0
81892,23,1015,ESCOLA DE ENSINO FUNDAMENTAL VISCONDE DE TAUNAY,RUA ALEXANDRE DONEDA SN,1015,ESCOLA DE ENSINO FUNDAMENTAL VISCONDE DE TAUNAY,RUA ALEXANDRE DONEDA SN,CENTRO,0
81892,23,1023,ESCOLA DE EDUCAÇÃO BÁSICA ENGENHEIRO ERNANI COTRIN,RUA YOLANDA MARIA DAL BÓ MACHADO SN,1023,ESCOLA DE EDUCAÇÃO BÁSICA ENGENHEIRO ERNANI COTRIN,RUA YOLANDA MARIA DAL BÓ MACHADO SN,GUATÁ,0
81892,23,1031,ESCOLA MUNICIPAL EMÍLIA MAMEDE SOARES,RUA VISCONDE DE BARBACENA SN,1031,ESCOLA MUNICIPAL EMÍLIA MAMEDE SOARES,RUA VISCONDE DE BARBACENA SN,BARRO BRANCO,0
81892,23,1040,CENTRO COMUNITÁRIO DERCÍLIO BENEDET,"RODOVIA SC 438, KM 107, S/N",1040,CENTRO COMUNITÁRIO DERCÍLIO BENEDET,"RODOVIA SC 438, KM 107, S/N",KM 107,0
81892,23,1058,CENTRO COMUNITÁRIO ÂNGELO FABRO,"ESTRADA GERAL, S/N",1058,CENTRO COMUNITÁRIO ÂNGELO FABRO,"ESTRADA GERAL, S/N",PALERMO,0
81892,23,1244,ESCOLA MUNICIPAL JÚLIO SERAFIM GONÇALVES,RUA NOVO HORIZONTE SN,1244,ESCOLA MUNICIPAL JÚLIO SERAFIM GONÇALVES,RUA NOVO HORIZONTE SN,BARREIROS,0
81892,23,1074,CENTRO COMUNITÁRIO ROMANO BALDIN,RODOVIA SC 390,1074,SALÃO DE FESTAS DA IGREJA DE NOVO HORIZONTE,RODOVIA SC 390,NOVO HORIZONTE,0
81892,23,1082,ESCOLA MUNICIPAL ITELVINO LOCATELLI,"ESTRADA GERAL, S/N",1082,CLUBE DE MÃES FARROUPILHA (ANTIGA ESCOLA),"ESTRADA GERAL, S/N",FARROUPILHA,0
81892,23,1104,ESCOLA MUNICIPAL LÍGIA CHAVES CABRAL,RUA CLARETE SN,1104,ESCOLA MUNICIPAL LÍGIA CHAVES CABRAL,RUA CLARETE SN,ITANEMA,0
81892,23,1112,ESCOLA MUNICIPAL RIO CAPIVARAS ALTO,ESTRADA GERAL (AO LADO DA CAPELA SÃO SALVADOR),1112,ESCOLA MUNICIPAL RIO CAPIVARAS ALTO,ESTRADA GERAL (AO LADO DA CAPELA SÃO SALVADOR),RIO CAPIVARAS ALTO,0
81892,23,1120,ESCOLA MUNICIPAL PROFESSORA LÚCIA CECHINEL DOS SANTOS (SANTA ROSA),"ESTRADA GERAL, S/N",1120,SALÃO DE FESTAS DE SANTA ROSA,"ESTRADA GERAL, S/N",SANTA ROSA,0
81892,23,1139,ESCOLA MUNICIPAL PROFESSOR JOSÉ HELEODORO BARRETO JÚNIOR,RUA ANTONIO MADEIRA 812,1139,ESCOLA MUNICIPAL PROFESSOR JOSÉ HELEODORO BARRETO JÚNIOR,RUA ANTONIO MADEIRA 812,ARIZONA,0
81892,23,1147,CENTRO COMUNITÁRIO MORRO DA PALHA (ANTIGA ESCOLA),"ESTRADA GERAL, S/N",1147,SALÃO DE FESTAS MORRO DA PALHA,"ESTRADA GERAL, S/N",MORRO DA PALHA,0
81892,23,1163,CEJA - CENTRO DE EDUCAÇÃO DE JOVENS E ADULTOS (ESCOLA),RODOVIA SC 446,1163,SALÃO DE FESTAS DA IGREJA DO KM1,RODOVIA SC 446,KM 1,0
81892,23,1236,CENTRO COMUNITÁRIO DE MINA NOVA (CLUBE DE MÃES),"ESTRADA GERAL, S/N",1236,SALÃO DE FESTAS MINA NOVA,"ESTRADA GERAL, S/N, AO LADO DA CAPELA",MINA NOVA,0
81892,23,1198,CENTRO COMUNITÁRIO RIO AMARAL I,"ESTRADA GERAL, S/N",1198,CENTRO COMUNITÁRIO RIO AMARAL I,"ESTRADA GERAL, S/N",RIO AMARAL I,0
81892,23,1260,SALÃO DE FESTAS DE RIO AMARAL GRUTA,"ESTRADA GERAL, S/N",1260,SALÃO DE FESTAS DE RIO AMARAL GRUTA,"ESTRADA GERAL, S/N",RIO AMARAL GRUTA,0
81892,23,1279,CENTRO COMUNITÁRIO RIO AMARAL RÁDIO,"ESTRADA GERAL, S/N",1279,CENTRO COMUNITÁRIO RIO AMARAL RÁDIO,"ESTRADA GERAL, S/N",RIO AMARAL RÁDIO,0
81914,77,1163,ESCOLA DE EDUCAÇÃO FUNDAMENTAL SANTA TEREZINHA,"RUA FRANCISCO RIBEIRO DA SILVA, N. 1168",1163,ESCOLA DE EDUCAÇÃO FUNDAMENTAL SANTA TEREZINHA,"RUA FRANCISCO RIBEIRO DA SILVA, N. 1168",CENTRO,0
81914,77,1015,ESCOLA DE EDUCAÇÃO BÁSICA FREI CANECA,"RUA ARTUR BARTH, N. 556",1015,ESCOLA DE EDUCAÇÃO BÁSICA FREI CANECA,"RUA ARTUR BARTH, N. 556",CENTRO,0
81914,77,1023,ESCOLA NUCLEADA MUNICIPAL SANTA CATARINA,"FAXINAL SAO PEDRO, S/N",1023,ESCOLA NUCLEADA MUNICIPAL SANTA CATARINA,"FAXINAL SAO PEDRO, S/N",FAXINAL SÃO PEDRO (KM 26),0
81914,77,1155,ESCOLA MUNICIPAL NOSSA SENHORA DE LOURDES,"RUA ARI GRAZZIOTIN, SN",1155,ESCOLA MUNICIPAL NOSSA SENHORA DE LOURDES,"RUA ARI GRAZZIOTIN, SN",NOSSA SENHORA DE LURDES (GRUTA),0
81914,77,1147,ESCOLA MUNICIPAL NUCLEADA RIO DO MEIO,"ESTRADA GERAL, S/N",1147,ESCOLA MUNICIPAL NUCLEADA RIO DO MEIO,"ESTRADA GERAL, S/N",RIO DO MEIO,0
81914,77,1228,ESCOLA MUNICIPAL NUCLEADA LINHA VITÓRIA,"ESTRADA GERAL, ASSENTAMENTO LINHA VITÓRIA",1244,ESCOLA NUCLEADA LINHA VITÓRIA,ESTRADA GERAL,ASSENTAMENTO LINHA VITÓRIA,
81914,77,1090,ESCOLA DE ENSINO FUNDAMENTAL 30 DE OUTUBRO,"RODOVIA SC 453, KM 7",1090,ESCOLA DE ENSINO FUNDAMENTAL 30 DE OUTUBRO,"RODOVIA SC 453, KM 7",30 DE OUTUBRO,0
81914,77,1198,ESCOLA MUNICIPAL NÚCLEO RIO DOCE,"RUA INDALECIO GRANEMANN, SN",1198,ESCOLA MUNICIPAL NÚCLEO RIO DOCE,"RUA INDALECIO GRANEMANN, SN",NÚCLEO RIO DOCE,0
81930,39,1015,COLEGIO ESTADUAL BERTINO DA SILVA,"RUA ANGELO SILVA, 167 FONE",1015,COLEGIO ESTADUAL BERTINO DA SILVA,"RUA ANGELO SILVA, 167 FONE",CENTRO,0
81930,39,1023,ESCOLA ISOLADA ALTO VARGEDO,"ESTRADA GERAL, S/N",1023,ESCOLA ISOLADA ALTO VARGEDO,"ESTRADA GERAL, S/N",ALTO VARGEDO,0
81930,39,1031,ESCOLA ISOLADA DE RIO DAS PEDRAS,"ESTRADA GERAL, S/N",1031,ESCOLA ISOLADA DE RIO DAS PEDRAS,"ESTRADA GERAL, S/N",RIO DAS PEDRAS,0
81930,39,1040,ESCOLA MUNICIPAL RIBEIRÃO DOS OVOS,"ESTRADA GERAL, S/N",1040,ESCOLA MUNICIPAL RIBEIRÃO DOS OVOS,"ESTRADA GERAL, S/N",RIBEIRAO DOS OVOS,0
81930,39,1066,ESCOLA ISOLADA DE VARGEM DOS BUGRES,"ESTRADA GERAL, S/N FONE 40621980 R.4128",1066,ESCOLA ISOLADA DE VARGEM DOS BUGRES,"ESTRADA GERAL, S/N FONE 40621980 R.4128",VARGEM DOS BUGRES,0
81930,39,1082,ESCOLA ISOLADA RIO DA PARADA,"ESTRADA GERAL, S/N",1082,ESCOLA ISOLADA RIO DA PARADA,"ESTRADA GERAL, S/N",RIO DA PARADA,0
80047,90,1015,COLÉGIO PADRE IZIDORO BENJAMIN MORO,"RUA FLORIANO PEIXOTO, N. 78",1015,COLÉGIO PADRE IZIDORO BENJAMIN MORO,"RUA FLORIANO PEIXOTO, N. 78",CENTRO,0
80047,90,1023,ESCOLA DE LINHA XV DE NOVEMBRO,"ESTRADA GERAL, S/N",1023,ESCOLA DE LINHA XV DE NOVEMBRO,"ESTRADA GERAL, S/N",LINHA XV DE NOVEMBRO,0
80047,90,1031,CENTRO COMUNITÁRIO DE LINHA ALEGRE,"ESTRADA GERAL, S/N",1031,CENTRO COMUNITÁRIO DE LINHA ALEGRE,"ESTRADA GERAL, S/N",LINHA ALEGRE,0
80047,90,1040,CENTRO COMUNITÁRIO DE LINHA RIO AZUL,"ESTRADA GERAL, S/N",1040,CENTRO COMUNITÁRIO DE LINHA RIO AZUL,"ESTRADA GERAL, S/N",LINHA RIO AZUL,0
80047,90,1058,ESCOLA DE LINHA SERTÃOZINHO,"ESTRADA GERAL, S/N",1058,CENTRO COMUNITARIO DE LINHA SERTÃOZINHO,"ESTRADA GERAL, S/N",LINHA SERTÃOZINHO,
80047,90,1198,CENTRO COMUNITÁRIO DE LAGEADO DOS PINHEIROS,"ESTRADA GERAL, S/N",1198,CENTRO COMUNITÁRIO DE LAGEADO DOS PINHEIROS,"ESTRADA GERAL, S/N",LINHA LAGEADO DOS PINHEIROS,0
81957,102,1015,ESCOLA DE EDUCAÇÃO BÁSICA REGENTE FEIJÓ,"RUA OSWALDO SCHROEDER, S/N FONE (47) 8230322",1015,ESCOLA DE EDUCAÇÃO BÁSICA REGENTE FEIJÓ,"RUA OSWALDO SCHROEDER, S/N FONE (47) 8230322",CENTRO,0
81957,102,1023,CENTRO DE EDUCAÇÃO INFANTIL TURMINHA PARAISO (SUBST E. CECILIA BERTHA),"RUA DO PARAÍSO, N 147",1023,ESCOLA CECÍLIA BERTHA HILDEGARD CARDOSO,"BR-470, KM 127",SALTO PILÃO,0
81957,102,1031,SALÃO COMUNITÁRIO SÃO BERNARDO,"ESTRADA GERAL, S/N",1031,SALÃO COMUNITÁRIO SÃO BERNARDO,"ESTRADA GERAL, S/N",BRAÇO CONCÓRDIA,0
81957,102,1040,ESCOLA MUNICIPAL LAURA SAMULEWSKI,"ESTRADA GERAL, S/N",1040,ESCOLA MUNICIPAL LAURA SAMULEWSKI,"ESTRADA GERAL, S/N",CONCÓRDIA,0
81957,102,1058,COMUNIDADE EVANGÉLICA DE COTIAS,"SC 429, KM 09, S/N",1058,COMUNIDADE EVANGÉLICA DE COTIAS,"SC 429, KM 09, S/N",COTIA,0
81957,102,1066,SALÃO COMUNITÁRIO DOM BOSCO,"ESTRADA GERAL, S/N",1066,SALÃO COMUNITÁRIO DOM BOSCO,"ESTRADA GERAL, S/N",DONA LÚCIA,0
81957,102,1074,ESCOLA MUNICIPAL LEOPOLDO SONNTAG,"SC 429, KM 13, S/N",1074,ESCOLA MUNICIPAL LEOPOLDO SONNTAG,"SC 429, KM 13, S/N",DONA PAULA,0
81957,102,1082,ESCOLA MUNICIPAL JÚLIO WOLF,"RUA OSWALDO SCHROEDER, S/N",1082,ESCOLA MUNICIPAL JÚLIO WOLF,"RUA OSWALDO SCHROEDER, S/N",RIACHUELO,0
81957,102,1090,SALÃO COMUNITÁRIO SANTO ANTÔNIO,"ESTRADA GERAL, S/N",1090,SALÃO DA IGREJA EVANGÉLICA DO RIBEIRÃO DO SALTO,"ESTRADA GERAL, S/N",RIBEIRÃO DO SALTO,0
81957,102,1120,SALÃO COMUNITARIO SANTA CATARINA,"ESTRADA GERAL ALTO SUBIDA, S/N",1120,SALÃO COMUNITARIO SANTA CATARINA,"ESTRADA GERAL ALTO SUBIDA, S/N",ALTO SUBIDA,0
81973,106,1015,ESCOLA DE EDUCAÇÃO BÁSICA JOÃO GAYA,"RUA BALTAZAR SCHMITT, N. 235",1015,ESCOLA DE EDUCAÇÃO BÁSICA JOÃO GAYA,"RUA BALTAZAR SCHMITT, N. 235",CENTRO,0
81973,106,1040,ESCOLA DE EDUCAÇÃO BÁSICA GOVERNADOR IRINEU BORNHAUSEN,"RUA FAUSTINO MARTINI, S/N",1040,ESCOLA DE EDUCAÇÃO BÁSICA GOVERNADOR IRINEU BORNHAUSEN,"RUA FAUSTINO MARTINI, S/N",RIO DO PEIXE,0
81973,106,1058,ESCOLA MUNICIPAL CELESTE SCOLA,"RODOVIA SC 413, KM 90, S/N",1058,ESCOLA MUNICIPAL CELESTE SCOLA,"RODOVIA SC 413, KM 90, S/N",RIBEIRÃO DO PADRE,0
81973,106,1066,ESCOLA BÁSICA MUNICIPAL PROFESSOR RAFAEL RECH,"ESTRADA LEONTINA SCHÖEPPING, S/N",1066,ESCOLA BÁSICA MUNICIPAL PROFESSOR RAFAEL RECH,"ESTRADA LEONTINA SCHÖEPPING, S/N",RIO CANOAS,0
81973,106,1104,ESCOLA MUNICIPAL VENDELIM SCHWEITZER,"RUA VEREADOR CRISOSTOMO GESSER, N. 1950",1104,ESCOLA MUNICIPAL VENDELIM SCHWEITZER,"RUA VEREADOR CRISOSTOMO GESSER, N. 1950",BRAÇO MIGUEL,0
81973,106,1120,ESCOLA MUNICIPAL PROFESSOR ARLINDO BENVENUTO ZIMMERMMANN,ESTRADA GERAL RIBEIRÃO MÁXIMO,1120,ESCOLA MUNICIPAL PROFESSOR ARLINDO BENVENUTO ZIMMERMMANN,ESTRADA GERAL RIBEIRÃO MÁXIMO,RIBEIRÃO MÁXIMO,0
81973,106,1139,ESCOLA MUNICIPAL HENRIQUE KEUNECKE,"RUA PAULA RAMOS, S/N",1139,ESCOLA MUNICIPAL HENRIQUE KEUNECKE,"RUA PAULA RAMOS, S/N",BRAÇO SERAFIM,0
81809,18,1066,SALÃO PAROQUIAL DA IGREJA CATÓLICA,"RUA FRANCISCO LINDNER, 160",1066,SALÃO PAROQUIAL DA IGREJA CATÓLICA,"RUA FRANCISCO LINDNER, 160",CENTRO,0
81809,18,1023,COLÉGIO ESTADUAL PADRE NÓBREGA,"AVENIDA FRANCISCO LINDNER, N. 639",1023,COLÉGIO ESTADUAL PADRE NÓBREGA,"AVENIDA FRANCISCO LINDNER, N. 639",CENTRO,0
81809,18,1139,CLUBE BRASIL DE VILA KENNEDY,"ESTRADA GERAL, S/N",1139,CLUBE BRASIL DE VILA KENNEDY,"ESTRADA GERAL, S/N",VILA KENNEDY,0
81809,18,1040,PAVILHÃO COMUNITÁRIO DA LINHA GRAFUNDA,"ESTRADA GERAL, S/N",1040,PAVILHÃO COMUNITÁRIO DA LINHA GRAFUNDA,"ESTRADA GERAL, S/N",LINHA GRAFUNDA,0
81809,18,1058,CLUBE RECREATIVO ESPORTIVO PRIMAVERA LEÃOZINHO,"ESTRADA GERAL, S/N",1058,CLUBE RECREATIVO ESPORTIVO PRIMAVERA LEÃOZINHO,"ESTRADA GERAL, S/N",LINHA LEÃOZINHO,0
81809,18,1074,COMUNIDADE EVANGÉLICA DE CONFISSÃO LUTERANA DO BRASIL,"RUA RUI BARBOSA, 398",1074,COMUNIDADE EVANGÉLICA DE CONFISSÃO LUTERANA DO BRASIL,"RUA RUI BARBOSA, 398",CENTRO,0
81809,18,1120,ESCOLA MUNICIPAL SÃO FRANCISCO,"RUA SÃO FRANCISCO, N. 25",1120,ESCOLA MUNICIPAL SÃO FRANCISCO,"RUA SÃO FRANCISCO, N. 25",SÃO FRANCISCO,0
80900,6,1015,ESCOLA BASICA ALBINA MOSCONI,"RUA DONA MARIA MENDES,  245",1015,ESCOLA DE EDUCAÇÃO BÁSICA ALBINA MOSCONI,"RUA RODOLFO NICKEL,  245",CENTRO,0
80900,6,1031,ESCOLA PÚBLICA MUNICIPAL PROFESSORA CANDIDA BERTOTTO ZUCATTI,"RODOVIA SC 451 KM 30, S/N",1031,ESCOLA MUNICIPAL PROFESSORA CÂNDIDA BERTOTTO ZUCATTI,"RODOVIA SC 451 KM 30, S/N",KM 30,0
81990,22,1015,ESCOLA DE EDUCAÇÃO BÁSICA BARÃO DE ANTONINA,"RUA MARECHAL DEODORO DA FONSECA, 484, 3647 0458",1015,ESCOLA DE EDUCAÇÃO BÁSICA BARÃO DE ANTONINA,"RUA MARECHAL DEODORO, 484, 3647 0458",CENTRO,0
81990,22,1023,ESCOLA DE EDUCAÇÃO BÁSICA SANTO ANTÔNIO,"RUA CÂNDIDO DE OLIVEIRA RAMOS, 142, FONE (47) 3647-0351",1023,ESCOLA DE EDUCAÇÃO BÁSICA SANTO ANTÔNIO,"RUA CÂNDIDO DE OLIVEIRA RAMOS, 142, FONE (47) 3647-0351",CENTRO,0
81990,22,1031,ESCOLA DE EDUCAÇÃO BÁSICA PROFESSOR GUSTAVO FRIEDRICH,"RUA JOSÉ FROCH, S/N FONE (47) 3647 0460",1031,ESCOLA DE EDUCAÇÃO BÁSICA PROFESSOR GUSTAVO FRIEDRICH,"RUA JOSÉ FROCH, S/N FONE (47) 3647 0460",RESTINGA,0
81990,22,1040,ESCOLA DE EDUCAÇÃO BÁSICA PROFESSORA MARIA PAULA FERES,"RUA GERMANO NEUNDORF, 1275 - 47 3647 0453",1040,ESCOLA DE EDUCAÇÃO BÁSICA PROFESSORA MARIA PAULA FERES,"RUA GERMANO NEUNDORF, 1275 - 47 3647 0453",VILA NOVA,0
81990,22,1074,ESCOLA DE EDUCAÇÃO BÁSICA PROFESSOR MÁRIO DE OLIVEIRA GOELDNER,"RUA GOVERNADOR JORGE LACERDA, 345, 47 3642-8805",1074,ESCOLA DE EDUCAÇÃO BÁSICA PROFESSOR MÁRIO DE OLIVEIRA GOELDNER,"RUA GOVERNADOR JORGE LACERDA, 345, 47 3642-8805",VILA FERROVIÁRIA,0
81990,22,1082,ESCOLA DE EDUCAÇÃO BÁSICA DOUTOR FRANCISCO IZABEL,"ANTONIO PROCOPIAK, S/N",1082,ESCOLA DE EDUCAÇÃO BÁSICA DOUTOR FRANCISCO IZABEL,"ANTONIO PROCOPIAK, S/N",JARDIM AMÉRICA,0
81990,22,1511,CENTRO DE EDUCAÇÃO MUNICIPAL BEIJA FLOR,"AVENIDA DAS ROSAS, 155",1511,CENTRO DE EDUCAÇÃO MUNICIPAL BEIJA FLOR,"AVENIDA DAS ROSAS, 155",VILA DAS FLORES,0
81990,22,1112,ESCOLA DE EDUCAÇÃO BÁSICA MONTEIRO LOBATO,"RUA ESCOTEIRO SOUZA NETO, 315 FONE (47) 3647 0306",1112,ESCOLA DE EDUCAÇÃO BÁSICA MONTEIRO LOBATO,"RUA ESCOTEIRO SOUZA NETO, 315 FONE (47) 3647 0306",VISTA ALEGRE,0
81990,22,1120,ESCOLA MUNICIPAL DE EDUCAÇÃO BÁSICA AVENCAL DO SALTINHO,ESTRADA PRINCIPAL DE AVENCAL DO SALTINHO,1120,ESCOLA MUNICIPAL DE EDUCAÇÃO BÁSICA AVENCAL DO SALTINHO,ESTRADA PRINCIPAL DE AVENCAL DO SALTINHO,AVENCAL DO SALTINHO,0
81990,22,1139,ESCOLA MUNICIPAL DE EDUCAÇÃO BÁSICA AUGUSTA VITÓRIA,ESTRADA PRINCIPAL DE AUGUSTA VITÓRIA,1139,ESCOLA MUNICIPAL DE EDUCAÇÃO BÁSICA AUGUSTA VITÓRIA,ESTRADA PRINCIPAL DE AUGUSTA VITÓRIA,AUGUSTA VITÓRIA,0
81990,22,1147,ESCOLA DE EDUCAÇÃO BÁSICA HERCÍLIO BUCH,"ESTRADA DONA FRANCISCA, 219",1147,ESCOLA DE EDUCAÇÃO BÁSICA HERCÍLIO BUCH,"ESTRADA DONA FRANCISCA, 219",BELA VISTA DO SUL,0
81990,22,1155,SALÃO DA CAPELA SÃO PEDRO E SÃO PAULO,ESTRADA PRINCIPAL DE RIO BRANCO II,1155,SALÃO DA CAPELA SÃO PEDRO E SÃO PAULO,ESTRADA PRINCIPAL DE RIO BRANCO II,RIO BRANCO II,0
81990,22,1163,SALÃO DA CAPELA SANTA TEREZINHA,ESTRADA PRINCIPAL CAMPO SÃO LOURENÇO,1163,SALÃO DA CAPELA SANTA TEREZINHA,ESTRADA PRINCIPAL CAMPO SÃO LOURENÇO,CAMPO SÃO LOURENÇO,0
81990,22,1171,ESCOLA MUNICIPAL DE EDUCAÇÃO BÁSICA VEREADOR EVALDO STEIDEL,"RUA OVANDE STEIDEL, S/N",1171,ESCOLA MUNICIPAL DE EDUCAÇÃO BÁSICA VEREADOR EVALDO STEIDEL,"RUA OVANDE STEIDEL, S/N",SALTINHO DO CANIVETE,0
81990,22,1198,SALÃO DA IGREJA DIVINO ESPÍRITO SANTO,ESTRADA ADJACENTE BUTIÁ DO LAGEADO,1198,SALÃO DA IGREJA DIVINO ESPÍRITO SANTO,ESTRADA ADJACENTE BUTIÁ DO LAGEADO,BUTIÁ DO LAGEADO,0
81990,22,1201,ESCOLA ISOLADA PASSO DA CRUZ,ESTRADA PRINCIPAL DE PASSO DA CRUZ,1201,ESCOLA ISOLADA PASSO DA CRUZ,ESTRADA PRINCIPAL DE PASSO DA CRUZ,GENERAL BRITO,0
81990,22,1236,ESCOLA MUNICIPAL DE ENSINO FUNDAMENTAL SÃO LOURENÇO,"ESTRADA EXPEDICIONÁRIO ANASTÁCIO KONOPKA, S/N",1236,ESCOLA MUNICIPAL DE ENSINO FUNDAMENTAL SÃO LOURENÇO,"ESTRADA EXPEDICIONÁRIO ANASTÁCIO KONOPKA, S/N",SÃO LOURENÇO,0
81990,22,1244,SALÃO DA PARÓQUIA SÃO VICENTE DE PAULO,ESTRADA PRINCIPAL BUTIÁ DOS TABORDAS,1244,SALÃO DA PARÓQUIA SÃO VICENTE DE PAULO,ESTRADA PRINCIPAL BUTIÁ DOS TABORDAS,BUTIÁ DOS TABORDAS,0
81990,22,1252,ESCOLA DE EDUCAÇÃO BÁSICA JOVINO LIMA,"RUA RAMIRO RUTHES, S/N FONE (47) 3647 0307",1252,ESCOLA DE EDUCAÇÃO BÁSICA JOVINO LIMA,"RUA RAMIRO RUTHES, S/N FONE (47) 3647 0307",ESPIGÃO DO BUGRE,0
81990,22,1260,ESCOLA MUNICIPAL DE ENSINO BÁSICO COLÔNIA RUTHES,"ESTRADA PRINCIPAL COLÔNIA RUTHES, S/N",1260,ESCOLA MUNICIPAL DE ENSINO BÁSICO COLÔNIA RUTHES,"ESTRADA PRINCIPAL COLÔNIA RUTHES, S/N",VILA RUTHES,0
81990,22,1414,ESCOLA MUNICIPAL DE ENSINO FUNDAMENTAL RIO DA AREIA DO MEIO,ESTRADA PRINCIPAL DE RIO DA AREIA DO MEIO,1414,ESCOLA MUNICIPAL DE ENSINO FUNDAMENTAL RIO DA AREIA DO MEIO,ESTRADA PRINCIPAL DE RIO DA AREIA DO MEIO,RIO DA AREIA DO MEIO,0
81990,22,1287,ESCOLA ISOLADA MUNICIPAL LEOPOLDO GREIN,ESTRADA PRINCIPAL DE LEOPOLDO GREIN,1287,ESCOLA ISOLADA MUNICIPAL LEOPOLDO GREIN,ESTRADA PRINCIPAL DE LEOPOLDO GREIN,VILA GREIN,0
81990,22,1295,SALÃO DA CAPELA CRISTO REI,"RODOVIA BR 280, KM 157",1295,SALÃO DA CAPELA CRISTO REI,"RODOVIA BR 280, KM 157",VILA PSCHEIDT,0
81990,22,1376,SALÃO DA IGREJA SANTA CRUZ,"BR 280, KM 149/150",1376,SALÃO DA IGREJA SANTA CRUZ,"BR 280, KM 149/150",AVENCAL DO MEIO,0
81990,22,1325,ESCOLA MUNICIPAL DE ENSINO BÁSICO BITUVINHA,"ESTRADA PRINCIPAL DE BITUVINHA, S/N",1325,ESCOLA MUNICIPAL DE ENSINO BÁSICO BITUVINHA,"ESTRADA PRINCIPAL DE BITUVINHA, S/N",BITUVINHA,0
81990,22,1384,ESCOLA MUNICIPAL DE ENSINO BÁSICO AVENCAL DE SÃO SEBASTIÃO,ESTRADA ADJACENTE AVENCAL DE CIMA,1384,ESCOLA MUNICIPAL DE ENSINO BÁSICO AVENCAL DE SÃO SEBASTIÃO,ESTRADA ADJACENTE AVENCAL DE CIMA,AVENCAL DE CIMA,0
81990,22,1392,SALÃO DA CAPELA NOSSA SENHORA DO ROSÁRIO,ESTRADA AVENCAL SÃO PEDRO,1392,SALÃO DA CAPELA NOSSA SENHORA DO ROSÁRIO,ESTRADA AVENCAL SÃO PEDRO,AVENCAL SÃO PEDRO,0
81990,22,1406,SALÃO 13 DE MAIO - CAPELA NOSSA SENHORA DE FÁTIMA,ESTRADA PRINCIPAL AREIA DE BAIXO,1406,SALÃO 13 DE MAIO - CAPELA NOSSA SENHORA DE FÁTIMA,ESTRADA PRINCIPAL AREIA DE BAIXO,RIO DA AREIA DE BAIXO,0
81990,22,1465,CENTRO DE EDUCAÇÃO INFANTIL MUNICIPAL PORTÃO SÃO LOURENÇO,ESTRADA PRINCIPAL DE SÃO LOURENÇO,1465,CENTRO DE EDUCAÇÃO INFANTIL MUNICIPAL PORTÃO SÃO LOURENÇO,ESTRADA PRINCIPAL DE SÃO LOURENÇO,SÃO LOURENÇO,0
81990,22,1481,SALÃO DA IGREJA NOSSA SENHORA DE FÁTIMA,ESTRADA PRINCIPAL DO RIO DO CEDRO,1481,SALÃO DA IGREJA NOSSA SENHORA DE FÁTIMA,ESTRADA PRINCIPAL DO RIO DO CEDRO,RIO DO CEDRO,0
81990,22,1490,ESCOLA MUNICIPAL DE ENSINO BÁSICO BENEMÉRITO FELIPE CARVALHO MARTINS,"ESTRADA PRINCIPAL DE BUTIAZINHO DE CIMA, S/N",1490,ESCOLA MUNICIPAL DE ENSINO BÁSICO BENEMÉRITO FELIPE CARVALHO MARTINS,"ESTRADA PRINCIPAL DE BUTIAZINHO DE CIMA, S/N",BUTIÁ DOS CARVALHOS,0
81990,22,1520,SALÃO DA IGREJA SÃO JOÃO BATISTA,ESTRADA ADJACENTE CAMPINA KONKEL,1520,SALÃO DA IGREJA SÃO JOÃO BATISTA,ESTRADA ADJACENTE CAMPINA KONKEL,CAMPINA KONKEL,0
81990,22,1538,SALÃO DA IGREJA NOSSA SENHORA DA GLÓRIA,ESTRADA PRINCIPAL DA PEDRA FINA,1538,SALÃO DA IGREJA NOSSA SENHORA DA GLÓRIA,ESTRADA PRINCIPAL DA PEDRA FINA,BUTIÁ DA PEDRA FINA,0
81990,22,1546,ESCOLA DE ENSINO FUNDAMENTAL CRISTO REI,"RUA JOSÉ STOEBEL, 451",1546,ESCOLA DE ENSINO FUNDAMENTAL CRISTO REI,"RUA JOSÉ STOEBEL, 451",FAXINAL,0
81990,22,1562,ESCOLA DE EDUCAÇÃO BÁSICA TENENTE ARY RAUEN,"RUA CAPITÃO JOÃO BLEY, 600",1562,ESCOLA DE EDUCAÇÃO BÁSICA TENENTE ARY RAUEN,"RUA CAPITÃO JOÃO BLEY, 600",VILA IVETE,0
81990,22,1597,PRESÍDIO REGIONAL DE MAFRA,"RUA GETULIO VARGAS, 604",1597,PRESÍDIO REGIONAL DE MAFRA,"RUA GETULIO VARGAS, 604",CENTRO,
82015,53,1015,ESCOLA DE EDUCACAO BASICA MANOEL VICENTE GOMES,"RUA JOAQUIM SILVEIRA, 114",1015,ESCOLA DE EDUCACAO BASICA MANOEL VICENTE GOMES,"RUA JOAQUIM SILVEIRA, 114",CENTRO,0
82015,53,1023,ESCOLA DE EDUCAÇÃO BÁSICA PROFESSOR TERCILIO BASTOS,"ESTRADA GERAL, S/N",1023,ESCOLA DE EDUCAÇÃO BÁSICA PROFESSOR TERCILIO BASTOS,"ESTRADA GERAL, S/N",DISTRITO DE PINHEIRAL,0
82015,53,1031,ESCOLA MUNICIPAL JOSEFINA BOITEUX,"ESTRADA GERAL, S/N",1031,ESCOLA MUNICIPAL JOSEFINA BOITEUX,"ESTRADA GERAL, S/N",BOITEUXBURGO,0
82015,53,1074,ESCOLA MUNICIPAL BOA ESPERANCA,"ESTRADA GERAL, S/N",1074,ESCOLA MUNICIPAL BOA ESPERANCA,"ESTRADA GERAL, S/N",LOCALIDADE DE BOA ESPERANÇA,0
82015,53,1082,POSTO DE SAÚDE NOVA GALÍCIA,"ESTRADA GERAL, S/N",1082,POSTO DE SAÚDE NOVA GALÍCIA,"ESTRADA GERAL, S/N",LOCALIDADE DE NOVA GALICIA,0
82031,8,1015,ESCOLA DE EDUCAÇÃO BÁSICA LUIZ DAVET,"RUA LUIZ DAVET, 1193",1015,ESCOLA DE EDUCAÇÃO BÁSICA LUIZ DAVET,"RUA LUIZ DAVET, 1193",CENTRO,0
82031,8,1023,ESCOLA BÁSICA DRAUSIO CELESTINO CUNHA,"RUA PRINCIPAL, S/N",1023,ESCOLA BÁSICA DRAUSIO CELESTINO CUNHA,"RUA PRINCIPAL, S/N",RIO CLARO,0
82031,8,1031,CLUBE DE MÃES NOSSA SENHORA DA GUIA DO PAIOL,"RUA PRINCIPAL, S/N",1031,PAVILHÃO DA IGREJA DE PAIOL VELHO,"RUA PRINCIPAL, S/N",PAIOL VELHO,0
82031,8,1040,ESCOLA BÁSICA FREI ANDRÉ MALINSKI,"RUA PRINCIPAL, S/N",1040,ESCOLA BÁSICA FREI ANDRÉ MALINSKI,"RUA PRINCIPAL, S/N",RIO NOVO,0
82031,8,1058,PAVILHÃO DA IGREJA DE PULADOR,"RUA PRINCIPAL, S/N",1058,PAVILHÃO DA IGREJA DE PULADOR,"RUA PRINCIPAL, S/N",PULADOR,0
82031,8,1066,SALÃO DA IGREJA DE AGUDOS - SÃO ROQUE,"RUA PRINCIPAL, S/N",1066,PAVILHÃO DA IGREJA DE AGUDOS - SÃO ROQUE,"RUA PRINCIPAL, S/N",AGUDOS - SÃO ROQUE,0
82031,8,1074,PAVILHÃO DA IGREJA DE RIO VERMELHO,"RUA PRINCIPAL, S/N",1074,PAVILHÃO DA IGREJA DE RIO VERMELHO,"RUA PRINCIPAL, S/N",RIO VERMELHO,0
82031,8,1082,PAVILHÃO DA IGREJA DE LAGEADO LISO,"RUA PRINCIPAL, S/N",1082,PAVILHÃO DA IGREJA DE LAGEADO LISO,"RUA PRINCIPAL, S/N",LAGEADO LISO,0
82031,8,1104,PAVILHÃO DA IGREJA DE COLÔNIA SANTO ANTÔNIO,"RUA PRINCIPAL, S/N",1104,PAVILHÃO DA IGREJA DE COLÔNIA SANTO ANTÔNIO,"RUA PRINCIPAL, S/N",COLÔNIA SANTO ANTÔNIO,0
82031,8,1112,PAVILHÃO DA IGREJA DE SERRA PRETA,"RUA PRINCIPAL, S/N",1112,PAVILHÃO DA IGREJA DE SERRA PRETA,"RUA PRINCIPAL, S/N",SERRA PRETA,0
82031,8,1120,PAVILHÃO DA IGREJA DE COLÔNIA RUTHES,"RUA PRINCIPAL, S/N",1120,PAVILHÃO DA IGREJA DE COLÔNIA RUTHES,"RUA PRINCIPAL, S/N",COLÔNIA RUTHES,0
83917,1,1015,ESCOLA DE EDUCAÇÃO BÁSICA MANOEL GOMES BALTAZAR,"RUA PEDRO ROCHA, N. 111",1015,ESCOLA DE EDUCAÇÃO BÁSICA MANOEL GOMES BALTAZAR,"RUA PEDRO ROCHA, N. 111",CENTRO,0
83917,1,1023,ESCOLAS DE EDUCAÇÃO BÁSICA MUNICIPAL  ENCRUZO DO BARRO VERMELHO,"RUA MAR, S/N",1023,ESCOLAS DE EDUCAÇÃO BÁSICA MUNICIPAL MARIA LIBANIA MACHADO,"RUA MAR, S/N",ENCRUZO DO BARRO VERMELHO,0
83917,1,1031,ESCOLA ISOLADA NATÁLE ACORDE,"RUA DA EMBLATEL, S/N",1031,ESCOLA ISOLADA NATÁLE ACORDE,"RUA DA EMBLATEL, S/N",ESPIGAO DA TOCA,0
83917,1,1040,SALÃO PAROQUIAL CEDRO,"ESTRADA GERAL CEDRO, S/N",1040,SALÃO PAROQUIAL CEDRO,"ESTRADA GERAL CEDRO, S/N",CEDRO,0
83917,1,1058,CENTRO COMUNITÁRIO GARAJUVA,"ESTRADA GERAL, S/N",1058,CENTRO COMUNITÁRIO GARAJUVA,"ESTRADA GERAL, S/N",GARAJUVA,0
83917,1,1066,ESCOLA DE EDUCAÇÃO BÁSICA EUFRÁZIO AVELINO ROCHA,"RUA EUFRÁZIO AVELINO ROCHA, N. 115",1066,ESCOLA DE EDUCAÇÃO BÁSICA EUFRÁZIO AVELINO ROCHA,"RUA EUFRÁZIO AVELINO ROCHA, N. 115",VILA BEATRIZ,0
82058,58,1015,ESCOLA DE EDUCAÇÃO BÁSICA NOSSA SENHORA DA SALETE,"TRAVESSA ELÓI LUIZ DADAN, N. 28",1015,ESCOLA DE EDUCAÇÃO BÁSICA NOSSA SENHORA DA SALETE,"TRAVESSA ELÓI LUIZ DADAN, N. 28",CENTRO,0
82058,58,1023,CENTRO EDUCACIONAL VEREADOR RAYMUNDO VEIT,"AVENIDA PRESIDENTE KENNEDY, N. 334",1023,CENTRO EDUCACIONAL VEREADOR RAYMUNDO VEIT,"AVENIDA PRESIDENTE KENNEDY, N. 334",CENTRO,0
82058,58,1031,ESCOLA DE EDUCAÇÃO BÁSICA JOÃO XXIII,"RUA SÃO FRANCISCO,  N. 119",1031,ESCOLA DE EDUCAÇÃO BÁSICA JOÃO XXIII,"RUA SÃO FRANCISCO,  N. 119",CENTRO,0
82058,58,1392,SALÃO COMUNITÁRIO - LINHA CONSOLADORA,LINHA CONSOLADORA,1392,SALÃO COMUNITÁRIO - LINHA CONSOLADORA,LINHA CONSOLADORA,LINHA CONSOLADORA,0
82058,58,1139,SALÃO COMUNITÁRIO - LINHA BARRO PRETO,LINHA BARRO PRETO,1139,SALÃO COMUNITÁRIO - LINHA BARRO PRETO,LINHA BARRO PRETO,LINHA BARRO PRETO,0
82058,58,1155,SALÃO COMUNITÁRIO - LINHA SÃO PAULO,LINHA SÃO PAULO,1155,SALÃO COMUNITÁRIO - LINHA SÃO PAULO,LINHA SÃO PAULO,LINHA SÃO PAULO,0
82058,58,1201,SALÃO COMUNITÁRIO - LINHA SANGA SILVA,LINHA SANGA SILVA,1201,SALÃO COMUNITÁRIO - LINHA SANGA SILVA,LINHA SANGA SILVA,LINHA SANGA SILVA,0
82058,58,1236,SALÃO COMUNITÁRIO - LINHA ÁGUA PARADA,LINHA ÁGUA PARADA,1236,SALÃO COMUNITÁRIO - LINHA ÁGUA PARADA,LINHA ÁGUA PARADA,LINHA ÁGUA PARADA,0
82058,58,1279,CENTRO DE EDUCAÇÃO INFANTIL CARROSSEL - LINHA PRIMAVERA,LINHA PRIMAVERA,1279,SALÃO COMUNITÁRIO - LINHA PRIMAVERA,LINHA PRIMAVERA,LINHA PRIMAVERA,0
82058,58,1287,ESCOLA DE EDUCAÇÃO BÁSICA SANTA TEREZINHA,"RUA IGUAÇU, N. 78",1287,ESCOLA DE EDUCAÇÃO BÁSICA SANTA TEREZINHA,"RUA IGUAÇU, N. 78",UNIÃO,0
82058,58,1376,ESCOLA DE ENSINO FUNDAMENTAL JUSCELINO KUBITSCHEK DE OLIVEIRA,"AVENIDA SUL BRASIL, N. 2514",1376,ESCOLA DE ENSINO FUNDAMENTAL JUSCELINO KUBITSCHEK DE OLIVEIRA,"AVENIDA SUL BRASIL, N. 2514",FLORESTA,0
82066,48,1015,ESCOLA DE EDUCAÇÃO BÁSICA PROF. ZELINDO CARBONERA,"RUA ORESTES E ALFREDO MAYER, S/N",1015,ESCOLA DE EDUCAÇÃO BÁSICA PROF. ZELINDO CARBONERA,"RUA ORESTES E ALFREDO MAYER, S/N",CENTRO,0
82066,48,1040,SALÃO COMUNITÁRIO LINHA BALIZA,"ESTRADA GERAL, S/N",1040,SALÃO COMUNITÁRIO LINHA BALIZA,"ESTRADA GERAL, S/N",LINHA BALIZA,0
82066,48,1074,SALÃO COMUNITÁRIO LINHA NOVA UNIÃO,"ESTRADA GERAL, S/N",1074,SALÃO COMUNITÁRIO LINHA NOVA UNIÃO,"ESTRADA GERAL, S/N",LINHA NOVA UNIAO,0
82066,48,1082,SALAS DE CATEQUESE,"ESTRADA GERAL, S/N",1082,SALAS DE CATEQUESE,"ESTRADA GERAL, S/N",LINHA CARL0S GOMES,0
82074,60,1015,E.E.B. GENERAL RONDON,"RUA 11 DE NOVEMBRO, N. 2387",1015,E.E.B. GENERAL RONDON,"RUA 11 DE NOVEMBRO, N. 2387",CENTRO,0
82074,60,1023,E.M.E.F. MINISTRO PEDRO ALEIXO,"RUA DA INTEGRAÇÃO, N. 364",1023,E.M.E.F. MINISTRO PEDRO ALEIXO,"RUA DA INTEGRAÇÃO, N. 364",CENTRO,0
82074,60,1058,C.E.I. PADRE ALDOLINO GUESSER,"RUA GUARANI-AÇU, N. 372",1058,C.E.I. PADRE ALDOLINO GUESSER,"ESTRADA LINHA TELEGRÁFICA, N. 372",GUARANI-AÇU,0
82074,60,1074,E.E.B. FELIPE MANKE,"RUA MASSARANDUBINHA, N. 2920",1074,E.E.B. FELIPE MANKE,"RUA MASSARANDUBINHA, N. 2920",MASSARANDUBINHA,0
82074,60,1082,C.E.I. PROFESSORA VIDALINA XAVIER,"RUA EXPEDICIONÁRIO LADISLAU LEWANDOSKI, N. 367",1082,C.E.I. PROFESSORA VIDALINA XAVIER,"RUA EXPEDICIONÁRIO LADISLAU LEWANDOSKI, N. 451",BENJAMIN CONSTANT,0
82074,60,1090,SALÃO DA COMUNIDADE NOSSA SENHORA DE FÁTIMA,"RUA FRANCISCO KULLING, S/N",1090,SALÃO DA COMUNIDADE NOSSA SENHORA DE FÁTIMA,"RUA FRANCISCO KULLING, 3170",TREZE DE MAIO,0
82074,60,1180,E.E.F. PADRE BRUNO LINDEN,RUA EXPEDICIONÁRIO BENJAMIN BERRI,1180,E.E.F. PADRE BRUNO LINDEN,"RUA EXPEDICIONÁRIO BENJAMIN BERRI, N. 1520",BENJAMIN CONSTANT,0
82074,60,1120,E.E.B. MARIA KONDER BORNHAUSEN,"ESTRADA GERAL PRIMEIRO BRAÇO DO NORTE, 7440",1120,E.E.B. MARIA KONDER BORNHAUSEN,"ESTRADA GERAL PRIMEIRO BRAÇO DO NORTE, 7440",PRIMEIRO BRAÇO DO NORTE,0
82074,60,1325,E.M.E.F. ALTO LUÍS ALVES,"ESTRADA BRAÇO DIREITO, SN",1325,E.M.E.F. ALTO LUÍS ALVES,"ESTRADA BRAÇO SECO, N. 109",BRAÇO SECO,0
82074,60,1317,UNIDADE BÁSICA DE SAÚDE PROFESSOR DANILO DE TOFFOL,ROD SC 414,1317,UNIDADE BÁSICA DE SAÚDE PROFESSOR DANILO DE TOFFOL,ROD SC 414,BRAÇO DIREITO,0
82074,60,1155,E.M.E.F. PROFESSORA MARIA MACHADO KREUTZFELD,"ESTRADA RIBEIRÃO DA LAGOA, N. 301",1155,E.M.E.F. PROFESSORA MARIA MACHADO KREUTZFELD,"ESTRADA RIBEIRÃO DA LAGOA, N. 301",RIBEIRÃO DA LAGOA,0
82090,25,1015,ESCOLA BASICA DOM DANIEL HOSTIN,"RUA CRUZ E SOUZA, S/N FONE (49) 36721119",1015,ESCOLA BASICA DANIEL HOSTIN,"RUA CRUZ E SOUZA, S/N FONE (49) 36721119",CENTRO,0
82090,25,1112,SALAO PAROQUIAL DA COLONIA CERNE,"RUA GERAL, S/N",1112,SALAO PAROQUIAL DA COLONIA CERNE,"RUA GERAL, S/N",COLONIA CERNE,0
82090,25,1139,SALÃO PAROQUIAL DE CERRO DO GALO,"RUA GERAL, S/N",1139,SALÃO PAROQUIAL DE CERRO DO GALO,"RUA GERAL, S/N",CERRO DO GALO,0
82090,25,1171,ESCOLA ISOLADA ASSENTAMENTO SAO ROQUE,"ESTRADA GERAL, S/N",1171,ESCOLA ISOLADA ASSENTAMENTO SAO ROQUE,"ESTRADA GERAL, S/N",ASSENTAMENTO SAO ROQUE,0
82090,25,1198,SALÃO PAROQUIAL DO ASSENTAMENTO SÃO JOÃO I,"ESTRADA GERAL, S/N",1198,SALÃO DA COMUNIDADE DE SANTA RITA,"ESTRADA GERAL, S/N",ASSENTAMENTO SÃO JOÃO I,0
82112,42,1015,ESCOLA DE EDUCAÇÃO BÁSICA DE MELEIRO,"RUA 7 DE SETEMBRO, N. 600",1015,ESCOLA DE EDUCAÇÃO BÁSICA DE MELEIRO,"RUA 7 DE SETEMBRO, N. 600",CENTRO,0
82112,42,1058,ESCOLA DE EDUCAÇÃO BÁSICA PREFEITO LUIZ DE PELEGRINI,"RUA 14 DE DEZEMBRO, 65",1058,ESCOLA DE EDUCAÇÃO BÁSICA PREFEITO LUIZ DE PELEGRINI,"RUA 14 DE DEZEMBRO, 65",SAPIRANGA,0
82112,42,1236,ESCOLA DE EDUCAÇÃO BÁSICA MUNICIPAL INES TONELLI NAPOLE,"RUA CORONEL VIDAL RAMOS, N. 20",1236,ESCOLA DE EDUCAÇÃO BÁSICA MUNICIPAL INES TONELLI NAPOLE,"RUA CORONEL VIDAL RAMOS, N. 20",CENTRO,0
82112,42,1244,SANGA GRANDE - SALÃO PAROQUIAL,"ESTRADA GERAL, SN",1244,SANGA GRANDE - SALÃO PAROQUIAL,"ESTRADA GERAL, SN",SANGA GRANDE,0
80365,46,1015,ESCOLA DE ENSINO BÁSICA BRUNO HEIDRICH,"RUA BRUNO HEIDRICH, 255",1015,ESCOLA DE ENSINO BÁSICA BRUNO HEIDRICH,"RUA BRUNO HEIDRICH, 255",NOVA ESPERANÇA,0
80365,46,1023,CENTRO EDUCACIONAL GIACOMO ZOMMER,"ESTRADA GERAL, S/N",1023,CENTRO EDUCACIONAL GIACOMO ZOMMER,"ESTRADA GERAL, S/N",PINHALZINHO,0
80365,46,1058,SALÃO DA COMUNIDADE DE ALTO VOLTA GRANDE,"ESTRADA GERAL, S/N",1058,SALÃO DA COMUNIDADE DE ALTO VOLTA GRANDE,"ESTRADA GERAL, S/N",ALTO VOLTA GRANDE,0
80365,46,1040,CENTRO EDUCACIONAL JOÃO CUSTÓDIO MACIEL (BARRA DA PALETA),"ESTRADA GERAL, S/N",1040,CENTRO EDUCACIONAL JOÃO CUSTÓDIO MACIEL (BARRA DA PALETA),"ESTRADA GERAL, S/N",BARRA DA PALETA,0
80365,46,1074,CENTRO EDUCACIONAL DE RIBEIRÃO CAETANO (SERRA VELHA),"ESTRADA GERAL, S/N",1074,COMUNIDADE DIVINO ESPÍRITO SANTO - SERRA VELHA,"ESTRADA GERAL, S/N",SERRA VELHA,0
82139,83,1015,ESCOLA DE EDUCAÇÃO BÁSICA DOM HELDER CÂMARA,"RUA DUQUE DE CAXIAS, 265",1015,ESCOLA DE EDUCAÇÃO BÁSICA DOM HELDER CÂMARA,"RUA DUQUE DE CAXIAS, 265",CENTRO,13
82139,83,1104,ESCOLA MUNICIPAL PROFESSORA GRISELDI MARIA MULLER,"R. CRISTOVÃO COLOMBO, 360",1120,ESCOLA MUNICIPAL PROFESSORA GRISELDI MARIA MULLER,"R. CRISTOVÃO COLOMBO, 360",CENTRO,6
82139,83,1040,GINÁSIO DE ESPORTES DA LINHA JANGUTA,"ESTRADA GERAL, S/N",1040,GINÁSIO DE ESPORTES DA LINHA JANGUTA,"ESTRADA GERAL, S/N",LINHA JANGUTA,10
82139,83,1120,CENTRO COMUNITÁRIO DA PARÓQUIA SÃO JOÃO BOSCO (MULTIUSO),"R. PRESIDENTE VARGAS, S/N",1120,ESCOLA MUNICIPAL PROFESSORA GRISELDI MARIA MULLER,"R. CRISTOVÃO COLOMBO, 360",CENTRO,6
82155,41,1015,ESCOLA DE EDUCACAO BASICA DELMINDA SILVEIRA,"RUA FAULHABER, N. 100",1015,ESCOLA DE EDUCACAO BASICA DELMINDA SILVEIRA,"RUA FAULHABER, N. 100",CENTRO,0
82155,41,1023,CLUBE COMUNITÁRIO DE MONDAIZINHO,"ESTRADA GERAL MONDAIZINHO, S/N",1023,CLUBE COMUNITÁRIO DE MONDAIZINHO,"ESTRADA GERAL MONDAIZINHO, S/N",LINHA MONDAIZINHO,0
82155,41,1031,ESCOLA REUNIDA TAIPA BAIXA,"ESTRADA GERAL, S/N",1031,ESCOLA REUNIDA TAIPA BAIXA,"ESTRADA GERAL, S/N",Linha TAIPA BAIXA,0
82155,41,1040,ASSOCIAÇÃO DOS MORADORES DO PIRAPOCU,"ESTRADA GERAL PIRAPOCU, S/N",1040,ASSOCIAÇÃO DOS MORADORES DO PIRAPOCU,"ESTRADA GERAL PIRAPOCU, S/N",LINHA PIRAPOCU,0
82155,41,1058,SALÃO COMUNITÁRIO DA LINHA PREFERIDO BAIXO,"ESTRADA GERAL PREFERIDO, S/N",1058,SALÃO COMUNITÁRIO DA LINHA PREFERIDO BAIXO,"ESTRADA GERAL PREFERIDO, S/N",LINHA PREFERIDO BAIXO,0
82155,41,1074,SALÃO COMUNITÁRIO DE LINHA ANTAS,"ESTRADA GERAL, S/N",1074,SALÃO COMUNITÁRIO DE LINHA ANTAS,"ESTRADA GERAL, S/N",LINHA ANTAS,0
82155,41,1082,ESCOLA BÁSICA LAJU,"ESTRADA GERAL LAJU, S/N",1082,ESCOLA BÁSICA LAJU,"ESTRADA GERAL LAJU, S/N",LINHA LAJU,0
82155,41,1090,ESCOLA BÁSICA VENDELINO JUNGES - LINHA CATRES,"ESTRADA GERAL, S/N FONE (49) 3877 0382",1090,ESCOLA BÁSICA VENDELINO JUNGES - LINHA CATRES,"ESTRADA GERAL, S/N FONE (49) 3877 0382",LINHA CATRES,0
82155,41,1104,CLUBE COMUNITÁRIO DA LINHA SANGA FORTE,"ESTRADA GERAL, S/N",1104,ESCOLA DA LINHA SANGA FORTE,"ESTRADA GERAL, S/N",LINHA SANGA FORTE,0
82155,41,1112,SALÃO COMUNITÁRIO DA LINHA BARRA ESCONDIDA,"ESTRADA GERAL, S/N",1112,SALÃO COMUNITÁRIO DA LINHA BARRA ESCONDIDA,"ESTRADA GERAL, S/N",LINHA BARRA ESCONDIDA,0
82155,41,1120,SALÃO COMUNITÁRIO DE LINHA ERVAS,"ESTRADA GERAL, S/N",1120,ESCOLA DE LINHA ERVAS,"ESTRADA GERAL, S/N",LINHA ERVAS,0
82155,41,1139,SALÃO COMUNITÁRIO DE LINHA TIGRE,"ESTRADA GERAL, S/N",1139,SALÃO COMUNITÁRIO DE LINHA TIGRE,"ESTRADA GERAL, S/N",LINHA TIGRE,0
82155,41,1155,SALÃO COMUNITÁRIO DE LINHA ALTO MONDAIZINHO,"ESTRADA GERAL, S/N",1155,SALÃO COMUNITÁRIO DE LINHA ALTO MONDAIZINHO,"ESTRADA GERAL, S/N",LINHA ALTO MONDAIZINHO,0
82155,41,1171,SALÃO COMUNITÁRIO DE LINHA SABIÁ,"ESTRADA GERAL, S/N",1171,SALÃO COMUNITÁRIO DE LINHA SABIÁ,"ESTRADA GERAL, S/N",LINHA SABIÁ,0
82155,41,1228,ESCOLA DE ENSINO FUNDAMENTAL E INFANTIL PROFESSORA GESSY SPIER AVERBEC,"AVENIDA DO ENGENHO, 1287",1228,ESCOLA DE ENSINO FUNDAMENTAL E INFANTIL PROFESSORA GESSY SPIER AVERBEC,"AVENIDA DO ENGENHO, 1287",FLORESTA,0
82155,41,1236,ESCOLA BÁSICA PROFESSORA ELIZABETH RAMMINGER,"RUA ANTAS, 557",1236,ESCOLA BÁSICA PROFESSORA ELIZABETH RAMMINGER,"RUA ANTAS, 557",ANTAS,0
80004,77,1090,ESCOLA DE EDUCAÇÃO BÁSICA MARINO PISANI,RUA MARINO PISANI,1090,ESCOLA DE EDUCAÇÃO BÁSICA MARINO PISANI,RUA MARINO PISANI,CENTRO,0
80004,77,1023,ESCOLA DE ED. BÁSICA PROF. VIRGINIA PAULINA DA SILVA GONÇALVES,"RUA CÂNDIDA CORREA BECKER, 55",1023,ESCOLA DE ED. BÁSICA PROF. VIRGINIA PAULINA DA SILVA GONÇALVES,"RUA CÂNDIDA CORREA BECKER, 55",CENTRO,0
80004,77,1031,SALÃO DA IGREJA DO BUTIAZINHO,"ESTRADA GERAL, S/N",1031,SALÃO DA IGREJA DO BUTIAZINHO,"ESTRADA GERAL, S/N",BUTIAZINHO,0
80004,77,1058,EEBM OLGA FORTES,RUA CARLOS DE OLIVEIRA PRATES,1104,ESCOLA DE EDUCAÇÃO BÁSICA MUNICIPAL CARLOS PISANI,"RUA MARIA DE LURDES, 209",PÔR DO SOL,2
82171,81,1015,ESCOLA DE EDUCAÇÃO BÁSICA FRANCISCO NICOLAU FUCK,"RODOVIA BR 116 KM 99, S/N",1015,ESCOLA DE EDUCAÇÃO BÁSICA FRANCISCO NICOLAU FUCK,"RODOVIA BR 116 KM 99, S/N",RESIDÊNCIA FUCK,0
82171,81,1244,ESCOLA ISOLADA MUNICIPAL DE ATERRADO ALTO,"MARGEM BR 116 KM 82, S/N",1244,ESCOLA  MUNICIPAL ERNESTO GREIN FILHO-ATERRADO ALTO,"MARGEM BR 116 KM 82, S/N",ATERRADO ALTO,0
82171,81,1031,ESCOLA DE EDUCAÇÃO BÁSICA VALENTIM GONÇALVES RIBEIRO,"RUA XV DE NOVEMBRO, 295",1031,ESCOLA DE EDUCAÇÃO BÁSICA VALENTIM GONÇALVES RIBEIRO,"RUA XV DE NOVEMBRO, 295",RIO DAS ANTAS,0
82171,81,1066,ESCOLA DO ASSENTAMENTO DA ASSOCIAÇÃO SÃO BRAZ E SÃO LUIZ,"ESTRADA GERAL, PRÓXIMO AO KM 98 DA FERROVIA, S/N",1066,ESCOLA DO ASSENTAMENTO,"ESTRADA GERAL, PRÓXIMO AO KM 98 DA FERROVIA, S/N",RIO DA SERRA,0
82171,81,1058,ESCOLA DE EDUCAÇÃO BÁSICA PEDRO GONÇALVES RIBEIRO,"ESTRADA GERAL, S/N",1058,ESCOLA DE EDUCAÇÃO BÁSICA PEDRO GONÇALVES RIBEIRO,"ESTRADA GERAL, S/N",RODEIO GRANDE,0
82171,81,1074,ESCOLA ISOLADA MUNICIPAL LAGEADINHO,"RODOVIA BR 116 KM 90, S/N",1074,ESCOLA ISOLADA MUNICIPAL LAGEADINHO,"RODOVIA BR 116 KM 90, S/N",LAGEADINHO,0
82198,34,1015,ESCOLA DE EDUCAÇÃO BÁSICA PRINCESA ISABEL,"RUA QUINZE DE NOVEMBRO, N. 437",1015,ESCOLA DE EDUCAÇÃO BÁSICA PRINCESA ISABEL,"RUA QUINZE DE NOVEMBRO, N. 437",CENTRO,0
82198,34,1040,ESCOLA DE ENSINO FUNDAMENTAL MUNICIPAL PROFESSOR AGENOR,RUA PROFESSOR FIORAVANTE ESPINDOLA. 255,1040,ESCOLA DE ENSINO FUNDAMENTAL MUNICIPAL PROFESSOR AGENOR,RUA PROFESSOR FIORAVANTE ESPINDOLA. 255,JUSSARA,0
82198,34,1120,ESCOLA DE EDUCAÇÃO BÁSICA MUNICIPAL MAURINA DE SOUZA PATRÍCIO,"AVENIDA  MIGUEL TEIXEIRA, N. 88",1120,ESCOLA DE EDUCAÇÃO BÁSICA MUNICIPAL MAURINA DE SOUZA PATRÍCIO,"AVENIDA  MIGUEL TEIXEIRA, N. 88",GRAZIELA,0
82198,34,1058,ESCOLA DE EDUCAÇÃO BÁSICA VICENTE GUOLLO,"RUA VINTE DE MAIO, N. 1850",1058,ESCOLA DE EDUCAÇÃO BÁSICA VICENTE GUOLLO,"CAETANO JOSÉ ALMEIDA, SN",NASPOLINI,0
82198,34,1066,ESCOLA DE EDUCAÇÃO BÁSICA MUNICIPAL PIETRO MACCARI,"AV ANTONIO DE COSTA, N. 440",1066,ESCOLA DE EDUCAÇÃO BÁSICA MUNICIPAL PIETRO MACCARI,"AV ANTONIO DE COSTA, N. 440",DE COSTA,0
82198,34,1074,ESCOLA DE EDUCAÇÃO BÁSICA VITÓRIO BÚRIGO,"RUA VITÓRIO BÚRIGO,  N. 74",1074,ESCOLA DE EDUCAÇÃO BÁSICA VITÓRIO BÚRIGO,"RUA VITÓRIO BÚRIGO,  N. 74",ESTACAO COCAL,0
82198,34,1082,ESCOLA DE EDUCAÇÃO BÁSICA MUNICIPAL LUIZ CASAGRANDE,"RUA LUIZ CASAGRANDE, S/N",1082,ESCOLA DE EDUCAÇÃO BÁSICA MUNICIPAL LUIZ CASAGRANDE,"RUA LUIZ CASAGRANDE, S/N",MINA FLUORITA,0
82198,34,1090,SALÃO DE FESTAS DA IGREJA DE LINHA TORRENS,"RODOVIA MUNICIPAL TRANQUILO SARTOR, S/N",1090,SALÃO DE FESTAS DA IGREJA DE LINHA TORRENS,"RODOVIA MUNICIPAL TRANQUILO SARTOR, S/N",LINHA TORRENS,0
81086,42,1015,ESCOLA MUNICIPAL DE ENSINO FUNDAMENTAL PREF. DÁRIO CREPALDI,"RODOVIA MUNICIPAL MARLENE PIAZZA ZUCHINALI, 860",1015,ESCOLA MUNICIPAL DE ENSINO FUNDAMENTAL PREF. DÁRIO CREPALDI,"RODOVIA MUNICIPAL MARLENE PIAZZA ZUCHINALI, 860",NOVA ROMA,0
81086,42,1023,ESCOLA DE EDUCAÇÃO BÁSICA ANA MACHADO DAL TOÉ,"RUA ARTIDORIO ROSSO, SN",1023,ESCOLA DE EDUCAÇÃO BÁSICA ANA MACHADO DAL TOÉ,"RUA ARTIDORIO ROSSO, SN",CENTRO,0
82210,106,1015,ESCOLA DE EDUCAÇÃO BÁSICA PROFESSORA JÚLIA MIRANDA DE SOUZA,"RUA 14 DE MAIO, 440",1015,ESCOLA DE EDUCAÇÃO BÁSICA PROFESSORA JÚLIA MIRANDA DE SOUZA,"RUA ANIBAL GAYA, 440",CENTRO,21
82210,106,1031,ESCOLA DE EDUCAÇÃO BÁSICA PROFESSORA PAULINA GAYA,"RUA JOSÉ FRANCISCO LAURINDO, N. 1679",1031,ESCOLA DE EDUCAÇÃO BÁSICA PROFESSORA PAULINA GAYA,"RUA JOSÉ FRANCISCO LAURINDO, N. 1679",SÃO DOMINGOS,0
82210,106,1040,ESCOLA DE EDUCAÇÃO BÁSICA ADELAIDE KONDER,"RUA SANTOS MACCARINI, N. 350",1040,ESCOLA DE EDUCAÇÃO BÁSICA ADELAIDE KONDER,"RUA SANTOS MACCARINI, N. 350",MACHADOS,0
82210,106,1058,ESCOLA MUNICIPAL PROFESSORA MARIA TEREZA LEAL,"RUA FRANCISCO MIGUEL NUNES, N 528",1058,ESCOLA MUNICIPAL PROFESSORA MARIA TEREZA LEAL,"RUA FRANCISCO MIGUEL NUNES, N 528",PORTO ESCALVADO,0
82210,106,1066,ESCOLA DE EDUCAÇÃO BÁSICA SÃO JOSÉ,"RUA LAURECI SOARES DA SILVA, N 3822",1066,ESCOLA DE EDUCAÇÃO BÁSICA SÃO JOSÉ,"RUA LAURECI SOARES DA SILVA, N 3822",ESCALVADOS,0
82210,106,1082,ESCOLA DE EDUCAÇÃO BÁSICA PROFESSORA IRENE ROMÃO,"RUA JOÃO HERCÍLIO DA LUZ, 132",1082,ESCOLA DE EDUCAÇÃO BÁSICA PROFESSORA IRENE ROMÃO,"RUA JOÃO HERCÍLIO DA LUZ, 132",SÃO PEDRO,0
82210,106,1090,ESCOLA MUNICIPAL PROFESSORA ELSIR BERNADETE GAYA MÜLLER,"RUA VICENTE HONORATO COELHO, N. 500",1090,ESCOLA MUNICIPAL PROFESSORA ELSIR BERNADETE GAYA MÜLLER,"RUA VICENTE HONORATO COELHO, N. 500",CENTRO,0
82210,106,1295,CEM PROF NEUSA MARIA REBELLO VIEIRA,"R. JOSE ALCEBIADES LAURENTINO, 350",1295,CEM PROF NEUSA MARIA REBELLO VIEIRA,"R. JOSE ALCEBIADES LAURENTINO, 350",CENTRO,
82210,106,1112,ESCOLA MUNICIPAL IZILDA REISER MAFRA,"RUA PREFEITO MANOEL EVALDO MULLER, N. 4805",1112,ESCOLA MUNICIPAL IZILDA REISER MAFRA,"RUA PREFEITO MANOEL EVALDO MULLER, N. 4805",VOLTA GRANDE,0
82210,106,1147,ESCOLA MUNICIPAL PROFESSORA BADIA DE FARIA,"RUA TANCREDO NEVES, N 720",1147,ESCOLA MUNICIPAL PROFESSORA BADIA DE FARIA,"RUA TANCREDO NEVES, N 720",HUGO DE ALMEIDA,0
82210,106,1163,ESCOLA ISOLADA MUNICIPAL PROFESSORA IDILIA MACHADO FERREIRA,"RUA ONÓRIO BORTOLATTO, N. 2395",1163,ESCOLA ISOLADA MUNICIPAL PROFESSORA IDILIA MACHADO FERREIRA,"RUA ONÓRIO BORTOLATTO, N. 2395",PEDREIRAS,0
82210,106,1171,ESCOLA MUNICIPAL PROFESSORA VERGÍNIA GUEDES LEMOS,"ESTRADA GERAL DE ESCALVADINHOS, S/N",1171,ESCOLA MUNICIPAL PROFESSORA VERGÍNIA GUEDES LEMOS,"ESTRADA GERAL DE ESCALVADINHOS, S/N",ESCALVADINHOS,0
82210,106,1180,CENTRO MUNICIPAL DE EDUCAÇÃO INFANTIL PROF. NAZIR RODRIGUES REBELLO,"RUA NATIVIDADE COSTA, N. 335",1180,CENTRO MUNICIPAL DE EDUCAÇÃO INFANTIL PROF. NAZIR RODRIGUES REBELLO,"RUA NATIVIDADE COSTA, N. 335",SÃO DOMINGOS,0
82210,106,1198,ESCOLA MUNICIPAL PROFESSORA ROSA MARIA XAVIER DE ARAÚJO,"RUA LAUDELINO FIRMINO DE NOVAES, N. 391",1198,ESCOLA MUNICIPAL PROFESSORA ROSA MARIA XAVIER DE ARAÚJO,"RUA LAUDELINO FIRMINO DE NOVAES, N. 391",MEIA PRAIA,0
82210,106,1201,ESCOLA MUNICIPAL PROFESSORA ILKA MÜLLER DE MELLO,"RUA JOSÉ COUTO, N 126",1201,ESCOLA MUNICIPAL PROFESSORA ILKA MÜLLER DE MELLO,"RUA JOSÉ COUTO, N 126",BALNEÁRIO GRAVATÁ,0
82210,106,1210,ESCOLA MUNICIPAL PROFESSORA MARIA IVONE MULLER DOS SANTOS,"RUA  FRANCISCO DE PAULA SEARA, 300",1210,ESCOLA MUNICIPAL PROFESSORA MARIA IVONE MULLER DOS SANTOS,"RUA  FRANCISCO DE PAULA SEARA, 300",SÃO PAULO,0
82210,106,1287,C.E.M PROFª GIOVANA SOARES DA CUNHA,"RUA FRANCISCO DE PAULA SEARA, 685",1287,C.E.M PROFª GIOVANA SOARES DA CUNHA,"RUA FRANCISCO DE PAULA SEARA, 685",SÃO PAULO,
82210,106,1228,CAIC - CENTRO EDUCACIONAL PROFESSORA MARIA DE LOURDES COUTO CABRAL,"RUA JOSÉ INACIO DA SILVA, N 150",1228,CAIC - CENTRO EDUCACIONAL PROFESSORA MARIA DE LOURDES COUTO CABRAL,"RUA JOSÉ INACIO DA SILVA, N 150",NOSSA SENHORA DAS GRAÇAS,0
82210,106,1236,CENTRO EDUCACIONAL MUNICIPAL PROFESSORA CLARINDA MARIA GAYA,RUA NEREU LIBERATO NUNES S/N,1236,CENTRO EDUCACIONAL MUNICIPAL PROFESSORA CLARINDA MARIA GAYA,RUA NEREU LIBERATO NUNES S/N,SÃO DOMINGOS,0
82210,106,1244,ESCOLA BÁSICA MUNICIPAL PROF. VILNA CORRÊA PRETTI,"RUA AVELINA DOS SANTOS BAPTISTA, 197",1244,ESCOLA BÁSICA MUNICIPAL PROF. VILNA CORRÊA PRETTI,"RUA AVELINA DOS SANTOS BAPTISTA, 197",SÃO DOMINGOS,0
82210,106,1260,CENTRO EDUCACIONAL MUNICIPAL PROFESSORA LEONORA SCHMITZ,"RUA HENRIQUE JULIÃO, N. 110",1260,CENTRO EDUCACIONAL MUNICIPAL PROFESSORA LEONORA SCHMITZ,"RUA HENRIQUE JULIÃO, N. 110",BALNEÁRIO GRAVATÁ,0
82210,106,1279,C.E.M. PROFª MARIA HOSTIM DA COSTA,RUA HERCILIO ROCHA WEBER,1279,C.E.M. PROFª MARIA HOSTIM DA COSTA,RUA HERCILIO ROCHA WEBER,PORTO DAS BALSAS,
82236,66,1015,ESCOLA DE EDUCAÇÃO BÁSICA RUDOLFO LUZINA,"AVENIDA FRANCISCO FERDINANDO LUZINA, N. 187",1015,ESCOLA DE EDUCAÇÃO BÁSICA RUDOLFO LUZINA,"AVENIDA FRANCISCO FERDINANDO LUZINA, N. 187",CENTRO,0
82236,66,1023,ESCOLA REUNIDA MUNICIPAL PROFESSORA LYDIA FRANZON DONDONI,"AVENIDA FRANCISCO FERDINANDO LUZINA, N. 163",1023,ESCOLA REUNIDA MUNICIPAL PROFESSORA LYDIA FRANZON DONDONI,"AVENIDA FRANCISCO FERDINANDO LUZINA, N. 163",CENTRO,0
82236,66,1031,GINÁSIO DE ESPORTES DA LINHA SÃO JOSÉ,"RODOVIA BR 282, KM 576, S/N",1031,GINÁSIO DE ESPORTES DA LINHA SÃO JOSÉ,"RODOVIA BR 282, KM 576, S/N",LINHA SÃO JOSÉ,0
80322,66,1015,E.E.B. DOUTOR SERAFIM ENOSS BERTASO,"AVENIDA PROGRESSO, N. 841",1015,E.E.B. DOUTOR SERAFIM ENOSS BERTASO,"AVENIDA PROGRESSO, N. 841",CENTRO,0
80322,66,1023,SALÃO COMUNITÁRIO DE LINHA ESPUMA,"ESTRADA GERAL, S/N",1023,SALÃO COMUNITÁRIO DE LINHA ESPUMA,"ESTRADA GERAL, S/N",LINHA ESPUMA,0
80322,66,1040,ESCOLA DO CAMPO EM TEMPO INTEGRAL BELA VISTA,"ESTRADA GERAL, S/N",1040,ESCOLA DO CAMPO EM TEMPO INTEGRAL BELA VISTA,"ESTRADA GERAL, S/N",LINHA BELA VISTA DA TAQUARA,0
80322,66,1074,SALÃO COMUNITÁRIO DA LINHA GARIBALDI,"ESTRADA GERAL, S/N",1074,SALÃO COMUNITÁRIO DA LINHA GARIBALDI,"ESTRADA GERAL, S/N",LINHA GARIBALDI,0
80322,66,1082,SALÃO COMUNITÁRIO DE LINHA AMIZADE,"ESTRADA GERAL, S/N",1082,SALÃO COMUNITÁRIO DE LINHA AMIZADE,"ESTRADA GERAL, S/N",LINHA AMIZADE,0
80322,66,1147,ESCOLA ISOLADA MUNICIPAL ZANFONATO,"ESTRADA GERAL, S/N",1147,ASSOCIAÇÃO DE MORADORES UNIÃO DA SERRA,"ESTRADA GERAL, S/N",LINHA UNIAO DA SERRA,0
82252,53,1015,ESCOLA DE EDUCACAO BASICA FRANCISCO MAZZOLA,"RUA FRANCISCO VALLE, S/N FONE (48) 3665 5559",1015,ESCOLA DE EDUCACAO BASICA FRANCISCO MAZZOLA,"RUA FRANCISCO VALLE, S/N FONE (48) 3665 5559",CENTRO,
82252,53,1040,ESCOLA MUNICIPAL DE EDUCAÇÃO BÁSICA PADRE JOSE DA POIAN,"ESTRADA GERAL, S/N FONE 4832673255",1040,ESCOLA MUNICIPAL DE EDUCAÇÃO BÁSICA PADRE JOSE DA POIAN,"ESTRADA GERAL, S/N FONE 4832673255",LOCALIDADE DE BAIXO SALTO,
82252,53,1058,ESCOLA ISOLADA SAO VALETIM,"ESTRADA GERAL, S/N",1058,ESCOLA ISOLADA SAO VALETIM,"ESTRADA GERAL, S/N",SAO VALENTIM,
82252,53,1066,SALAO DE FESTAS DA CAPELA DE LAGEADO,"ESTRADA GERAL, S/N",1066,SALAO DE FESTAS DA CAPELA DE LAGEADO,"ESTRADA GERAL, S/N SÃO VALENTIM",SAO VALENTIM,
82252,53,1074,ESCOLA MUNICIPAL DE EDUCAÇÃO BÁSICA  JOAO BAYER SOBRINHO,"ESTRADA GERAL, S/N",1074,ESCOLA MUNICIPAL DE EDUCAÇÃO BÁSICA  JOAO BAYER SOBRINHO,"ESTRADA GERAL, S/N",DISTRITO DE CLARAIBA,
82252,53,1082,ESCOLA MUNICIPAL DE EDUCAÇÃO BÁSICA AGUTI,"ESTRADA GERAL, S/N",1082,ESCOLA MUNICIPAL DE EDUCAÇÃO BÁSICA AGUTI,"ESTRADA GERAL, S/N",AGUTI,
82252,53,1090,SALAO DE FESTAS DA CAPELA DE TROMBUDO,"RUA GERAL, S/N",1090,SALAO DE FESTAS DA CAPELA DE TROMBUDO,"RUA GERAL, S/N ESCOLA MUNICIPAL DE EDUCAÇÃO BÁSICA AGUTI",AGUTI,
82252,53,1104,ESCOLA DE ENSINO FUNDAMENTAL PITANGA,"ESTRADA GERAL, S/N",1104,ESCOLA DE ENSINO FUNDAMENTAL PITANGA,"ESTRADA GERAL, S/N",PITANGA,
82252,53,1112,ESCOLA ISOLADA DE RIBEIRAO BONITO,"ESTRADA GERAL, S/N",1112,ESCOLA ISOLADA DE RIBEIRAO BONITO,"ESTRADA GERAL, S/N",RIBEIRAO BONITO,
82252,53,1120,SALAO DE FESTA DA CAPELA CONQUISTA,"ESTRADA GERAL, S/N",1120,SALAO DE FESTA DA CAPELA CONQUISTA,"ESTRADA GERAL, S/N ESCOLA MUNICIPAL DE EDUCAÇÃO BÁSICA AGUTI",AGUTI,
82252,53,1139,ESCOLA DE EDUCAÇÃO BÁSICA  PROFESSOR  FRANCISCO JOÃO VALLE,RUA FRANCISCO DALCENTER 32,1139,ESCOLA DE EDUCAÇÃO BÁSICA  PROFESSOR  FRANCISCO JOÃO VALLE,RUA FRANCISCO DALCENTER 32,TRINTA REIS,
82252,53,1147,CRECHE CIRANDA CIRANDINHA,"RUA GERAL, S/N",1147,CRECHE CIRANDA CIRANDINHA,"RUA GERAL, S/N",ESPRAIADO I,
82252,53,1155,CENTRO COMUNITÁRIO VÍGOLO,"RUA JOSÉ PIFFER, S/N",1155,CENTRO COMUNITÁRIO VÍGOLO,CRECHE CIRANDA CIRANDINHA,ESPRAIADO I,11
82279,98,1015,COLEGIO ESTADUAL ABILIO CESAR BORGES,"RUA ALFREDO PESSI, N. 384",1015,EEB ABILIO CESAR BORGES,"RUA ALFREDO PESSI, N. 384",CENTRO,
82279,98,1040,COLEGIO ESTADUAL HUMBERTO HERMES HOFFMANN,"RODOVIA JOSE SPILLERE, 941",1040,EEB HUMBERTO HERMES HOFFMANN,"AV. JOSE SPILLERE, 941",CARAVAGIO,
82279,98,1058,ESCOLA MUNICIPAL ÍTALO AMBONI,RUA ALEXANDRE DUMINELLI,1058,CE ÍTALO AMBONI,RUA ALEXANDRE DUMINELLI,RIO CEDRO MEDIO,
82279,98,1074,ESCOLA DE EDUCAÇÃO BÁSICA JULIETA TORRES GONÇALVES,"RUA ANTÔNIO MICHELS, S/N",1074,EEB JULIETA TORRES GONÇALVES,"RUA ANTÔNIO MICHELS, S/N",SAO BENTO BAIXO,
82279,98,1082,UNIDADE BÁSICA DE SAÚDE SÃO BONIFÁCIO,RUA JOSÉ LINO JUNKES,1082,UBS SÃO BONIFÁCIO,RUA JOSÉ LINO JUNKES,SAO BONIFACIO,
82279,98,1139,ESCOLA BASICA MUNICIPAL LIBERO UGIONE,RUA ANTONIO ALESSIO,1139,EBM LIBERO UGIONE,RUA ANTONIO ALESSIO,SAO FRANCISCO,
82279,98,1155,ESCOLA MUNICIPAL VITOR SAVI,"RUA PRIMAVERA, 710",1155,ESCOLA MUNICIPAL VITOR SAVI,"RUA PRIMAVERA, 710",JARDIM FLORENCA,
82279,98,1163,ESCOLA BASICA MUNICIPAL BAIRRO BORTOLOTTO,"RUA ANTONIO DESTRO, 15",1163,EBM BAIRRO BORTOLOTTO,"RUA ANTONIO DESTRO, 15",BORTOLOTTO,
80764,49,1015,ESCOLA DE EDUCAÇÃO BÁSICA SANTA LÚCIA,"RODOVIA SC 468, KM 13, N. 4",1015,ESCOLA DE EDUCAÇÃO BÁSICA SANTA LÚCIA,"RODOVIA SC 468, KM 13, N. 4",CENTRO,0
80764,49,1171,CENTRO EDUCACIONAL MUNICIPAL NOVO HORIZONTE,"RODOVIA SC 157, KM 13, 2",1171,CENTRO EDUCACIONAL MUNICIPAL NOVO HORIZONTE,"RODOVIA SC 157, KM 13, 2",CENTRO,0
80764,49,1023,ESCOLA DE ENSINO FUNDAMENTAL SANTO AGOSTINHO,"ESTRADA DA LINHA SANTO AGOSTINHO, S/N",1023,ESCOLA DE ENSINO FUNDAMENTAL SANTO AGOSTINHO,"ESTRADA DA LINHA SANTO AGOSTINHO, S/N",ZONA RURAL,0
82295,23,1228,ESCOLA DE EDUCAÇÃO BÁSICA TONEZA CASCAES,RUA LUIZ PIZZOLATTI SOBRINHO 222,1228,ESCOLA DE EDUCAÇÃO BÁSICA TONEZA CASCAES,RUA LUIZ PIZZOLATTI SOBRINHO 222,SANTISTA,0
82295,23,1023,ESCOLA DE EDUCAÇÃO BÁSICA SAMUEL SANDRINI,"RUA JOÃO ROGÉRIO REMOR, 22",1023,ESCOLA DE EDUCAÇÃO BÁSICA SAMUEL SANDRINI,"RUA JOÃO ROGÉRIO REMOR, 22",CONDE D'EU,0
82295,23,1031,ESCOLA DE EDUCAÇÃO BÁSICA MARTHA CLÁUDIO MACHADO,ESTRADA GERAL SN,1031,ESCOLA DE EDUCAÇÃO BÁSICA MARTHA CLÁUDIO MACHADO,ESTRADA GERAL SN,BRUSQUE DO SUL,0
82295,23,1040,SALA DE CATEQUESE (ANTIGO POSTO DE SAÚDE BOA VISTA),"ESTRADA GERAL, S/N",1040,SALA DE CATEQUESE BOA VISTA (ANTIGO POSTO DE SAÚDE),"ESTRADA GERAL, S/N",BOA VISTA,0
82295,23,1058,ESCOLA DE EDUCAÇÃO BÁSICA PROFESSOR LEOPOLDO HANNOFF,ESTRADA GERAL SN,1058,ESCOLA DE EDUCAÇÃO BÁSICA PROFESSOR LEOPOLDO HANNOFF,ESTRADA GERAL SN,BARRACÃO,0
82295,23,1066,ANTIGO POSTO DE SAÚDE,"ESTRADA GERAL, S/N",1066,ANTIGO POSTO DE SAÚDE (RIO PINHEIROS BAIXO),"ESTRADA GERAL RIO PINHEIROS BAIXO, S/N",RIO PINHEIROS BAIXO,0
82295,23,1082,ESCOLA DE EDUCAÇÃO BÁSICA JOSÉ ANTUNES MATTOS,"RUA OCTÁVIO DALSASSO, 168",1082,ESCOLA DE EDUCAÇÃO BÁSICA JOSÉ ANTUNES MATTOS,"RUA OCTÁVIO DALSASSO, 168",PINDOTIBA,0
82295,23,1090,SALÃO DE FESTAS (ANEXO AO GINÁSIO DEONÍLIO ALBERTON),"ESTRADA GERAL, S/N",1090,SALÃO DE FESTAS DE RIO PINHEIROS ALTO (GINÁSIO DEONÍLIO ALBERTON),"ESTRADA GERAL, S/N",RIO PINHEIROS ALTO,0
82295,23,1112,SALÃO DE FESTAS DE RIO DAS FURNAS,"ESTRADA GERAL, S/N",1112,SALÃO DE FESTAS DE RIO DAS FURNAS,"ESTRADA GERAL, S/N",RIO DAS FURNAS,0
82295,23,1120,ESCOLA DE EDUCAÇÃO BÁSICA PADRE LUDGERO WATERKEMPER,ESTRADA GERAL TAIPA SN,1120,ESCOLA DE EDUCAÇÃO BÁSICA PADRE LUDGERO WATERKEMPER,RUA ANGELINA WATERKEMPER SN,TAIPA,0
82295,23,1155,SALÃO DE FESTAS DE PALMEIRA ALTA,"ESTRADA GERAL, S/N",1155,SALÃO DE FESTAS DE PALMEIRA ALTA,"ESTRADA GERAL, S/N",PALMEIRA ALTA,0
82295,23,1163,ESCOLA DE EDUCAÇÃO BÁSICA ORATÓRIO,RUA DOMENICO CESCONETTO,1163,SALÃO DE FESTAS DA IGREJA DE ORATÓRIO,RUA DOMENICO CESCONETTO,ORATÓRIO,337
82295,23,1180,APOLSCA (ASSOCIAÇÃO CULTURAL DE DESCENDENTES POLONESES),"ESTRADA GERAL, S/N, PRÓX. À IGREJA CATÓLICA",1180,APOLSCA (ASSOCIAÇÃO CULTURAL DE DESCENDENTES POLONESES),"ESTRADA GERAL, S/N, PRÓX. À IGREJA CATÓLICA",CHAPADÃO,0
82295,23,1236,SALÃO DE FESTAS DE RIO LARANJEIRAS,"ESTRADA GERAL DE RIO LARANJEIRAS, S/N",1236,GINÁSIO QUERINO CARDOSO - RIO LARANJEIRAS,"ESTRADA GERAL DE RIO LARANJEIRAS, S/N",RIO LARANJEIRAS,0
82295,23,1244,ESCOLA DE EDUCAÇÃO BÁSICA LAURO PACHECO DOS REIS,"RUA GIACOMO PILON, 49",1244,CEI DÉBORA LAURENTINO,RUA VICENTE SALVADOR 251,NOVA ORLEANS,0
82295,23,1252,ESCOLA DE EDUCAÇÃO BÁSICA HILSA PEDONE,RUA OTÍLIA MENDES MAZUCCO 66,1252,ESCOLA DE EDUCAÇÃO BÁSICA HILSA PEDONE,RUA OTÍLIA MENDES MAZZUCO 66,RIO BELO,0
82295,23,1317,SALÃO DE FESTAS DE RIO NOVO,"ESTRADA GERAL, S/N",1317,SALÃO DE FESTAS DE RIO NOVO,"ESTRADA GERAL, S/N",RIO NOVO,0
82295,23,1260,ESCOLA DE EDUCAÇÃO BÁSICA CÔNEGO SANTOS SPRICIGO,"RUA ANDRÉ SPRICIGO, 110",1260,ESCOLA DE EDUCAÇÃO BÁSICA CÔNEGO SANTOS SPRICIGO,"RUA ANDRÉ SPRICIGO, 110",ALTO PARANÁ,0
83976,93,1015,ESCOLA BÁSICA AGAR ALVES NUNES,"RUA VALDO DA COSTA ÁVILA, N. 172",1015,ESCOLA BÁSICA AGAR ALVES NUNES,"RUA VALDO DA COSTA ÁVILA, N. 172",CENTRO ADMINISTRATIVO,0
83976,93,1023,ESCOLA DE EDUCAÇÃO BÁSICA ELZA DEEKE,"RUA JOSEPH WILLIAN SCHALLER, N. 38",1023,ESCOLA DE EDUCAÇÃO BÁSICA ELZA DEEKE,"RUA JOSEPH WILLIAN SCHALLER, N. 38",POÇO RICO,52
83976,93,1058,SALÃO PAROQUIAL DA IGREJA MATRIZ,"AVENIDA OLINKRAFT, N. 73",1058,SALÃO PAROQUIAL DA IGREJA MATRIZ,"AVENIDA OLINKRAFT, N. 26",CENTRO ADMINISTRATIVO,22
83976,93,1180,ESCOLA DE EDUCAÇÃO BÁSICA NOSSA SENHORA DE FÁTIMA,"RUA DÁRIO CORREA, N.  506",1180,ESCOLA DE EDUCAÇÃO BÁSICA NOSSA SENHORA DE FÁTIMA,"RUA DÁRIO CORREA, N.  506",BAIRRO FATIMA,23
83976,93,1074,ESCOLA BÁSICA PEDRO ÁLVARES CABRAL,"RUA PEDRO ALVARES CABRAL, 103",1074,ESCOLA BÁSICA PEDRO ÁLVARES CABRAL,"RUA PEDRO ALVARES CABRAL, 103",BAIRRO FATIMA,9
83976,93,1104,SALÃO PAROQUIAL DA CAPELA SÃO SEBASTIÃO,"ESTRADA GERAL DO GOIABAL, KM 45",1104,SALÃO PAROQUIAL DA CAPELA SÃO SEBASTIÃO,"ESTRADA GERAL DO GOIABAL, KM 45",LOCALIDADE GOIABAL,29
83976,93,1147,ESCOLA BÁSICA FAZENDA OLINKRAFT,"RUA ANTONIO DE SOUZA COELHO, 1770",1147,ESCOLA BÁSICA FAZENDA OLINKRAFT,"RUA ANTONIO DE SOUZA COELHO, 1770",IGARAS,19
83976,93,1198,SALÃO PAROQUIAL DA IGREJA DE SÃO JOSÉ OPERÁRIO,"RUA BAHIA, 460",1198,SALÃO PAROQUIAL DA IGREJA DE SÃO JOSÉ OPERÁRIO,"RUA LAURO CARDOSO, 218",PINHEIROS,25
83976,93,1210,SALÃO DA CAPELA NOSSA SENHORA APARECIDA,"ESTRADA GERAL FUNDO DO CAMPO/GOIABAL, KM 7",1210,SALÃO DA CAPELA NOSSA SENHORA APARECIDA,"ESTRADA GERAL FUNDO DO CAMPO/GOIABAL, KM 7",VILA APARECIDA,0
83976,93,1090,NÚCLEO MUNICIPAL PROFESSORA ADILHA MATIAS FARIAS,ESTRADA GERAL DO FUNDO DO CAMPO/GOIABAL,1090,NÚCLEO MUNICIPAL PROFESSORA ADILHA MATIAS FARIAS,ESTRADA GERAL DO FUNDO DO CAMPO/GOIABAL,LOCALIDADE FUNDO DO CAMPO,38
82317,37,1015,COLEGIO ESTADUAL PREFEITO SILVIO SANTOS,"RUA JULIO DE CASTILHOS, S/N FONE (49) 3555 1574",1015,COLEGIO ESTADUAL PREFEITO SILVIO SANTOS,RUA JULIO DE CASTILHOS,CENTRO,2
82317,37,1040,ESCOLA DE EDUCAÇÃO BÁSICA FREI CRISPIM,"ESTRADA GERAL, S/N, FONE (49) 3555 5656, R. 206",1040,ESCOLA DE EDUCAÇÃO BÁSICA FREI CRISPIM,ESTRADA GERAL,DISTRITO SANTA LÚCIA,40
82317,37,1066,CENTRO COMUNITÁRIO DA LINHA PINHEIRO BAIXO,"ESTRADA GERAL, S/N, FONE (49) 9980 1829 R 29",1066,CENTRO COMUNITÁRIO DA LINHA PINHEIRO BAIXO,"ESTRADA GERAL, S/N, FONE (49) 9980 1829 R 29",PINHEIRO BAIXO,12
82317,37,1112,PAVILHAO DE FESTAS DA LINHA SAGRADO,"ESTRADA GERAL, S/N FONE (49) 3555 1727 R 20",1112,PAVILHAO DE FESTAS DA LINHA SAGRADO,ESTRADA GERAL,LINHA SAGRADO CORAÇÃO DE JESUS,204
82317,37,1104,ESCOLA BÁSICA PINHEIRO ALTO,"ESTRADA GERAL, S/N",1104,ESCOLA BÁSICA PINHEIRO ALTO,ESTRADA GERAL,LINHA PINHEIRO ALTO,102
82317,37,1120,ESCOLA ISOLADA NOVO PORTO ALEGRE,"ESTRADA GERAL, S/N FONE (49) 3555 1565",1120,ESCOLA ISOLADA NOVO PORTO ALEGRE,ESTRADA GERAL,LINHA NOVO PORTO ALEGRE,22
82317,37,1147,ESCOLA MUNICIPAL FELISBERTO VILARINO DUTRA,"RODOVIA SC 303 KM, S/N",1147,ESCOLA MUNICIPAL FELISBERTO VILARINO DUTRA,RODOVIA SC 303 KM,PARQUE JARDIM OURO,789
82317,37,1155,ESCOLA ISOLADA LINHA MAZIERO,"ESTRADA GERAL, S/N FONE (49) 3555 1700 R 3",1155,ESCOLA ISOLADA LINHA MAZIERO,ESTRADA GERAL,LINHA MAZIERO,26
80845,71,1031,ESCOLA DE EDUCAÇÃO BÁSICA CELESTINO JOSÉ DO NASCIMENTO,"RUA JOÃO MARIA CONRADO, 164",1031,ESCOLA DE EDUCAÇÃO BÁSICA CELESTINO JOSÉ DO NASCIMENTO,"RUA JOÃO MARIA CONRADO, 164",CENTRO,0
81442,94,1023,EEB FRANCISCO MACIEL BAGESTON,"RUA BAHIA, 351",1023,EEB FRANCISCO MACIEL BAGESTON,"RUA BAHIA, 351",CENTRO,0
81264,21,1015,ESCOLA DE EDUCAÇÃO BÁSICA MUNICIPAL SANTO ANTÔNIO,"ESTRADA GERAL CASA DE PEDRA, S/N",1015,ESCOLA DE EDUCAÇÃO BÁSICA MUNICIPAL SANTO ANTÔNIO,"ESTRADA GERAL CASA DE PEDRA, S/N",LOCALIDADE CASA DE PEDRA,0
81264,21,1040,ESCOLA DE EDUCAÇÃO BÁSICA PADRE ANTÔNIO TRIVELLIN,"AVENIDA PADRE ANTÔNIO TRIVELLIN, N. 201",1040,ESCOLA DE EDUCAÇÃO BÁSICA PADRE ANTÔNIO TRIVELLIN,"AVENIDA PADRE ANTÔNIO TRIVELLIN, N. 201",CENTRO,0
81264,21,1066,SALAO PAROQUIAL PADRE ANTONIO TRIVELLIN,"RUA CAETANO VIEIRA DA COSTA, S/N",1066,SALAO PAROQUIAL PADRE ANTONIO TRIVELLIN,"RUA CAETANO VIEIRA DA COSTA, S/N",CENTRO,0
82333,24,1015,ESCOLA DE ENSINO FUNDAMENTAL VENCESLAU BUENO,"RUA CORONEL BERNARDINO MACHADO, 188",1015,ESCOLA DE ENSINO FUNDAMENTAL VENCESLAU BUENO,"RUA CORONEL BERNARDINO MACHADO, 188",CENTRO,0
82333,24,1023,ESCOLA DE EDUCAÇÃO BÁSICA GOVERNADOR IVO SILVEIRA,"AVENIDA BARÃO DO RIO BRANCO, N. 96, 48 36656521",1023,ESCOLA DE EDUCAÇÃO BÁSICA GOVERNADOR IVO SILVEIRA,"AVENIDA BARÃO DO RIO BRANCO, S/N, 48 36656521",CENTRO,0
82333,24,1902,FACULDADE MUNICIPAL DE PALHOÇA,"RUA JOÃO PEREIRA DOS SANTOS, N. 305, PONTE DO IMARUIM",1902,FACULDADE MUNICIPAL DE PALHOÇA,"RUA JOÃO PEREIRA DOS SANTOS, N. 99, PONTE DO IMARUIM",PONTE DO IMARUIM,0
82333,24,1139,ESCOLA DE EDUCAÇÃO BÁSICA HENRIQUE ESTEFANO KOERICH,"RUA 31 DE MARÇO, 68, TEL. 48 36655874",1139,ESCOLA DE EDUCAÇÃO BÁSICA HENRIQUE ESTEFANO KOERICH,"RUA 31 DE MARÇO, 68, TEL. 48 36655874",PONTE DO IMARUIM,0
82333,24,1120,ESCOLA DE EDUCAÇÃO BÁSICA IRMÃ MARIA TERESA,"AVENIDA ANICETO ZACCHI, N. 298, FONE (48) 3242 6496",1120,ESCOLA DE EDUCAÇÃO BÁSICA IRMÃ MARIA TERESA,"AVENIDA ANICETO ZACCHI, N. 298, FONE (48) 3242 6496",PONTE DO IMARUIM,0
82333,24,1147,ESCOLA DE EDUCAÇÃO BÁSICA PROFª CLAUDETE MARIA HOFFMANN DOMINGOS,"AVENIDA ELZA LUCHI, 600 TEL. 3665-6523",1147,ESCOLA DE EDUCAÇÃO BÁSICA PROFª CLAUDETE MARIA HOFFMANN DOMINGOS,"AVENIDA ELZA LUCHI, 600 TEL. 3665-6523",PONTE DO IMARUIM,0
82333,24,1279,GRUPO ESCOLAR PROFESSORA NAJLA CARONE GUEDERT,"RUA VEREADOR JACOB KNABBEN DA SILVA, 3295",1279,GRUPO ESCOLAR PROFESSORA NAJLA CARONE GUEDERT,"RUA VEREADOR JACOB KNABBEN DA SILVA, 3295",PASSA VINTE,0
82333,24,1198,ESCOLA BÁSICA VICENTE SILVEIRA,"RUA PREFEITO REINOLDO ALVES, N. 1263  TEL. 48 3665-6526",1198,ESCOLA BÁSICA VICENTE SILVEIRA,"RUA PREFEITO REINOLDO ALVES, N. 1263  TEL. 48 3665-6526",PASSA VINTE,0
82333,24,1210,ESCOLA BÁSICA PROFESSOR BENONIVIO JOÃO MARTINS,"RUA MONSENHOR ROBERTO LAUDELL DE MOUR, N. 103, 36655775",1210,ESCOLA BÁSICA PROFESSOR BENONIVIO JOÃO MARTINS,"RUA MONSENHOR ROBERTO LAUDELL DE MOUR, S/N",BREJARU,0
82333,24,1252,ESCOLA DE ENSINO FUNDAMENTAL PROFESSORA URSULINA SENNA CASTRO,"RUA GERMANO SPRICCIO, 960",1252,ESCOLA DE ENSINO FUNDAMENTAL PROFESSORA URSULINA SENNA CASTRO,"RUA GERMANO SPRICCIO, S/N",CAMINHO NOVO,0
82333,24,1287,ESCOLA DE EDUCAÇÃO BÁSICA PROFESSORA MARIA CLEMENTINA DE SOUZA LOPES,"RUA PAULO JOSÉ DE SOUZA, N. 431, TEL. 48 36655779",1287,ESCOLA DE EDUCAÇÃO BÁSICA PROFESSORA MARIA CLEMENTINA DE SOUZA LOPES,"RUA PAULO JOSÉ DE SOUZA, N. 431, TEL. 48 36655779",SÃO SEBASTIÃO,0
82333,24,1325,APAE - ASSOCIAÇÃO DE PAIS E AMIGOS DOS EXCEPCIONAIS,"AVENIDA MANOEL CANTALÍCIO VIDAL, 494",1325,APAE - ASSOCIAÇÃO DE PAIS E AMIGOS DOS EXCEPCIONAIS,"AVENIDA MANOEL CANTALÍCIO VIDAL, 494",CENTRO,0
82333,24,1341,ESCOLA DE ENSINO FUNDAMENTAL DOM JAIME DE BARROS CÂMARA,"RUA JOSÉ COSME PAMPLONA, N. 1447",1015,EB DOM JAIME DE BARROS CÂMARA,"RUA JOSÉ COSME PAMPLONA, N. 1447",BELA VISTA,0
82333,24,1368,ESCOLA DE EDUCAÇÃO BÁSICA JOÃO SILVEIRA,"AVENIDA BOM JESUS DE NAZARÉ, N. 1014",1023,EB JOÃO SILVEIRA,"AVENIDA BOM JESUS DE NAZARÉ, N. 1014",ARIRIÚ,0
82333,24,1406,ESCOLA BÁSICA MUNICIPAL NOSSA SENHORA DE FÁTIMA,"RUA NOSSA SENHORA DE FÁTIMA, N. 157, FONE 48 3344 0917",1031,EBM NOSSA SENHORA DE FÁTIMA,"RUA NOSSA SENHORA DE FÁTIMA, N. 157, FONE 48 3344 0917",ARIRIÚ,0
82333,24,1414,ESCOLA DE EDUCAÇÃO BÁSICA PROFESSORA NICOLINA TANCREDO,"RUA CÉSAR RENÊ WAGNER, N. 137",1040,EB PROF NICOLINA TANCREDO,"RUA CÉSAR RENÊ WAGNER, N. 137",ALTO ARIRIÚ,0
82333,24,1457,ESCOLA BÁSICA PROFESSORA LAURITA WAGNER DA SILVEIRA,"RUA AURÉLIA MARIA MAIA, N. 578",1058,EB PROF LAURITA WAGNER DA SILVEIRA,"RUA AURÉLIA MARIA MAIA, N. 578",ARIRIÚ DA FORMIGA,19
82333,24,1473,ESCOLA DE EDUCAÇÃO BÁSICA PROFESSORA MARIA DO CARMO SOUZA,"RUA MARIA LEOPOLDINA, S/N, LOT MIRIAM",1066,EB PROF MARIA DO CARMO SOUZA,"RUA MARIA LEOPOLDINA, S/N, LOT MIRIAM",PACHECOS,0
82333,24,1503,ESCOLA DE EDUCAÇÃO BÁSICA SENADOR RENATO RAMOS DA SILVA,"RUA JOSÉ LUIZ MARTINS, N. 447, 48 36655879",1074,EB SENADOR RENATO RAMOS DA SILVA,"RUA JOSÉ LUIZ MARTINS, N. 447, 48 36655879",BARRA DO ARIRIÚ,0
82333,24,1511,ESCOLA REUNIDA PROFESSORA ISABEL BOTELHO DE PAULO,"RUA DOMINGOS DE SOUZA FILHO, S/N",1082,ER PROF ISABEL BOTELHO DE PAULO,"RUA DOMINGOS DE SOUZA FILHO, S/N",FURADINHO,27
82333,24,1520,ESCOLA BÁSICA MUNICIPAL FRANCISCA RAIMUNDA DE FARIAS DA COSTA,"RUA JOSÉ DAVINO CAMPOS, N. 713",1090,EBM FRANCISCA RAIMUNDA DE FARIAS DA COSTA,"RUA JOSÉ DAVINO CAMPOS, N. 713",PRAIA DE FORA,7
82333,24,1538,ESCOLA BÁSICA PROFESSOR NERI BRASILIANO MARTINS,"RUA MONTE CAMBIRELA, S/N",1104,EB PROF NERI BRASILIANO MARTINS,"RUA MONTE CAMBIRELA, S/N",PRAIA DE FORA,58
82333,24,1546,ESCOLA REUNIDA PROFESSOR DANIEL CARLOS WEINGARTNER,"RUA JACOB WILAIN FILHO, S/N",1112,ER PROF DANIEL CARLOS WEINGARTNER,"RUA JACOB WILAIN FILHO, S/N",GUARDA DO CUBATÃO,0
82333,24,1554,ESCOLA BÁSICA ANTONIETA SILVEIRA DE SOUZA,"RUA NEREU GHIZONI, 1120",1120,EB ANTONIETA SILVEIRA DE SOUZA,"RUA NEREU GHIZONI, 1120",GUARDA DO CUBATÃO,0
82333,24,1589,ESCOLA BÁSICA MUNICIPAL PREFEITO REINALDO WEINGARTNER,"RUA ARCANJO CUNHA, N. 104",1139,EBM PREFEITO REINALDO WEINGARTNER,"RUA ARCANJO CUNHA, N. 104",RIO GRANDE,0
82333,24,1597,ASSOCIAÇÃO DE MORADORES DA BACIA DO MASSIAMBU,"RUA GERAL, S/N",1147,ASSOCIAÇÃO DA BACIA DO MASSIAMBU (MORRO DOS CAVALOS),"RUA GERAL, S/N",MASSIAMBU PEQUENO,0
82333,24,1619,ESCOLA REUNIDA MUNICIPAL DE ALBARDÃO,"RUA GERAL DO ALBARDÃO, S/N",1155,ER ALBARDÃO,"RUA GERAL DO ALBARDÃO, S/N",ALBARDÃO,0
82333,24,1899,CEI PARAÍSO,RUA JOÃO VERÍSSIMO MARTINS,1236,CEI PARAÍSO,RUA JOÃO VERÍSSIMO MARTINS,SERTÃO DO CAMPO,0
82333,24,1635,ESCOLA PROFESSOR BENTO JOSÉ DO NASCIMENTO,"RUA PROFESSOR BENTO, S/N",1163,EB PROF BENTO JOSÉ DO NASCIMENTO,"RUA PROFESSOR BENTO, S/N",TRÊS BARRAS,0
82333,24,1643,ESCOLA BÁSICA ABÍLIO MANOEL DE ABREU,"RUA GERAL MORRETES II,  S/N",1171,EB ABÍLIO MANOEL DE ABREU,"RUA GERAL MORRETES II,  S/N",MORRETES II,13
82333,24,1651,ESCOLA REUNIDA PROFESSORA OLGA CERINO,"RUA MANOEL ALFREDO PEREIRA, N. 76",1180,ER PROF OLGA CERINO,"RUA MANOEL ALFREDO PEREIRA, N. 76",GUARDA DO EMBAU (ENS BRITO),12
82333,24,1660,ESCOLA BÁSICA PADRE VICENTE FERREIRA CORDEIRO,"RUA ADERBAL RAMOS DA SILVA, 579",1198,EB PADRE VICENTE FERREIRA CORDEIRO,"RUA ADERBAL RAMOS DA SILVA, 579",PINHEIRA,4
82333,24,1686,GRUPO ESCOLAR PROFESSORA MARIA LUZIA DE SOUZA,"RODOVIA EVÁDIO PAULO BROERING, S.N., PRAÇA DA IGREJA",1201,EB PROF MARIA LUZIA DE SOUZA,"RODOVIA EVÁDIO PAULO BROERING, LADO DA IGREJA, PRAÇA DA IGREJA",PASSAGEM DO MASSIAMBU,6
82333,24,1694,ESCOLA REUNIDA PROFESSORA MARIA DOS SANTOS SILVA,RUA N. 600 - 48 3341 4957,1210,ER PROF MARIA DOS SANTOS SILVA,RUA N. 600 - 48 3341 4957,PONTA DO PAPAGAIO,25
82333,24,1732,ESCOLA DE EDUCAÇÃO BÁSICA JOSÉ MARIA CARDOSO DA VEIGA,"RUA NOSSA SENHORA DO ROSÁRIO, 448",1228,EB JOSÉ MARIA CARDOSO DA VEIGA,"RUA NOSSA SENHORA DO ROSÁRIO, 448",ENSEADA DO BRITO,0
82333,24,1775,ESCOLA BÁSICA PROFESSORA ADRIANA WEINGARTNER,"RUA 23 DE MARÇO, 45",1775,ESCOLA BÁSICA PROFESSORA ADRIANA WEINGARTNER,"RUA 23 DE MARÇO, 45",CAMINHO NOVO,0
82333,24,1937,CEI PEQUENO PRÍNCIPE,"RUA VITOR MEIRELES, 530",1937,GRUPO ESCOLAR PEQUENO PRÍNCIPE,"RUA VITOR MEIRELES, 527",JARDIM ELDORADO,0
82333,24,1805,CAIC - CENTRO DE ATENÇÃO INTEGRAL À CRIANÇA E AO ADOLESCENTE,"RUA MARIA TEODORA HAEMING, N. 48,",1805,CAIC - CENTRO DE ATENÇÃO INTEGRAL À CRIANÇA E AO ADOLESCENTE,"RUA MARIA TEODORA HAEMING, N. 48,",PASSA VINTE,0
82333,24,1813,UNISUL - UNIVERSIDADE DO SUL DE SANTA CATARINA,"AV. PEDRA BRANCA, N. 25",1813,UNISUL - UNIVERSIDADE DO SUL DE SANTA CATARINA,"AV. PEDRA BRANCA, N. 25",PEDRA BRANCA,0
82333,24,1821,ESCOLA BÁSICA MUNICIPAL PROFESSORA MARA LUIZA VIEIRA LIBERATO,"R. DAS CEREJEIRAS, 56 - LOTEAMENTO MADRI",1821,ESCOLA BÁSICA MUNICIPAL PROFESSORA MARA LUIZA VIEIRA LIBERATO,"R. DAS QUARESMEIRAS, SN - LOTEAMENTO MADRI",SÃO SEBASTIÃO,0
82333,24,1953,CEI - CENTRO DE EDUCAÇÃO INFANTIL PROF. INÊS MARTA DA SILVA,"RUA JOSÉ COSME PAMPLONA, 2700",1287,EB GUILHERME WIETHORN FILHO,"RUA JOSÉ COSME PAMPLONA, S/N",BELA VISTA,32
82333,24,1945,ESCOLA BÁSICA FREI DAMIÃO,"AVENIDA DAS PALMEIRAS, 65",1945,ESCOLA BÁSICA FREI DAMIÃO,"AVENIDA DAS PALMEIRAS, 64",BREJARU,0
82333,24,1961,CEI - CENTRO DE EDUCAÇÃO INFANTIL SÃO TOMÉ,"RUA JOSÉ VALÉRIO DE SOUZA, N. 851",1260,CEI SÃO TOMÉ,"RUA JOSÉ VALÉRIO DE SOUZA, N. 851",BARRA DO ARIRIÚ,0
82333,24,1988,ESCOLA DE EDUCAÇÃO BÁSICA PROF. ÂNGELO CASCAES TANCREDO,AV. PAULO ROBERTO VIDAL,1279,EB PROF ÂNGELO CASCAES TANCREDO,AV. PAULO ROBERTO VIDAL,BELA VISTA,0
82350,69,1015,ESCOLA DE EDUCACAO BÁSICA CLAUDINO CRESTANI,"RUA INÉ VISSOTO, 640",1015,ESCOLA DE EDUCACAO BÁSICA CLAUDINO CRESTANI,"RUA INÉ VISSOTO, 640",CENTRO,0
82350,69,1023,ESCOLA DE EDUCAÇÃO BÁSICA CATHARINA SEGER,"ESTRADA GERAL, S/N",1023,ESCOLA DE EDUCAÇÃO BÁSICA CATHARINA SEGER,"ESTRADA GERAL, S/N",LINHA NOVO CERRO AZUL,0
82350,69,1040,SALÃO COMUNITÁRIO - LINHA PROGRESSO DO OESTE,"ESTRADA GERAL, S/N",1040,SALÃO COMUNITÁRIO - LINHA PROGRESSO DO OESTE,"ESTRADA GERAL, S/N",LINHA PROGRESSO OESTE,0
82350,69,1198,NÚCLEO DE ENSINO FUNDAMENTAL PREFEITO LIBÓRIO ROMILDO KUHN,RUA JOÃO PAULETTI  S/N,1198,NÚCLEO DE ENSINO FUNDAMENTAL PREFEITO LIBÓRIO ROMILDO KUHN,RUA JOÃO PAULETTI  S/N,CENTRO,0
82350,69,1090,NÚCLEO DE ENSINO FUNDAMENTAL CASTRO ALVES,"ESTRADA GERAL, S/N",1090,NÚCLEO DE ENSINO FUNDAMENTAL CASTRO ALVES,"ESTRADA GERAL, S/N",LINHA BRASIL,0
82350,69,1104,CENTRO DE IDOSOS - LINHA SANTA TERESINHA,"ESTRADA GERAL, S/N",1104,CENTRO DE IDOSOS - LINHA SANTA TERESINHA,"ESTRADA GERAL, S/N",LINHA SANTA TERESINHA,0
81566,93,1023,ESCOLA DE EDUCAÇÃO BÁSICA ANTONIETA SILVEIRA,"RUA JUVENAL JOSÉ DE FARIAS, N. 115",1023,ESCOLA DE EDUCAÇÃO BÁSICA PROFESSORA ANTONIETA SILVEIRA,"RUA JUVENAL JOSÉ DE FARIAS, N. 115",CENTRO,19
81566,93,1031,SALÃO PAROQUIAL DA IGREJA SÃO SEBASTIÃO DO CANOAS,ESTRADA GERAL DE SÃO SEBASTIÃO DO CANOAS,1031,SALÃO PAROQUIAL DA IGREJA SÃO SEBASTIÃO DO CANOAS,ESTRADA GERAL DE SÃO SEBASTIÃO DO CANOAS,LOCALIDADE SÃO SEBASTIÃO DO CANOAS,15
81566,93,1066,NÚCLEO MUNICIPAL PROFESSOR BENÍCIO,ESTRADA GERAL DO MATO ESCURO,1066,NÚCLEO MUNICIPAL PROFESSOR BENÍCIO,ESTRADA GERAL DO MATO ESCURO,LOCALIDADE MATO ESCURO,11
81566,93,1058,SALÃO PAROQUIAL DA IGREJA SÃO MIGUEL,ESTRADA GERAL DO CERRO ALTO,1058,SALÃO PAROQUIAL DA IGREJA SÃO MIGUEL,ESTRADA GERAL DO CERRO ALTO,LOCALIDADE CERRO ALTO,13
82376,41,1368,FAOSC - FACULDADE DO OESTE DE SANTA CATARINA,"AVENIDA BRASIL, S/N",1368,FAOSC - FACULDADE DO OESTE DE SANTA CATARINA,"AVENIDA BRASIL, S/N",CENTRO,0
82376,41,1023,ESCOLA DE EDUCACAO BASICA FELISBERTO DE CARVALHO,"RUA MACHADO DE ASSIS, 150",1023,ESCOLA DE EDUCACAO BASICA FELISBERTO DE CARVALHO,"RUA MACHADO DE ASSIS, 150",CENTRO,0
82376,41,1031,NÚCLEO EDUCACIONAL MUNICIPAL AVELINO TRICHES - LINHA PASSARINHOS,LINHA PASSARINHOS,1031,NÚCLEO EDUCACIONAL MUNICIPAL AVELINO TRICHES - LINHA PASSARINHOS,LINHA PASSARINHOS,LINHA PASSARINHOS,0
82376,41,1040,NÚCLEO EDUCACIONAL MUNICIPAL ALUINO KNAPP - DISTRITO DE DIAMANTINA,DISTRITO DE DIAMANTINA,1040,NÚCLEO EDUCACIONAL MUNICIPAL ALUINO KNAPP - DISTRITO DE DIAMANTINA,DISTRITO DE DIAMANTINA,DISTRITO DE DIAMANTINA,0
82376,41,1058,N.E.M. PROF. FLÁVIS VITÓRIA BONDAN LAZZARI - DISTRITO DE SANTA LÚCIA,DISTRITO DE SANTA LÚCIA,1058,N.E.M. PROF. FLÁVIS VITÓRIA BONDAN LAZZARI - DISTRITO DE SANTA LÚCIA,DISTRITO DE SANTA LÚCIA,DISTRITO DE SANTA LÚCIA,0
82376,41,1066,ESCOLA DE ENSINO FUNDAMENTAL SEDE OLDENBURG,DISTRITO DE SEDE OLDENBURG,1066,ESCOLA DE ENSINO FUNDAMENTAL SEDE OLDENBURG,DISTRITO DE SEDE OLDENBURG,DISTRITO DE SEDE OLDENBURG,0
82376,41,1074,SALAO COMUNITARIO DE LINHA CACHOEIRA,"ESTRADA GERAL, S/N",1074,SALAO COMUNITARIO DE LINHA CACHOEIRA,"ESTRADA GERAL, S/N",LINHA CACHOEIRA,0
82376,41,1090,ESCOLA DE EDUCAÇÃO BÁSICA JORGE LACERDA - LINHA SÃO BRAZ,LINHA SÃO BRAZ - FONE (49) 3462 - 4087,1090,ESCOLA DE EDUCAÇÃO BÁSICA JORGE LACERDA - LINHA SÃO BRAZ,LINHA SÃO BRAZ - FONE (49) 3462 - 4087,LINHA SÃO BRAZ,0
82376,41,1104,SALÃO COMUNITÁRIO DE  LINHA TAQUARUSSU,"ESTRADA GERAL, S/N",1104,SALÃO COMUNITÁRIO DE  LINHA TAQUARUSSU,"ESTRADA GERAL, S/N",LINHA TAQUARUSSU,0
82376,41,1120,SALÃO EVANGÉLICO DE LINHA ILHA REDONDA,"ESTRADA GERAL, S/N",1120,SALÃO DA IGREJA CATÓLICA DE LINHA ILHA REDONDA,"ESTRADA GERAL, S/N",LINHA ILHA REDONDA,0
82376,41,1139,SALÃO COMUNITÁRIO DE LINHA BARRA GRANDE,"ESTRADA GERAL, S/N",1139,SALÃO COMUNITÁRIO DE LINHA BARRA GRANDE,"ESTRADA GERAL, S/N",LINHA BARRA GRANDE,0
82376,41,1147,SALÃO COMUNITÁRIO DE LINHA TRÊS PINHEIROS,"RUA PRINCIPAL, S/N",1147,SALÃO COMUNITÁRIO DE LINHA TRÊS PINHEIROS,"RUA PRINCIPAL, S/N",LINHA TRÊS PINHEIROS,0
82376,41,1511,CCE - CENTRO COMUNITÁRIO EVANGÉLICO,"RUA OLAVO BILAC, S/N",1511,CCE - CENTRO COMUNITÁRIO EVANGÉLICO,"RUA OLAVO BILAC, S/N",CENTRO,0
82376,41,1163,SALÃO COMUNITÁRIO DE LINHA CENTRAL NORTE,"ESTRADA GERAL, S/N",1163,SALÃO COMUNITÁRIO DE LINHA CENTRAL NORTE,"ESTRADA GERAL, S/N",LINHA CENTRAL NORTE,0
82376,41,1210,SALÃO COMUNITÁRIO DE LINHA SANTA MARIA GORETTI,"ESTRADA GERAL, S/N",1210,SALÃO COMUNITÁRIO DE LINHA SANTA MARIA GORETTI,"ESTRADA GERAL, S/N",LINHA SANTA MARIA GORETTI,0
82376,41,1279,SALÃO COMUNITÁRIO DE LINHA LAMBARI,"ESTRADA GERAL, S/N",1279,SALÃO COMUNITÁRIO DE LINHA LAMBARI,"ESTRADA GERAL, S/N",LINHA LAMBARI,0
82376,41,1287,IGREJA CATÓLICA DE LINHA PROGRESSO,"ESTRADA GERAL, S/N",1287,IGREJA CATÓLICA DE LINHA PROGRESSO,"ESTRADA GERAL, S/N",LINHA PROGRESSO,0
82376,41,1295,NÚCLEO EDUCACIONAL MUNICIPAL RUDOLPHO SCHREINER,"RUA ROBERTO LEAL, 30",1295,NÚCLEO EDUCACIONAL MUNICIPAL RUDOLPHO SCHREINER,"RUA ROBERTO LEAL, 30",BAIRRO AURORA,0
82376,41,1350,SALÃO COMUNITÁRIO DE LINHA DA GRUTA,"RUA PRINCIPAL, S/N",1350,SALÃO COMUNITÁRIO DE LINHA DA GRUTA,"RUA PRINCIPAL, S/N",LINHA DA GRUTA,0
82376,41,1414,SALÃO COMUNITÁRIO DE LINHA SANTA CATARINA,"ESTRADA GERAL, S/N",1414,SALÃO COMUNITÁRIO DE LINHA SANTA CATARINA,"ESTRADA GERAL, S/N",LINHA SANTA CATARINA,0
82376,41,1473,ESCOLA BÁSICA PRINCESA ISABEL,"RUA INDEPENDÊNCIA, S/N",1473,ESCOLA BÁSICA PRINCESA ISABEL,"RUA INDEPENDÊNCIA, S/N",BAIRRO SANTA TEREZINHA,0
82376,41,1503,NUCLEO EDUCACIONAL IDA VIDORI,BAIRRO NOSSA SENHORA DO ROSARIO,1503,NUCLEO EDUCACIONAL IDA VIDORI,BAIRRO NOSSA SENHORA DO ROSARIO,BAIRRO NOSSA SENHORA DO ROSÁRIO,0
82392,81,1015,ESCOLA DE EDUCAÇÃO BÁSICA ALINOR VIEIRA CÔRTE,"RUA GRACILIANO MACHADO, N. 253",1015,ESCOLA DE EDUCAÇÃO BÁSICA ALINOR VIEIRA CÔRTE,"RUA GRACILIANO MACHADO, N. 253",CENTRO,0
82392,81,1023,POSTO DE SAÚDE DE ARROIO FUNDO PALMITO,"ESTRADA GERAL, S/N",1023,POSTO DE SAÚDE DE ARROIO FUNDO PALMITO,"ESTRADA GERAL, S/N",PALMITO,0
82392,81,1031,ESCOLA DE EDUCAÇÃO BÁSICA IRENE REVA ZADOROSNY,RUA DO COLONO,1031,ESCOLA DE EDUCAÇÃO BÁSICA IRENE REVA ZADOROSNY,RUA DO COLONO,NOVA CULTURA,0
82392,81,1040,SALÃO PAROQUIAL SÃO PAULO APÓSTOLO,"ESTRADA GERAL, S/N",1040,SALÃO PAROQUIAL DO PINHAL,"ESTRADA GERAL, S/N",PINHAL,0
82392,81,1058,ESCOLA ISOLADA MUNICIPAL FLORESTA SÃO JOÃO,"ESTRADA GERAL, S/N",1058,ESCOLA ISOLADA MUNICIPAL FLORESTA SÃO JOÃO,"ESTRADA GERAL, S/N",FLORESTA SÃO JOÃO,0
82392,81,1066,SALÃO DE FESTAS DA CAPELA DE  SÃO JOÃO DO MIRADOR,"ESTRADA GERAL, S/N",1066,SALÃO DE FESTAS DA CAPELA DE  SÃO JOÃO DO MIRADOR,"ESTRADA GERAL, S/N",SÃO JOÃO DO MIRADOR,0
82392,81,1074,ESCOLA REUNIDA FRANCISCO HAAS,"ESTRADA GERAL, S/N",1074,ESCOLA FRANCISCO HAAS DO RODEIOZINHO,"ESTRADA GERAL, S/N",RODEIOZINHO,0
82392,81,1090,ESCOLA ISOLADA MUNICIPAL GRAMADOS,"ESTRADA GERAL, S/N",1090,SALÃO DE FESTAS DA COMUNIDADE DE GRAMADOS,"ESTRADA GERAL, S/N",GRAMADOS,0
82392,81,1104,ESCOLA ISOLADA MUNICIPAL RIO GUARANI,"ESTRADA GERAL, S/N",1104,SALÃO DE FESTAS DO RIO GUARANI,"ESTRADA GERAL, S/N",RIO GUARANI,0
82392,81,1112,ESCOLA ISOLADA MUNICIPAL RIO PRATINHA,"ESTRADA GERAL, S/N",1112,ESCOLA ISOLADA MUNICIPAL RIO PRATINHA,"ESTRADA GERAL, S/N",RIO PRATINHA,0
82392,81,1120,SALÃO DE FESTAS DA CAPELA DE SÃO TOMAZ,"ESTRADA GERAL, S/N",1120,SALÃO DE FESTAS DA CAPELA DE SÃO TOMAZ,"ESTRADA GERAL, S/N",SÃO TOMAZ,0
82392,81,1139,ESCOLA ISOLADA MUNICIPAL PASSO RUIM,"RODOVIA BR 116 KM 46, S/N",1139,SALÃO DE FESTAS DO PASSO RUIM,"RODOVIA BR 116 KM 46, S/N",PASSO RUIM,0
82392,81,1147,SALÃO DE FESTAS DA CAPELA DE QUEIMADOS,"RODOVIA BR 116 KM 57, S/N",1147,SALÃO DE FESTAS DA CAPELA DE QUEIMADOS,"RODOVIA BR 116 KM 57, S/N",QUEIMADOS,0
82392,81,1155,ESCOLA ISOLADA MUNICIPAL CARIJOS,"ESTRADA GERAL, S/N",1155,ESCOLA ISOLADA MUNICIPAL CARIJOS,"ESTRADA GERAL, S/N",CARIJOS,0
82392,81,1198,ESCOLA DE EDUCAÇÃO BÁSICA MANOEL ESTEVÃO FURTADO,"RUA TENENTE ERNESTO GREINERT, N. 1319",1198,ESCOLA DE EDUCAÇÃO BÁSICA MANOEL ESTEVÃO FURTADO,"RUA TENENTE ERNESTO GREINERT, N. 1319",SÃO CRISTÓVÃO,0
82392,81,1201,SALÃO DE FESTAS DA CAPELA DE RIO BONITO,"ESTRADA GERAL, S/N",1201,SALÃO DE FESTAS DA CAPELA DE RIO BONITO,"ESTRADA GERAL, S/N",RIO BONITO,0
82392,81,1210,ESCOLA ISOLADA MUNICIPAL FLORESTA,"ESTRADA GERAL, S/N",1210,ESCOLA ISOLADA MUNICIPAL FLORESTA,"ESTRADA GERAL, S/N",FLORESTA,0
82392,81,1279,SALAS DE CATEQUESE DA IGREJA SÃO SEBASTIÃO,"RUA JORGE LACERDA, S/N, FUNDOS DA IGREJA (47) 3653 2124",1279,SALÃO DE FESTAS DA IGREJA SÃO SEBASTIÃO,"RUA JORGE LACERDA, S/N, FUNDOS DA IGREJA (47) 3653 2124",CENTRO,0
82392,81,1287,GRUPO ESCOLAR MUNICIPAL PREFEITO RUBENS ALBERTO JAZAR,"RUA VEREADOR OTÁVIO PECHEBELA, 1420",1287,ESCOLA RUBENS ALBERTO JAZAR,"RUA VEREADOR OTÁVIO PECHEBELA, 1420",TOLACHINSKI,0
80705,82,1015,ESCOLA DE EDUCAÇÃO BÁSICA ADOLFO SILVEIRA,"RUA ALAIR ZANIN, S/N",1015,ESCOLA DE EDUCAÇÃO BÁSICA ADOLFO SILVEIRA,"RUA ALAIR ZANIN, S/N",CENTRO,0
80705,82,1023,ESCOLA MUNICIPAL DE EDUCAÇÃO BÁSICA PROFª LURDETE PACHECO DEMARCO,LINHA GRÁPIA,1023,ESCOLA MUNICIPAL DE EDUCAÇÃO BÁSICA PROFª LURDETE PACHECO DEMARCO,LINHA GRÁPIA,LINHA GRÁPIA,0
80705,82,1074,CLUBE COMUNITARIO DE LINHA ENTRE RIOS,LINHA ENTRE RIOS,1074,CLUBE COMUNITARIO DE LINHA ENTRE RIOS,LINHA ENTRE RIOS,LINHA ENTRE RIOS,0
80403,54,1015,ESCOLA MUNICIPAL DE ENSINO FUNDAMENTAL MANOEL RODRIGUES DA SILVA,"RUA JOÃO PEDROSO, S/N",1015,ESCOLA MUNICIPAL DE ENSINO FUNDAMENTAL MANOEL RODRIGUES DA SILVA,"RUA JOÃO PEDROSO, S/N",CENTRO,0
80403,54,1198,ESCOLA MUNICIPAL DE EDUCAÇÃO BÁSICA VILA NOVA,"RUA ONZE HORAS, S/N",1198,ESCOLA MUNICIPAL DE EDUCAÇÃO BÁSICA VILA NOVA,"RUA ONZE HORAS, S/N",ROSA DO MAR,0
80403,54,1104,CENTRO DE EDUCAÇÃO INFANTIL IGNÁCIA MARIA CARDOSO,"RUA DA INOCÊNCIA, N. 44",1104,CENTRO DE EDUCAÇÃO INFANTIL IGNÁCIA MARIA CARDOSO,"RUA DA INOCÊNCIA, N. 44",BARRA VELHA,0
80403,54,1201,ESCOLA DE ENSINO MÉDIO GOVERNADOR ILDO MENEGHETTI,"RUA PEDRO INÁCIO DOS SANTOS, 158",1201,ESCOLA DE ENSINO MÉDIO GOVERNADOR ILDO MENEGHETTI,"RUA PEDRO INÁCIO DOS SANTOS, 158",CENTRO,0
80624,63,1015,E.E.B. PROFESSORA CORALIA GEVAERD OLINNGER,"AV. ÂNGELO TIRELLI, N. 825",1015,E.E.B. PROFESSORA CORALIA GEVAERD OLINNGER,"AV. ÂNGELO TIRELLI, N. 825",CENTRO,0
80624,63,1058,CENTRO COMUNITÁRIO DOM CARLOS,"ESTRADA GERAL, S/N",1058,CENTRO COMUNITÁRIO DOM CARLOS,"ESTRADA GERAL, S/N",LINHA DOM CARLOS,16
80624,63,1066,ESCOLA MUNICIPAL NOSSA SENHORA APARECIDA,"ESTRADA GERAL, S/N,",1066,ESCOLA MUNICIPAL NOSSA SENHORA APARECIDA,"ESTRADA GERAL, S/N,",ASSENTAMENTO ZUMBI DOS PALMARES I,10
80624,63,1040,ESCOLA MUNICIPAL MARIA FRANCISCA MACIEL,"ESTRADA GERAL, S/N - INDÚSTRIA DE MADEIRAS TOZZO",1040,ESCOLA MUNICIPAL MARIA FRANCISCA MACIEL,"ESTRADA GERAL, S/N - INDÚSTRIA DE MADEIRAS TOZZO",SERRARIA TOZZO,18
80624,63,1082,ESCOLA MUNICIPAL DUQUE DE CAXIAS,"ESTRADA GERAL, S/N,",1082,ESCOLA MUNICIPAL DUQUE DE CAXIAS,"ESTRADA GERAL, S/N,",SERRARIA INDUMEL,25
80624,63,1104,CENTRO COMUNITÁRIO ASSENTAMENTO SAPATEIRO,"ESTRADA GERAL, S/N",1104,CENTRO COMUNITÁRIO ASSENTAMENTO SAPATEIRO,"ESTRADA GERAL, S/N",ASSENTAMENTO SAPATEIRO I,3047
82414,24,1015,ESCOLA DE EDUCAÇÃO BÁSICA FREDERICO SANTOS,"RUA JOINVILLE, N. 3",1015,EB FREDERICO SANTOS,RUA MANOEL ISIDORO DOS SANTOS 03,CENTRO,29
82414,24,1040,ESCOLA ISOLADA PROFESSORA ERNESTINA PEREIRA MARTINS,"RUA JOSÉ JOAQUIM DA SILVEIRA, S/N,",1040,EI PROF ERNESTINA PEREIRA MARTINS,"RUA JOSÉ JOAQUIM DA SILVEIRA, S/N,",SOROCABA,14
82414,24,1058,ESCOLA REUNIDA PROFESSORA TARGINA BOAVENTURA DA COSTA,"RUA MANOEL BERNARDINO DA SILVA, N. 457 TEL 48-32531510",1058,ER PROF TARGINA BOAVENTURA DA COSTA,"RUA MANOEL BERNARDINO DA SILVA, N. 457 TEL 48-32531510",RIBEIRÃO GRANDE,37
82414,24,1090,ESCOLA REUNIDA PROFESSORA AVANI DA SILVA SANTOS,"RUA HENRIQUE BERNARDO, S/N,",1090,ER PROF AVANI DA SILVA SANTOS,"RUA HENRIQUE BERNARDO, S/N,",FREITAS,8
82414,24,1112,CENTRO DE EDUCAÇÃO INFANTIL JOVITE STEFANY ZUCHHI,"RUA GERAL, S/N",1112,CEI JOVITE STEFANY ZUCHHI,"RUA GERAL, S/N",MORRO AGUDO,6
82414,24,1120,SALÃO DA IGREJA NOSSA SENHORA DA ESTRADA,"RUA MANOEL ELIZANDRO DA SILVA, S/N",1120,EB DR IVO SILVEIRA,"RUA MANOEL ELIZANDRO DA SILVA, S/N",PENHA,12
82414,24,1201,CENTRO EDUCACIONAL DONA OLGA,"RUA RUTE JOVINA DOS SANTOS, 286",1201,CEI DONA OLGA,"RUA RUTE JOVINA DOS SANTOS, 286",AREIAS,7
82430,33,1015,ESCOLA DE EDUCAÇÃO BÁSICA IMACULADO CORAÇÃO DE MARIA,"RUA JOSÉ MARCON, N. 53",1015,ESCOLA DE EDUCAÇÃO BÁSICA IMACULADO CORAÇÃO DE MARIA,"RUA JOSÉ MARCON, N. 53",CENTRO,0
82430,33,1023,SALÃO PAROQUIAL PEDRINHAS,"ESTRADA GERAL, S/N",1023,SALÃO PAROQUIAL PEDRINHAS,"ESTRADA GERAL, S/N",PEDRINHAS,0
82430,33,1031,ESCOLA DE ENSINO FUNDAMENTAL PROFESSOR JOÃO BATISTA BECKER,"ESTRADA GERAL, S/N",1031,ESCOLA DE ENSINO FUNDAMENTAL PROFESSOR JOÃO BATISTA BECKER,"ESTRADA GERAL, S/N",AZAMBUJA,0
82430,33,1040,ESCOLA ISOLADA RIBEIRÃO DA AREIA,"ESTRADA GERAL, S/N",1040,CENTRO EDUCACIONAL ROGÉRIO SORATO,"ESTRADA GERAL, S/N",RIBEIRAO DA AREIA,0
82430,33,1066,SALÃO PAROQUIAL SÃO GABRIEL ARCANJO,"RUA PADRE ANTÔNIO MARANGONI, S/N",1066,SALÃO PAROQUIAL SÃO GABRIEL ARCANJO,"RUA PADRE ANTÔNIO MARANGONI, S/N",CENTRO,0
82430,33,1074,PSF - UNIDADE DE SAÚDE SÃO JOÃO,"ESTRADA GERAL, S/N",1074,PSF - UNIDADE DE SAÚDE SÃO JOÃO,"ESTRADA GERAL, S/N",SAO JOAO,0
82430,33,1082,SALÃO PAROQUIAL CANELA GRANDE,"ESTRADA GERAL, S/N",1082,SALÃO PAROQUIAL CANELA GRANDE,"ESTRADA GERAL, S/N",CANELA GRANDE,0
82430,33,1112,SALÃO PAROQUIAL SANTANINHA,"ESTRADA GERAL, S/N",1112,SALÃO PAROQUIAL SANTANINHA,"ESTRADA GERAL, S/N",SANTANINHA,0
82457,68,1015,ESCOLA DE EDUCAÇÃO BÁSICA MANOEL HENRIQUE DE ASSIS,"AVENIDA NEREU RAMOS, 105",1015,ESCOLA DE EDUCAÇÃO BÁSICA MANOEL HENRIQUE DE ASSIS,"AVENIDA NEREU RAMOS, 105",CENTRO,0
82457,68,1023,EJA - EDUCAÇÃO DE JOVENS E ADULTOS,"RUA PARANÁ, 39",1023,EJA - EDUCAÇÃO DE JOVENS E ADULTOS,"RUA PARANÁ, 39",ARMAÇÃO,0
82457,68,1163,ESCOLA BÁSICA MUNICIPAL JOÃO ANTÔNIO PINTO,"RUA TIJUCAS, 126",1163,ESCOLA BÁSICA MUNICIPAL JOÃO ANTÔNIO PINTO,"RUA TIJUCAS, 126",ARMAÇÃO,0
82457,68,1031,CAPELA SENHOR BOM JESUS,"AVENIDA EUGÊNIO KRAUSE, 5032",1031,CAPELA SENHOR BOM JESUS,"AVENIDA EUGÊNIO KRAUSE, 5032",ARMAÇÃO,0
82457,68,1040,ESCOLA DE ENSINO FUNDAMENTAL ANTÔNIO ROCHA DE ANDRADE,"RUA JÚLIA DA COSTA FLORES, N. 68",1040,ESCOLA DE ENSINO FUNDAMENTAL ANTÔNIO ROCHA DE ANDRADE,"RUA JÚLIA DA COSTA FLORES, N. 68",GRAVATÁ,0
82457,68,1066,ESCOLA DE EDUCAÇÃO BÁSICA PROFESSORA EDITH PRATES GONÇALVES,RUA VEREADOR ARNO REINALDO DA SILVA,1066,ESCOLA DE EDUCAÇÃO BÁSICA PROFESSORA EDITH PRATES GONÇALVES,RUA VEREADOR ARNO REINALDO DA SILVA,SANTA LÍDIA,0
82457,68,1090,ESCOLA MUNICIPAL ANTÔNIO JOAQUIM TAVARES,"RUA VEREADOR JOÃO MANOEL BENTO, S/N",1090,ESCOLA MUNICIPAL ANTÔNIO JOAQUIM TAVARES,"RUA VEREADOR JOÃO MANOEL BENTO, S/N",SÃO CRISTOVÃO,0
82457,68,1155,GRUPO ESCOLAR MUNICIPAL RAQUEL FIGUEREDO DE ASSIS,"RUA JOÃO MARIANO FURTADO, 274",1155,GRUPO ESCOLAR MUNICIPAL RAQUEL FIGUEREDO DE ASSIS,"RUA JOÃO MARIANO FURTADO, 274",ARMAÇÃO,0
82457,68,1147,ESCOLA BÁSICA MUNICIPAL RUBENS JOÃO DE SOUZA,"RUA CALIXTO LUIZ HONÓRIO, 325",1147,ESCOLA BÁSICA MUNICIPAL RUBENS JOÃO DE SOUZA,"RUA CALIXTO LUIZ HONÓRIO, 325",CENTRO,0
82457,68,1171,ESCOLA BÁSICA MUNICIPAL JOÃO BATISTA DA CRUZ,"RUA MARGARIDA VIEIRA, 885",1171,ESCOLA BÁSICA MUNICIPAL JOÃO BATISTA DA CRUZ,"RUA MARGARIDA VIEIRA, 885",PRAIA DE ARMAÇÃO DO ITAPOCOROY,0
82457,68,1180,GRUPO ESCOLAR MUNICIPAL ANTÔNIO JOSÉ TIAGO,"RUA FELIPE JOÃO ANACLETO, N. 1058",1180,GRUPO ESCOLAR MUNICIPAL ANTÔNIO JOSÉ TIAGO,"RUA FELIPE JOÃO ANACLETO, N. 1058",NOSSA SENHORA DE FÁTIMA,0
82473,9,1015,ESCOLA DE EDUCAÇÃO BÁSICA IRMA ANUNCIATA SPERANDIO,"RUA DO COMERCIO, 406 FONE (49) 34826128",1015,ESCOLA DE EDUCAÇÃO BÁSICA IRMÃ ANUNCIATA SPERANDIO,"RUA DO COMERCIO, 406 FONE (49) 34826128",CENTRO,0
82473,9,1040,ESCOLA MUNICIPALIZADA DE LAGEADO MIRIM,"ESTRADA GERAL, S/N",1040,CLUBE DE MÃES DE LAGEADO MIRIM,"ESTRADA GERAL, S/N",LAGEADO MIRIM,0
82473,9,1066,CENTRO COMUNITÁRIO DE ARROIO DO MEIO,"ESTRADA GERAL, S/N",1066,CENTRO COMUNITÁRIO DE ARROIO DO MEIO,"ESTRADA GERAL, S/N",ARROI DO MEIO,0
82473,9,1082,ESCOLA MUNICIPALIZADA DE LINHA CARAVAGIO,"ESTRADA GERAL, S/N",1082,CLUBE DE MÃES DE CARAVAGIO,"ESTRADA GERAL, S/N",CARAVAGIO,0
82473,9,1090,ESCOLA MUNICIPALIZADA DE LINHA MARIA GORETTI,"ESTRADA GERAL, S/N",1090,CENTRO COMUNITÁRIO DE MARIA GORETTI,"ESTRADA GERAL, S/N",LINHA MARIA GORETTI,0
83925,20,1066,ESCOLA MUNICIPAL DE EDUCAÇÃO BÁSICA NERI MENDONÇA DE SOUZA,"ESTRADA GERAL, S/N",1066,ESCOLA MUNICIPAL DE EDUCAÇÃO BÁSICA NERI MENDONÇA DE SOUZA,"RUA WALDEMAR GERALDINO BOA HORA, N. 301",LARANJEIRAS,0
83925,20,1074,CENTRO DE EDUCAÇÃO INFANTIL HORTÊNCIO BERNARDINO DE SOUZA,"ESTRADA GERAL, S/N",1074,CENTRO DE EDUCAÇÃO INFANTIL HORTÊNCIO BERNARDINO DE SOUZA - ESTIVA,"RUA ROQUE GUAREZI, 26",ESTIVA,0
83925,20,1082,ESCOLA DE EDUCAÇÃO BÁSICA DOMINGOS BARBOSA CABRAL,"RODOVIA SC 437, S/N",1082,ESCOLA DE EDUCAÇÃO BÁSICA DOMINGOS BARBOSA CABRAL,"RODOVIA SC 437, S/N",PESCARIA BRAVA - CENTRO,0
83925,20,1155,SALÃO PAROQUIAL DE SANTA LUZIA,ESTRADA GERAL,1090,SALÃO PAROQUIAL DE SANTA LUZIA,"RODOVIA SC 437 KM, S/N",SIQUEIRO,
83925,20,1015,ESCOLA DE EDUCAÇÃO BÁSICA PONTA DAS LARANJEIRAS,"ESTRADA GERAL, S/N",1015,ESCOLA DE EDUCAÇÃO BÁSICA PONTA DAS LARANJEIRAS,"ESTRADA GERAL, S/N",PONTA DAS LARANJEIRAS,0
83925,20,1104,ESCOLA DE EDUCAÇÃO BÁSICA PALMIRA MORAES DE MIRANDA,"ESTRADA GERAL, S/N",1104,ESCOLA DE EDUCAÇÃO BÁSICA PALMIRA MORAES DE MIRANDA,"ESTRADA GERAL, S/N",KM 37,0
83925,20,1023,ESCOLA DE EDUCAÇÃO BÁSICA LUIZ PACHECO DOS REIS,"ESTRADA GERAL, S/N",1023,ESCOLA DE EDUCAÇÃO BÁSICA LUIZ PACHECO DOS REIS,"RODOVIA 437, N 3849",BARREIROS,0
83925,20,1120,ESCOLA DE EDUCAÇÃO BÁSICA DOUTOR PAULO CARNEIRO,"ESTRADA GERAL, S/N",1120,ESCOLA DE EDUCAÇÃO BÁSICA DOUTOR PAULO CARNEIRO,RODOVIA SC 437 - N. 1301,SANTIAGO,0
83925,20,1112,ESCOLA DE EDUCAÇÃO BÁSICA PROFESSORA TOMÁZIA MENDONÇA FERNANDES,"ESTRADA GERAL, S/N",1112,ESCOLA BÁSICA PROF. TOMÁZIA MENDONÇA FERNANDES - SERTÃO DA ESTIVA,"AVENIDA ELIETE DE SOUZA, S/N",SERTÃO DA ESTIVA,0
83925,20,1031,ESCOLA DE EDUCAÇÃO BÁSICA HONORATA FREITAS,"ESTRADA GERAL, S/N",1031,ESCOLA DE EDUCAÇÃO BÁSICA HONORATA FREITAS,"ESTRADA GERAL, S/N",SERTÃO DO SIQUEIRO,0
83925,20,1040,ESCOLA DE EDUCAÇÃO BÁSICA DE TAQUARUÇU,"ESTRADA GERAL, S/N",1040,ESCOLA DE EDUCAÇÃO BÁSICA DE TAQUARUÇU,"ESTRADA GERAL, S/N",TAQUARUÇU,0
83925,20,1147,E. DE EDUCAÇÃO FUNDAMENTAL RIBEIRÃO DE PESCARIA BRAVA,"ESTRADA GERAL, S/N",1147,ESCOLA DE EDUCAÇÃO FUNDAMENTAL RIBEIRÃO DE PESCARIA BRAVA,"ESTRADA GERAL, S/N",RIBEIRÃO DE PESCARIA (VARGINHA),0
83925,20,1058,CENTRO DE EDUCAÇÃO INFANTIL PEIXINHO COLORIDO,"ESTRADA GERAL, S/N",1058,CENTRO DE EDUCAÇÃO INFANTIL PEIXINHO COLORIDO,"AVENIDA ELIETE DE SOUZA, 3440",CARREIRAS DO SIQUEIRO,0
83925,20,1139,SALÃO PAROQUIAL DO SERTÃO DO MEIO,"ESTRADA GERAL, S/N",1139,SALÃO PAROQUIAL SANTA PAULINA - SERTÃO DO MEIO,"ESTRADA GERAL, S/N",SERTÃO DO MEIO,0
82490,39,1015,ESCOLA DE ENSINO FUNDAMENTAL FREDERICO PROBST,ESTRADA GERAL RIO ANTINHAS,1015,ESCOLA DE ENSINO FUNDAMENTAL FREDERICO PROBST,ESTRADA GERAL RIO ANTINHAS,RIO ANTINHAS,0
82490,39,1023,CENTRO EDUCACIONAL PROFESSORA MARIA SAFIRA DA SILVEIRA,"RUA GERAL, S/N",1023,CENTRO EDUCACIONAL PROFESSORA MARIA SAFIRA DA SILVEIRA,"RUA GERAL, S/N",BARRA NOVA,0
82490,39,1031,ESCOLA MUNICIPAL ALTO BARRA NOVA,"RUA GERAL ALTO BARRA NOVA, S/N",1031,ESCOLA MUNICIPAL ALTO BARRA NOVA,"RUA GERAL ALTO BARRA NOVA, S/N",ALTO BARRA NOVA,0
82490,39,1040,ESCOLA MUNICIPAL INDAIA,"ESTRADA GERAL INDAIA, S/N",1040,ESCOLA MUNICIPAL INDAIA,"ESTRADA GERAL INDAIA, S/N",INDAIÁ,0
82490,39,1058,COLÉGIO ESTADUAL HERMES FONTES,"RUA GOVERNADOR CELSO RAMOS, S/N",1058,COLÉGIO ESTADUAL HERMES FONTES,"RUA GOVERNADOR CELSO RAMOS, S/N",CENTRO,0
82538,66,1015,ESCOLA DE EDUCAÇÃO BÁSICA JOSÉ MARCOLINO ECKERT,"RUA SANTO ANTÔNIO, N. 659",1201,PARÓQUIA SANTO ANTÔNIO,"AVENIDA BELO HORIZONTE, N. 2318",SANTO ANTONIO,67
82538,66,1171,GINÁSIO COMUNITÁRIO LINHA GALIAZZI,"ESTRADA GERAL, S/N",1171,GINÁSIO COMUNITÁRIO LINHA GALIAZZI,"ESTRADA GERAL, S/N",LINHA GALIAZZI,0
82538,66,1198,CEIM PEDRO SIMON,"RUA JOÃO PESSOA, N. 488",1198,CEIM PEDRO SIMON,"RUA JOÃO PESSOA, N. 488",SÃO JOSÉ,0
82538,66,1058,SALÃO COMUNITÁRIO LINHA TIRADENTES,"ESTRADA GERAL, S/N",1058,SALÃO COMUNITÁRIO LINHA TIRADENTES,"ESTRADA GERAL, S/N",LINHA TIRADENTES,0
82538,66,1112,SOCIEDADE ESPORTIVA E RECREATIVA FLOR DA SERRA,"RUA GRAÇA ARANHA, S/N",1112,SOCIEDADE ESPORTIVA E RECREATIVA FLOR DA SERRA,"RUA GRAÇA ARANHA, S/N",DISTRITO DE MACHADO,0
82538,66,1120,GINÁSIO DE ESPORTES - COMUNIDADE DA LINHA PIO X,"ESTRADA GERAL, S/N",1120,GINÁSIO DE ESPORTES - COMUNIDADE DA LINHA PIO X,"ESTRADA GERAL, S/N",LINHA PIO X,0
82538,66,1155,HORUS FACULDADES,"AVENIDA BRASÍLIA, 625",1155,HORUS FACULDADES,"AVENIDA BRASÍLIA, 625",CENTRO,0
82554,47,1015,ESCOLA DE EDUCAÇÃO BÁSICA PROFESSORA MAURA SENNA PEREIRA,"RUA OCLIDES BENEDITO SCORTEGAGNA, N. 55",1015,ESCOLA DE EDUCAÇÃO BÁSICA PROFESSORA MAURA SENNA PEREIRA,"RUA OCLIDES BENEDITO SCORTEGAGNA, N. 55",CENTRO,0
82570,37,1015,ESCOLA MUNICIPAL AMELIA POLETTO HEPP,RUA BOA VSITA ,1015,ESCOLA MUNICIPAL AMELIA POLETTO HEPP,RUA BOA VSITA,CENTRO,33
82570,37,1031,ESCOLA MUNICIPAL RODOLFO HOLEWERGER,"ESTRADA GERAL, S/N FONE (49) 3553 0280",1031,ESCOLA MUNICIPAL RODOLFO HOLEWERGER,ESTRADA GERAL,LAGEADO MARIANO,13
82570,37,1040,CLUBE DE LINHA SERRARIA,"RODOVIA SC 303 KM, S/N",1040,CLUBE DE LINHA SERRARIA,RODOVIA SC 303 KM,LINHA SERRARIA,15
82570,37,1058,PAVILHÃO DA IGREJA NOSSA SENHORA DE FÁTIMA,"ESTRADA GERAL, S/N, FONE (49) 3553 0260",1058,PAVILHÃO DA IGREJA NOSSA SENHORA DE FÁTIMA,ESTRADA GERAL,ARROIO BONITO,0
82570,37,1066,ESCOLA BASICA MARECHAL CAMARA,"ESTRADA GERAL, S/N FONE (49) 3553 0466",1066,ESCOLA BASICA MARECHAL CAMARA,ESTRADA GERAL,LINHA URUGUAI,0
82570,37,1082,ESCOLA REUNIDAS ZONALTA,"ESTRADA GERAL, S/N FONE (49) 3553 0273",1082,ESCOLA REUNIDAS ZONALTA,ESTRADA GERAL,ZONA ALTA,18
80543,70,1023,PRÉ ESCOLA RECINTO DO AMIGUINHOS,"ESTRADA GERAL, S/N",1023,CENTRO COMUNITÁRIO LINHA TARUMÃ,ESTRADA GERAL,LINHA TARUMA,0
80543,70,1031,ESCOLA MUNICIPAL NUCLEADA PLANALTO ALEGRE,"RUA DA PAZ, N.88",1031,ESCOLA MUNICIPAL NUCLEADA PLANALTO ALEGRE,"RUA DA PAZ, N.88",CENTRO,0
80543,70,1040,SALÃO COMUNITÁRIO DA LINHA TOPE DA SERRA,"ESTRADA GERAL, S/N",1040,SALÃO COMUNITÁRIO DA LINHA TOPE DA SERRA,"ESTRADA GERAL, S/N",LINHA TOPE DA SERRA,0
80543,70,1090,GINÁSIO DE ESPORTES LINHA TAQUARINHA,"ESTRADA GERAL, S/N",1090,GINÁSIO DE ESPORTES LINHA TAQUARINHA,"ESTRADA GERAL, S/N",LINHA TAQUARINHA,0
82597,55,1015,COLÉGIO SINODAL DOUTOR BLUMENAU,"AVENIDA 21 DE JANEIRO, N. 1180",1015,COLÉGIO SINODAL DOUTOR BLUMENAU,"AVENIDA 21 DE JANEIRO, N. 1180",CENTRO,0
82597,55,1031,ESCOLA DE EDUCAÇÃO BÁSICA JOSÉ BONIFÁCIO,"RUA FREDERICO WEEGE, N. 146",1031,ESCOLA DE EDUCAÇÃO BÁSICA JOSÉ BONIFÁCIO,"RUA FREDERICO WEEGE, N. 146",CENTRO,0
82597,55,1040,ESCOLA DE EDUCAÇÃO BÁSICA MUNICIPAL PROFESSOR VIDAL FERREIRA,"RUA LEOPOLDO BLAESE, N. 170",1040,ESCOLA DE EDUCAÇÃO BÁSICA MUNICIPAL PROFESSOR VIDAL FERREIRA,"RUA LEOPOLDO BLAESE, N. 170",POMERODE FUNDOS,0
82597,55,1058,ESCOLA DE EDUCAÇÃO BÁSICA PRESIDENTE PRUDENTE DE MORAIS,"RUA TANCREDO TASCA, N. 257",1058,ESCOLA DE EDUCAÇÃO BÁSICA PRESIDENTE PRUDENTE DE MORAIS,"RUA TANCREDO TASCA, N. 257",TESTO REGA,0
82597,55,1066,ESCOLA BÁSICA MUNICIPAL ALMIRANTE BARROSO,"RUA MORRO STRASSMANN, N. 140",1066,ESCOLA BÁSICA MUNICIPAL ALMIRANTE BARROSO,"RUA MORRO STRASSMANN, N. 140",TESTO REGA,0
82597,55,1074,ESCOLA BÁSICA MUNICIPAL OLAVO BILAC,"RODOVIA SC 418, KM 9, N. 10405",1074,ESCOLA BÁSICA MUNICIPAL OLAVO BILAC,"RODOVIA SC 418, KM 9, N. 10405",TESTO CENTRAL,0
82597,55,1082,ESCOLA DE EDUCAÇÃO BÁSICA MUNICIPAL NOEMI VIEIRA DE CAMPOS SCHROEDER,"RUA DOS ATIRADORES, N. 5427",1082,ESCOLA DE EDUCAÇÃO BÁSICA MUNICIPAL NOEMI VIEIRA DE CAMPOS SCHROEDER,"RUA DOS ATIRADORES, N. 5427",TESTO CENTRAL ALTO,0
82597,55,1090,ESCOLA BÁSICA MUNICIPAL DOUTOR AMADEU DA LUZ,"RUA HILDA AUGUSTA GUILHERMINA VOLKMANN, N. 400",1090,ESCOLA BÁSICA MUNICIPAL DOUTOR AMADEU DA LUZ,"RUA HILDA AUGUSTA GUILHERMINA VOLKMANN, N. 400",TESTO ALTO,0
82597,55,1112,ESCOLA MUNICIPAL DOUTOR WUNDERWALD,"RUA DOUTOR WUNDERWALD, N. 3009",1112,ESCOLA MUNICIPAL DOUTOR WUNDERWALD,"RUA DOUTOR WUNDERWALD, N. 3009",WUNDERWALD,0
82597,55,1333,ESCOLA BÁSICA MUNICIPAL HERMANN GUENTHER,"RUA HERMANN GUENTHER, N. 700",1333,ESCOLA BÁSICA MUNICIPAL HERMANN GUENTHER,"RUA HERMANN GUENTHER, N. 700",RIBEIRÃO CLARA,0
82597,55,1236,ESCOLA DE EDUCAÇÃO BÁSICA MUNICIPAL DUQUE DE CAXIAS,"RUA RIBEIRÃO AREIA, N. 2050",1236,ESCOLA DE EDUCAÇÃO BÁSICA MUNICIPAL DUQUE DE CAXIAS,"RUA RIBEIRÃO AREIA, N. 2050",RIBEIRÃO AREIA,0
82597,55,1341,ESCOLA DE EDUCAÇÃO BÁSICA MUNICIPAL PROFESSOR CURT BRANDES,"RUA HERMANN WEEGE, N. 1222",1341,ESCOLA DE EDUCAÇÃO BÁSICA MUNICIPAL PROFESSOR CURT BRANDES,"RUA HERMANN WEEGE, N. 1222",CENTRO,0
82619,11,1015,COLÉGIO ESTADUAL SÃO TARCÍSIO,"RUA 31 DE MARCO, N. 100",1015,COLÉGIO ESTADUAL SÃO TARCÍSIO,"RUA 31 DE MARCO, N. 100",CENTRO,0
82619,11,1031,SALÃO DE FESTAS DA IGREJA DO BOM JESUS,"ESTRADA GERAL, S/N",1031,SALÃO DE FESTAS DA IGREJA DO BOM JESUS,"ESTRADA GERAL, S/N",CERRADO,0
82619,11,1040,ESCOLA BÁSICA IRMÃ GERTRUDES,"RUA ARAQUARI, N. 125",1040,ESCOLA BÁSICA IRMÃ GERTRUDES,"RUA ARAQUARI, N. 125",VILA NOVA,0
82619,11,1074,SALÃO DE FESTAS DA IGREJA DO FAXINAL DO ESTREITO,"RODOVIA BR 116 KM, S/N",1074,SALÃO DE FESTAS DA IGREJA DO FAXINAL DO ESTREITO,"RODOVIA BR 116 KM, S/N",FAXINAL DO ESTREITO,0
82619,11,1058,SALÃO DE FESTAS DE CERRO VERDE,"ESTRADA GERAL DE CERRO VERDE, S/N",1058,SALÃO DE FESTAS DE CERRO VERDE,"ESTRADA GERAL DE CERRO VERDE, S/N",CERRO VERDE,0
80926,11,1015,COLÉGIO ESTADUAL FREI ROGÉRIO,"RUA SANTA CATARINA, N. 414",1015,COLÉGIO ESTADUAL FREI ROGÉRIO,"RUA SANTA CATARINA, N. 414",CENTRO,0
82635,63,1015,E.E.B. DOM VITAL,"RUA TRÊS DE MAIO, N. 250",1015,E.E.B. DOM VITAL,"RUA TRÊS DE MAIO, N. 250",CENTRO,63
82635,63,1023,ESCOLA BÁSICA MUNICIPAL ANTÔNIO PAGLIA,"RUA VERANÓPOLIS, 290",1023,ESCOLA BÁSICA MUNICIPAL ANTÔNIO PAGLIA,"RUA VERANÓPOLIS, 290",ANTÔNIO PAGLIA,162
82635,63,1104,E.E.B. BELERMINO VICTOR DALLA VECCHIA,"RUA ADEMAR JOSÉ RAUBER, N. 15,",1104,E.E.B. BELERMINO VICTOR DALLA VECCHIA,"RUA ADEMAR JOSÉ RAUBER, N. 15,",BAIA ALTA,33
82635,63,1139,GINÁSIO DE ESPORTES PADRE SÍRIO MOTER,"ESTRADA GERAL, S/N",1139,GINÁSIO DE ESPORTES PADRE SÍRIO MOTER,"ESTRADA GERAL, S/N",BAIA BAIXA,12
82635,63,1244,CENTRO COMUNITÁRIO DA FAZENDA SANTA TEREZINHA,"RODOVIA BR 282, KM 465, S/N",1244,CENTRO COMUNITÁRIO DA FAZENDA SANTA TEREZINHA,"RODOVIA BR 282, KM 465, S/N",FAZENDA SANTA TEREZINHA,13
82635,63,1228,ESCOLA REUNIDA MUNICIPAL TANCREDO DE ALMEIDA NEVES,"RUA ADÃO TOBIAS, S/N",1228,ESCOLA REUNIDA MUNICIPAL TANCREDO DE ALMEIDA NEVES,"RUA ADÃO TOBIAS, S/N",VILA POUSO DOS TROPEIROS,5
82651,31,1015,CENTRO EDUCACIONAL PROFESSORA ALDA FURTADO DOS SANTOS,"RUA MANOEL IRINEU DA SILVA, 152",1015,ESCOLA PROFESSORA ALDA FURTADO DOS SANTOS - SANTA LUZIA,"RUA MANOEL IRINEU DA SILVA, 152",SANTA LUZIA,0
82651,31,1023,ESCOLA DE EDUCAÇÃO BÁSICA TIRADENTES,"RUA VEREADOR JOSÉ MANOEL SERPA, 262",1023,ESCOLA TIRADENTES - CENTRO,"RUA VEREADOR JOSÉ MANOEL SERPA, 262",CENTRO,0
82651,31,1031,NÚCLEO DE DESENVOLVIMENTO INFANTIL ANTONIO MANOEL DOS SANTOS,"RUA ANTÔNIO JOSÉ DE AQUINO, 40",1031,CRECHE DO ARAÇÁ,"RUA ANTÔNIO JOSÉ DE AQUINO, 101",ARAÇÁ,0
82651,31,1040,ESCOLA MUNICIPAL CATARINA BENEDITA GUERREIRO,"RUA RUBENS ALVES, 890",1040,ESCOLA CATARINA BENEDITA GUERREIRO - PEREQUÊ,"RUA RUBENS ALVES, 890",PEREQUÊ,0
82651,31,1058,ESCOLA MUNICIPAL FIDELIS ANTONIO GARCIA,"RUA JOSÉ BENTO SILVINO, 108",1058,ESCOLA FIDELIS ANTONIO GARCIA - SERTÃO SANTA LUZIA,"RUA BENTO JOÃO SILVINO, 108",SERTÃO DE SANTA LUZIA,0
82651,31,1066,ESCOLA MUNICIPAL PEDRO ALEMÃO ANTONIO RICHARTZ,"AV. JOSÉ NOELI CRUZ, 3572",1066,ESCOLA PEDRO ALEMÃO - ALTO PEREQUÊ,"AV. JOSÉ NOELI CRUZ, 3572",ALTO PEREQUÊ,0
82651,31,1074,ESCOLA BÁSICA MUNICIPAL PROFESSORA NAIR REBELLO DOS SANTOS,"RUA FRANCISCO SEVERIANO DOS SANTOS, 192",1074,ESCOLA PROFESSORA NAIR REBELLO - VILA NOVA,"RUA FRANCISCO SEVERIANO DOS SANTOS, 192",VILA NOVA,0
82651,31,1082,SALÃO DE FESTAS DO ARAÇÁ,"RUA ANTÔNIO JOSÉ DE AQUINO, S/N",1082,SALÃO DE FESTAS DO ARAÇÁ,"RUA ANTÔNIO JOSÉ DE AQUINO, S/N",ARAÇÁ,0
82651,31,1090,ESCOLA BÁSICA MUNICIPAL OLINDA PEIXOTO,"RUA SÃO JOSÉ, S/N",1090,ESCOLA OLINDA PEIXOTO - PEREQUÊ,"RUA SÃO JOSÉ, S/N",PEREQUÊ,0
82678,25,1015,CENTRO CULTURAL 25 DE JULHO,"RUA ANTIOCHO PEREIRA, 208",1015,CENTRO CULTURAL 25 DE JULHO,"RUA ANTIOCHO PEREIRA, 208",CENTRO,0
82678,25,1058,COLEGIO ESTADUAL CORONEL CID GONZAGA,"RUA AGNES GUALBERTO, S/N",1058,COLEGIO ESTADUAL CID GONZAGA,"RUA AGNES GUALBERTO, S/N",CENTRO,0
82678,25,1546,COLÉGIO SÃO JOSÉ,"RUA JOSÉ BOITEUX, 676",1597,COLÉGIO SÃO JOSÉ,"RUA JOSÉ BOITEX, 676",CENTRO,
82678,25,1066,ESCOLA DE EDUCAÇÃO BÁSICA PROFESSOR BALDUINO CARDOSO,"RUA GENERAL BORMANN, 162",1066,ESCOLA BÁSICA BALDUÍNO CARDOSO,"RUA GENERAL BORMANN, 162",CENTRO,0
82678,25,1104,COLÉGIO ESTADUAL ANTONIO GONZAGA,"RUA FRANCISCO DE SOUZA BACELAR, 742",1104,ESCOLA BÁSICA ANTÔNIO GONZAGA,"RUA FRANCISCO DE SOUZA BACELAR, 742",SANTA ROSA,0
82678,25,1139,COLÉGIO ESTADUAL PROFESSOR GERMANO WAGENFUHR,"RUA LEOBERTO LEAL, 171",1139,ESCOLA BÁSICA GERMANO WAGENFUHR,"RUA LEOBERTO LEAL, 171",SÃO PEDRO,0
82678,25,1147,SALAO PAROQUIAL,"RUA CIDADAO LUIZ MELO, S/N",1147,SALAO PAROQUIAL DO SÃO PEDRO,"RUA CIDADAO LUIZ MELO, S/N",SÃO PEDRO,0
82678,25,1155,COLÉGIO ESTADUAL NILO PECANHA,"RUA FRANCISCO PELUSK, S/N",1155,ESCOLA BÁSICA NILO PEÇANHA,"RUA FRANCISCO PELUSK, S/N",VICE KING,0
82678,25,1163,CENTRO INTEGRADO MUNICIPAL DE PRIMEIRO GRAU PROFESSOR FERNANDO SOBRAL,"RUA ITALIA, 20",1163,NÚCLEO EDUCACIONAL FERNANDO SOBRAL,"RUA ITALIA, 20",BELA VISTA,0
82678,25,1171,ESCOLA MUNICIPAL DE SAO BERNARDO DOS CAMPOS,"RUA FREI CANIZIO, 64 B",1171,NÚCLEO EDUCACIONAL SÃO BERNARDO DOS CAMPOS,"RUA FREI CANIZIO, 64 B",CONJUNTO SÃO BERNARDO DO CAMPO,0
82678,25,1198,CLUBE CANTOS DE AURORA DO MARATÁ,"RUA GERAL, S/N",1198,CLUBE CANTOS DE AURORA DO MARATÁ,"RUA GERAL, S/N",MARATA,0
82678,25,1201,ESCOLA BASICA FREI DEODATO,SC 135,1201,NÚCLEO EDUCACIONAL FREI DEODATO,SC 135,SÃO MIGUEL,0
82678,25,1210,NUCLEO EDUCACIONAL DE LANCA,"RUA GERAL, S/N",1210,NUCLEO EDUCACIONAL DA LANÇA,"RUA GERAL, S/N",LANÇA,0
82678,25,1228,SALÃO PAROQUIAL DA IGREJA CATÓLICA DE NOVA GALÍCIA,"ESTRADA GERAL, S/N",1228,SALÃO PAROQUIAL DA NOVA GALÍCIA,"ESTRADA GERAL, S/N",NOVA GALICIA,0
82678,25,1236,COLEGIO ESTADUAL PROFESSOR CLEMENTINO BRITTO,"RUA GETULIO VARGAS, 151",1236,COLEGIO ESTADUAL CLEMENTINO BRITTO,"RUA GETULIO VARGAS, 151",SANTA CRUZ DO TIMBÓ,0
82678,25,1244,ESCOLA ISOLADA DE SAO PEDRO DO TIMBO,"RUA GERAL, S/N",1244,NÚCLEO EDUCACIONAL DE SÃO PEDRO DO TIMBÓ,"RUA GERAL, S/N",COLONIA SÃO PEDRO DO TIMBÓ,0
82678,25,1252,ESCOLA ISOLADA DE JANGADA,"RUA GERAL, S/N",1252,ESCOLA ISOLADA DE JANGADA,"RUA GERAL, S/N",JANGADA,0
82678,25,1287,ESCOLA ISOLADA DE RIO BONITO,"RUA GERAL, S/N",1287,ESCOLA ISOLADA DE RIO BONITO,"RUA GERAL, S/N",RIO BONITO,0
82678,25,1309,SALÃO PAROQUIAL DA COMUNIDADE DE LAJEADO DAS ANTAS,"ESTRADA GERAL, S/N",1309,SALÃO PAROQUIAL DE LAJEADO DAS ANTAS,"ESTRADA GERAL, S/N",LAGEADO DAS ANTAS,0
82678,25,1333,SALÃO PARAQUIAL DO PINTADO,BR 280,1333,SALÃO PAROQUIAL DO PINTADO,BR 280,PINTADO,0
82678,25,1341,CAPELA DO PINTADINHO,SC 135,1341,CAPELA DO PINTADINHO,SC 135,PINTADINHO,0
82678,25,1350,ESCOLA DA CABECEIRA DA BARRA GRANDE,"RUA GERAL, S/N",1350,SALÃO PAROQUIAL DA CABECEIRA DA BARRA GRANDE,"RUA GERAL, S/N",CABECEIRA DA BARRA GRANDE,0
82678,25,1384,ESCOLA ISOLADA DO LEGRU,"RUA GERAL, S/N",1384,NÚCLEO EDUCACIONAL DO LEGRU,"RUA GERAL, S/N",LEGRU,0
82678,25,1422,NUCLEO EDUCACIONAL JORNALISTA HERMINIO MILLIS,"AVENIDA HERMENEGILDO ALVES MARCONDES, S/N",1422,NUCLEO EDUCACIONAL HERMINIO MILLIS,"AVENIDA HERMENEGILDO ALVES MARCONDES, S/N",DISTRITO INDUSTRIAL,0
82678,25,1481,CENTRO COMUNITARIO CONJUNTO HABITACIONAL PORTO UNIAO,"RUA PROJETADA, S/N FONE (42) 5231486",1481,CENTRO COMUNITARIO CONJUNTO PORTO UNIAO,"RUA PROJETADA, S/N FONE (42) 5231486",CONJUNTO HABITACIONAL PORTO UNIÃO,0
82678,25,1503,UNIVERSIDADE DO CONTESTADO,"RUA JOAQUIM NABUCO, 314",1503,UNIVERSIDADE DO CONTESTADO,"RUA JOAQUIM NABUCO, 314",CIDADE NOVA,0
82694,57,1015,ESCOLA DE EDUCAÇÃO BÁSICA ARNO SIEVERDT,"RUA 7 DE SETEMBRO, 329",1015,ESCOLA DE EDUCAÇÃO BÁSICA ARNO SIEVERDT,"RUA 7 DE SETEMBRO, 329",INDEPENDÊNCIA,0
82694,57,1023,CENTRO EDUCACIONAL PADRE JOSÉ BALISTIERI,"ESTRADA GERAL, S/N",1023,CENTRO EDUCACIONAL PADRE JOSÉ BALISTIERI,"ESTRADA GERAL, S/N",CORRUCHEL,0
82694,57,1066,CENTRO EDUCACIONAL PADRE DIONÍSIO PELUSO,"ESTRADA GERAL, S/N",1066,CENTRO EDUCACIONAL PADRE DIONÍSIO PELUSO,"ESTRADA GERAL, S/N",ALTO POMBINHAS,0
82694,57,1040,CENTRO EDUCACIONAL POMBINHAS,"ESTRADA GERAL, S/N",1040,CENTRO EDUCACIONAL POMBINHAS,"ESTRADA GERAL, S/N",POMBINHAS,0
82694,57,1074,ESCOLA DE EDUCAÇÃO BÁSICA LETÍCIA POSSAMAI,"RUA JOSÉ VALENTE DE CAMPOS, S/N",1074,ESCOLA DE EDUCAÇÃO BÁSICA LETÍCIA POSSAMAI,"RUA JOSÉ VALENTE DE CAMPOS, S/N",DISTRITO DE ATERRADO,0
82694,57,1236,ESCOLA DE EDUCAÇÃO BÁSICA PROF. ANAIR MARGARIDA VOLTOLINI,"RUA ELLA STHAMER, 400",1236,ESCOLA DE EDUCAÇÃO BÁSICA PROF. ANAIR MARGARIDA VOLTOLINI,"RUA ELLA STHAMER, 400",PROGRESSO,0
82694,57,1210,CENTRO EDUCACIONAL MÁXIMO NARDELLI,"ESTRADA GERAL, S/N",1210,CENTRO EDUCACIONAL MÁXIMO NARDELLI,"ESTRADA GERAL, S/N",VILA ADELAIDE,0
82716,54,1015,ESCOLA DE EDUCAÇÃO BÁSICA BULCÃO VIANA,"RUA IRINEU BORNHAUSEN, 383",1015,ESCOLA DE EDUCAÇÃO BÁSICA BULCÃO VIANA,"RUA IRINEU BORNHAUSEN, 383",CENTRO,0
82716,54,1023,ESCOLA DE EDUCAÇÃO BÁSICA ABEL ESTEVES DE AGUIAR,RODOVIA SC 108 - CACHOEIRA DE FÁTIMA,1023,ESCOLA DE EDUCAÇÃO BÁSICA ABEL ESTEVES DE AGUIAR,RODOVIA SC 108 - CACHOEIRA DE FÁTIMA,CACHOEIRA,0
82732,9,1015,ESCOLA DE EDUCAÇÃO BÁSICA DOIS IRMAOS,"AVENIDA 17 DE FEVEREIRO, 204 FONE (49) 34828060",1015,ESCOLA DE EDUCAÇÃO BÁSICA DOIS IRMAOS,"AVENIDA 17 DE FEVEREIRO, 204 FONE (49) 3482 6080",CENTRO,0
82732,9,1023,ESCOLA MUNICIPAL DE LINHA IMIGRA,"ESTRADA GERAL, S/N",1023,CENTRO COMUNITÁRIO OLIVO MORES (IMIGRA),"ESTRADA GERAL, S/N",LINHA IMIGRA,0
82732,9,1058,ESCOLA MUNICIPAL DE LINHA TAQUARAL,"ESTRADA GERAL, S/N FONE (49) 34571217",1058,ESCOLA MUNICIPAL DE TAQUARAL,"ESTRADA GERAL, S/N FONE (49) 3457 1217",LINHA TAQUARAL,0
82759,14,1015,ESCOLA DE EDUCAÇÃO BÁSICA ORLANDO BERTOLLI,"RUA NEREU RAMOS, N. 174",1015,ESCOLA DE EDUCAÇÃO BÁSICA ORLANDO BERTOLLI,"RUA NEREU RAMOS, N. 174",CENTRO,0
82759,14,1023,ESCOLA MUNICIPAL DE EDUCAÇÃO BÁSICA TANCREDO NEVES,"RUA , RUDOLFO HAERTAL, N 111",1023,ESCOLA MUNICIPAL DE EDUCAÇÃO BÁSICA TANCREDO NEVES,"RUA RUDOLFO HAERTAL, N 111",PINHEIRO,0
82759,14,1031,ESCOLA DE EDUCAÇÃO BÁSICA CECÍLIA AX,"RUA ABEL CEOLA, N. 204",1031,ESCOLA DE EDUCAÇÃO BÁSICA CECÍLIA AX,"RUA ABEL CEOLA, N. 204",RIBEIRÃO TUCANO,0
82759,14,1228,ESCOLA MUNICIPAL DE EDUCAÇÃO BÁSICA GUILHERME ROTERMEL,"RUA NITERÓI, N. 2590",1228,ESCOLA MUNICIPAL DE EDUCAÇÃO BÁSICA GUILHERME ROTERMEL,"RUA NITERÓI, N. 2590",NITERÓI,0
82759,14,1104,ESCOLA DE EDUCAÇÃO BÁSICA PAPA JOÃO XXIII,"ESTRADA GERAL, S/N",1104,ESCOLA DE EDUCAÇÃO BÁSICA PAPA JOÃO XXIII,"ESTRADA GERAL, S/N",MIRADOR,0
82759,14,1120,ESCOLA DE EDUCAÇÃO BÁSICA BERNARDO MULLER,"ESTRADA GERAL, S/N",1120,ESCOLA DE EDUCAÇÃO BÁSICA BERNARDO MULLER,"ESTRADA GERAL, S/N",SERRA DOS ÍNDIOS,0
82759,14,1155,ESCOLA MUNICIPAL DE EDUCAÇÃO BÁSICA WALTER BUSS,"ESTRADA GERAL, S/N",1155,ESCOLA MUNICIPAL DE EDUCAÇÃO BÁSICA WALTER BUSS,"ESTRADA GERAL, S/N",CAMINHO PAPANDUVA,0
82759,14,1244,CENTRO DE EDUCAÇÃO INFANTIL MUNICIPAL DOM QUIXOTE,"RUA HENRIQUE FUERBRINGER, 813",1244,CENTRO DE EDUCAÇÃO INFANTIL MUNICIPAL DOM QUIXOTE,"RUA HENRIQUE FUERBRINGER, 813",CENTRO,0
82759,14,1236,ESCOLA MUNICIPAL DE ENSINO FUNDAMENTAL FRANZ SCHNEIDER,"ESTRADA GERAL SERRA VENCIDA, S/N",1236,ESCOLA MUNICIPAL DE ENSINO FUNDAMENTAL FRANZ SCHNEIDER,"ESTRADA GERAL SERRA VENCIDA, S/N",SERRA VENCIDA,0
82775,102,1015,COLÉGIO ESTADUAL JOÃO TOLENTINO JÚNIOR,"RUA ROBERTO JUNGKLUAUS, N. 98",1015,COLÉGIO ESTADUAL JOÃO TOLENTINO JÚNIOR,"RUA ROBERTO JUNGKLUAUS, N. 98",CENTRO,0
82775,102,1031,SALAO DA CAPELA SANTA MARIA GORETE,ESTRADA GERAL,1031,SALÃO DA CAPELA SANTA MARIA GORETE,ESTRADA GERAL,BARRINHA,0
82775,102,1082,SALAO COMUNITARIO DA CAPELA SAO PEDRO,"ESTRADA GERAL, S/N",1082,SALÃO COMUNITÁRIO DA CAPELA SÃO PEDRO,"ESTRADA GERAL, S/N",THIEMANN,0
81647,50,1023,ESCOLA DE EDUCAÇÃO BÁSICA ANTENOR NASCENTES,"AVENIDA SANTA ROSA, N. 441",1023,ESCOLA DE EDUCAÇÃO BÁSICA ANTENOR NASCENTES,"AVENIDA SANTA ROSA, N. 441",CENTRO,0
81647,50,1074,ESCOLA PÚBLICA MUNICIPAL RENASCER,"RUA 7 DE SETEMBRO, 954",1074,ESCOLA PÚBLICA MUNICIPAL RENASCER,"RUA 7 DE SETEMBRO, 954",CENTRO,0
82791,78,1015,ESCOLA DE EDUCAÇÃO BÁSICA PROFESSORA JUREMA SAVI MILANEZ,"RUA SANTO ÂNGELO, N. 205",1015,ESCOLA DE EDUCAÇÃO BÁSICA PROFESSORA JUREMA SAVI MILANEZ,"RUA SANTO ÂNGELO, N. 205",CENTRO,0
82791,78,1040,ESCOLA DE ENSINO FUNDAMENTAL NOSSA SENHORA DA SALETE,"ESTRADA GERAL, S/N",1040,ESCOLA DE ENSINO FUNDAMENTAL NOSSA SENHORA DA SALETE,"ESTRADA GERAL, S/N",VILA GAUCHA,0
82791,78,1074,ESCOLA MUNICIPAL VISTA ALEGRE,"ESTRADA GERAL, S/N",1430,PAVILHÃO COMUNITÁRIO VISTA ALEGRE,ESTRADA GERAL VISTA ALEGRE,INTERIOR,52
82791,78,1210,PAVILHÃO COMUNITÁRIO DA LINHA NOVA BRASÍLIA,"ESTRADA GERAL, S/N",1210,PAVILHÃO COMUNITÁRIO DA LINHA NOVA BRASÍLIA,"ESTRADA GERAL, S/N",LINHA NOVA BRASILIA,0
82791,78,1112,CLUBE IPIRANGA,"ESTRADA GERAL, S/N",1112,CLUBE IPIRANGA,"ESTRADA GERAL, S/N",LINHA SÃO JOSÉ,0
82791,78,1287,UNOPAR - ELO SERVIÇOS EDUCACIONAIS LTDA,"RUA PRESIDENTE JUSCELINO, N. 240",1287,UNOPAR - ELO SERVIÇOS EDUCACIONAIS LTDA,"RUA PRESIDENTE JUSCELINO, N. 240",CENTRO,0
82791,78,1236,ESCOLA DE ENSINO FUNDAMENTAL PADRE BERNARDO,"ESTRADA GERAL, S/N",1236,ESCOLA DE ENSINO FUNDAMENTAL PADRE BERNARDO,"ESTRADA GERAL, S/N",LINHA SALTO SAUDADE,0
82813,67,1015,ESCOLA DE EDUCAÇÃO BÁSICA MARILDA LÊNIA DE ARAÚJO,"RUA JACOB GUILHERME BUNN, 170",1015,ESCOLA DE EDUCAÇÃO BÁSICA MARILDA LÊNIA DE ARAÚJO,"RUA JACOB GUILHERME BUNN, 170",CENTRO,0
82813,67,1031,ESCOLA DE EDUCAÇÃO BÁSICA ROBERTO SCHUTZ,"RUA EXPEDICIONÁRIO ADOLFO WERLICH, 120",1031,ESCOLA DE EDUCAÇÃO BÁSICA ROBERTO SCHUTZ,"RUA EXPEDICIONÁRIO ADOLFO WERLICH, 120",TAQUARAS,0
82813,67,1066,ESCOLA MUNICIPAL ALTAMIRO DINIZ,"RUA CAETANO SOARES, S/N",1066,ESCOLA MUNICIPAL ALTAMIRO DINIZ,"RUA CAETANO SOARES, S/N",MATO FRANCES,0
82813,67,1058,SALÃO DA CAPELA CATÓLICA DA INVERNADINHA,"ESTRADA GERAL DA INVERNADINHA, S/N",1058,SALÃO DA CAPELA CATÓLICA DA INVERNADINHA,"ESTRADA GERAL DA INVERNADINHA, S/N",INVERNADINHA,0
82830,6,1082,ESCOLA MUNICIPAL NUCLEADA JACINTA NUNES,"RUA JACOB WILLIBALD HARTMANN, N. 660",1082,ESCOLA NUCLEADA MUNICIPAL JACINTA NUNES,"RUA JACOB WILLIBALD HARTMANN, N. 600",CENTRO,0
82830,6,1031,COLEGIO ESTADUAL SANTOS ANJOS,"RUA ESTEFANO BONET, S/N",1031,ESCOLA DE EDUCAÇÃO BÁSICA SANTOS ANJOS,"RUA ESTEFANO BONET, 226",CENTRO,0
82830,6,1040,ESCOLA NUCLEADA MUNICIPAL SILVIA PARANHOS,"RUA HERCILIO LUZ, S/N",1040,ESCOLA NUCLEADA MUNICIPAL SILVIA PARANHOS,"RUA HERCILIO LUZ, S/N",IPOMEIA,0
82856,46,1015,COLEGIO ESTADUAL FERNANDO FERREIRA DE MELLO,"RUA 7 DE SETEMBRO, 70",1015,COLEGIO ESTADUAL FERNANDO FERREIRA DE MELLO,"RUA 7 DE SETEMBRO, 70",GUANABARA,0
82856,46,1023,ESCOLA ISOLADA DE RIO WALDRICH,"ESTRADA GERAL, S/N",1023,ESCOLA ISOLADA DE RIO WALDRICH,"ESTRADA GERAL, S/N",RIO WALDRICH,0
82856,46,1031,ESCOLA BASICA MAESTRO HEITOR VILA LOBOS,RUA JOÃO GARLINI N. 185,1031,ESCOLA BASICA MAESTRO HEITOR VILA LOBOS,RUA JOÃO GARLINI N. 185,TAIOZINHO,0
82856,46,1040,SALÃO DA COMUNIDADE DE ALTO RIO DO CAMPO,"ESTRADA GERAL, S/N",1040,SALÃO DA COMUNIDADE DE ALTO RIO DO CAMPO,"ESTRADA GERAL, S/N",ALTO RIO DO CAMPO,0
82856,46,1058,SALÃO DA COMUNIDADE DE RIO AZUL,"ESTRADA GERAL, S/N",1058,SALÃO DA COMUNIDADE DE RIO AZUL,"ESTRADA GERAL, S/N",RIO AZUL,0
82856,46,1074,ESCOLA BASICA DE SANTA MARIA,"ESTRADA GERAL, S/N",1074,ESCOLA BASICA DE SANTA MARIA,"ESTRADA GERAL, S/N",SANTA MARIA,0
82856,46,1120,ESCOLA BASICA WALDEMIRO COLAUTTI,"ESTRADA GERAL, S/N",1120,ESCOLA BASICA WALDEMIRO COLAUTTI,"ESTRADA GERAL, S/N",RIO DA PRATA,0
82856,46,1139,SALÃO DA COMUNIDADE DA SERRA DO MIRADOR,"ESTRADA GERAL, S/N",1139,SALÃO DA COMUNIDADE DA SERRA DO MIRADOR,"ESTRADA GERAL, S/N",SERRA DO MIRADOR,0
82856,46,1112,CENTRO DE EDUCAÇÃO INFANTIL BEM-TE-VI,"ESTRADA GERAL, S/N",1112,CENTRO DE EDUCAÇÃO INFANTIL BEM-TE-VI,"ESTRADA GERAL, S/N",RIO DA PRATA CENTRAL,0
82872,102,1015,PARQUE DE EXPOSICOES FEPOL,"RUA JOHN KENNEDY, S/N FONE (47) 8430339",1015,PARQUE DE EXPOSIÇÕES FEPOL,"RUA JOHN KENNEDY, S/N FONE (47) 8430339",CENTRO,0
82872,102,1023,SALÃO COMUNITÁRIO CRISTO REI,"ESTRADA GERAL, S/N",1023,SALÃO COMUNITÁRIO CRISTO REI,"ESTRADA GERAL, S/N",ÁGUAS VERDES,0
82872,102,1031,SALAO COMUNITARIO NOSSA SENHORA APARECIDA,"ESTRADA GERAL ALTO RIBEIRAO CAFE, S/N",1031,SALÃO COMUNITÁRIO NOSSA SENHORA APARECIDA,"ESTRADA GERAL ALTO RIBEIRAO CAFE, S/N",ALTO RIBEIRÃO CAFÉ,0
82872,102,1040,SALÃO COMUNITÁRIO SÃO SEBASTIÃO,"ESTRADA GERAL, S/N",1040,SALÃO COMUNITÁRIO SÃO SEBASTIÃO,"ESTRADA GERAL, S/N",ALTO SUMIDOR,0
82872,102,1058,SALÃO COMUNITÁRIO NOSSA SENHORA DAS DORES,"ESTRADA GERAL TOCA GRANDE 2, S/N",1058,SALÃO COMUNITÁRIO NOSSA SENHORA DAS DORES,"ESTRADA GERAL TOCA GRANDE 2, S/N",TOCA GRANDE 2,0
82872,102,1066,SALÃO COMUNITÁRIO NOSSA SENHORA DE FÁTIMA,"ESTRADA GERAL, S/N",1066,SALÃO COMUNITÁRIO NOSSA SENHORA DE FÁTIMA,"ESTRADA GERAL, S/N",ANGICO,0
82872,102,1074,SALÃO COMUNITÁRIO NOSSA SENHORA DO CARAVÁGIO,"RODOVIA SC 302, S/N",1074,SALÃO COMUNITÁRIO NOSSA SENHORA DO CARAVÁGIO,"RODOVIA SC 302, S/N",ANTA GORDA,0
82872,102,1082,SALAO COMUNITARIO SAO ROQUE,"ESTRADA GERAL CABECA D'ANTA, S/N",1082,SALÃO COMUNITÁRIO SÃO ROQUE,"ESTRADA GERAL CABECA D'ANTA, S/N",CABEÇA D'ANTA,0
82872,102,1090,SALAO COMUNITARIO DE SANTA LUZIA,"ESTRADA GERAL DE SANTA LUZIA, S/N",1090,SALÃO COMUNITÁRIO DE SANTA LUZIA,"ESTRADA GERAL DE SANTA LUZIA, S/N",SANTA LUZIA,0
82872,102,1104,SALÃO COMUNITÁRIO SÃO JOSÉ,"RODOVIA SC 302, S/N",1104,SALÃO COMUNITÁRIO SÃO JOSÉ,"RODOVIA SC 302, S/N",SÃO JOSÉ,0
82872,102,1112,ESCOLA DE ENSINO FUNDAMENTAL VEREADOR ALFREDO SCOTTINI,"ESTRADA GERAL DE TOCA GRANDE 1, S/N",1112,ESCOLA DE ENSINO FUNDAMENTAL VEREADOR ALFREDO SCOTTINI,"ESTRADA GERAL DE TOCA GRANDE 1, S/N",TOCA GRANDE 1,0
82872,102,1147,SALÃO COMUNITÁRIO SENHOR BOM JESUS,"ESTRADA GERAL, S/N",1147,SALÃO COMUNITÁRIO SENHOR BOM JESUS,"ESTRADA GERAL, S/N",RIBEIRÃO FRANZOI,0
82872,102,1198,GRUPO ESCOLAR FORTUNATO TARNOWSKI,"RUA ABILIO ELEUTERIO GONCALVES, S/N",1198,GRUPO ESCOLAR FORTUNATO TARNOWSKI,"RUA ABILIO ELEUTERIO GONCALVES, S/N",SERRA GABIROBA,0
82872,102,1163,SALÃO COMUNITÁRIO SÃO JORGE,"ESTRADA GERAL, S/N",1163,SALÃO COMUNITÁRIO SÃO JORGE,"ESTRADA GERAL, S/N",SERRA SÃO JORGE,0
82872,102,1171,SALAO COMUNITARIO SANTA ANA,"ESTRADA GERAL DE RIBEIRAO CAFE, S/N",1171,SALÃO COMUNITÁRIO SANTA ANA,"ESTRADA GERAL DE RIBEIRAO CAFE, S/N",RIBEIRÃO CAFÉ,0
82910,26,1015,COLÉGIO DOM BOSCO,"RUA SÃO JOÃO, N. 180",1015,COLÉGIO DOM BOSCO,"RUA SÃO JOÃO, 180",CENTRO,0
82910,26,1023,ESCOLA DE EDUCACAO BÁSICA PAULO ZIMMERMANN,"RUA SÃO JOÃO,  N. 115",1023,ESCOLA DE EDUCACAO BÁSICA PAULO ZIMMERMANN,"RUA SÃO JOÃO,  N. 115",CENTRO,0
82910,26,1040,COLÉGIO SINODAL RUY BARBOSA,"RUA RUI BARBOSA, N. 295",1040,COLÉGIO SINODAL RUY BARBOSA,"RUA RUI BARBOSA, N. 295",SUMARE,0
82910,26,1058,SESC - SERVIÇO SOCIAL DO COMERCIO (EM SUBTITUIÇAO ALFREDO DALFOVO),"RUA ENGENHEIRO ODEBRECHT, 500",1058,SESC - SERVIÇO SOCIAL DO COMERCIO (EM SUBTITUIÇAO ALFREDO DALFOVO),"RUA ENGENHEIRO ODEBRECHT, 500",BUDAG,0
82910,26,1066,CENTRO EDUCACIONAL SEBASTIÃO BACK (KRIECK),"AVENIDA OSCAR BARCELOS, N. 1400",1066,CENTRO EDUCACIONAL SEBASTIÃO BACK (KRIECK),"AVENIDA OSCAR BARCELOS, N. 1400",SANTANA,0
82910,26,1074,ESCOLA DE EDUCAÇÃO BÁSICA PROF. FREDERICO NAVARRO LINS,"RUA PATRICIO NOVELETTO, N. 445",1074,ESCOLA DE EDUCAÇÃO BÁSICA PROF. FREDERICO NAVARRO LINS,"RUA PATRICIO NOVELETTO, N. 445",BARRA DO TROMBUDO,0
82910,26,1082,ESCOLA DE EDUCAÇÃO BÁSICA DEPUTADO JOÃO CUSTÓDIO DA LUZ,"RUA PORTO VELHO, 191",1082,ESCOLA DE EDUCAÇÃO BÁSICA DEPUTADO JOÃO CUSTÓDIO DA LUZ,"RUA PORTO VELHO, 191",BOA VISTA,0
82910,26,1090,ESCOLA DE EDUCAÇÃO BÁSICA PAULO CORDEIRO,"RUA XV DE NOVEMBRO, N. 1441",1090,ESCOLA DE EDUCAÇÃO BÁSICA PAULO CORDEIRO,"RUA XV DE NOVEMBRO, N. 1441",LARANJEIRAS,0
82910,26,1104,CENTRO EDUCACIONAL ROBERTO MACHADO,"RUA SÃO FRANCISCO, 37",1104,CENTRO EDUCACIONAL ROBERTO MACHADO,"RUA SÃO FRANCISCO, 37",PROGRESSO,0
82910,26,1112,ESCOLA DE EDUCAÇÃO BÁSICA WILLY HERING,"RUA CONSELHEIRO WILLY HERING, N. 539",1112,ESCOLA DE EDUCAÇÃO BÁSICA WILLY HERING,"RUA CONSELHEIRO WILLY HERING, N. 539",BELA ALIANÇA,0
82910,26,1120,CENTRO DE EDUCAÇÃO INFANTIL FRANCISCO FLEISNER,"RUA GUSTAVO HASSE, N. 3512",1120,CENTRO DE EDUCAÇÃO INFANTIL FRANCISCO FLEISNER,"RUA GUSTAVO HASSE, N. 3512",BELA ALIANÇA,0
82910,26,1139,CENTRO EDUCACIONAL DANIEL MASCHIO,"RUA ANGELO CECHET, N. 333",1139,CENTRO EDUCACIONAL DANIEL MASCHIO,"RUA ANGELO CECHET, N. 333",BARRA DA ITOUPAVA,0
82910,26,1147,ESCOLA DE EDUCAÇÃO BÁSICA FRANCISCO ALTAMIR WAGNER,"ESTRADA BOA ESPERANÇA, N. 2590",1147,ESCOLA DE EDUCAÇÃO BÁSICA FRANCISCO ALTAMIR WAGNER,"ESTRADA BOA ESPERANÇA, N. 2590",FUNDO CANOAS,0
82910,26,1155,INSTITUTO FEDERAL DE EDUCAÇÃO CATARINENSE - ESCOLA AGROTÉCNICA FEDERAL,"ESTRADA DO REDENTOR, N. 5665",1155,INSTITUTO FEDERAL DE EDUCAÇÃO CATARINENSE - ESCOLA AGROTÉCNICA FEDERAL,"ESTRADA DO REDENTOR, N. 5665",CANTA GALO,0
82910,26,1163,CENTRO DE EDUCAÇÃO INFANTIL CANTINHO DO AMOR,"RUA  DOS VEREADORES, N. 4170",1163,CENTRO DE EDUCAÇÃO INFANTIL CANTINHO DO AMOR,"RUA  DOS VEREADORES, N. 4170",VALADA ITOUPAVA,0
82910,26,1171,CENTRO DE EDUCAÇÃO INFANTIL COBRAS,"RUA LUIZ ADELAR SOLDATELLI, S/N",1171,CENTRO DE EDUCAÇÃO INFANTIL COBRAS,"RUA LUIZ ADELAR SOLDATELLI, S/N",VALADA SÃO PAULO,0
82910,26,1180,CENTRO EDUCACIONAL WILLY SCHLEUMER,"RUA GERMANO CARLOS FRONZA, N. 49",1180,CENTRO EDUCACIONAL WILLY SCHLEUMER,"RUA GERMANO CARLOS FRONZA, N. 49",TABOÃO,0
82910,26,1198,SOCIEDADE ESPORTIVA E RECREATIVA ALBERTINENSE,"RODOVIA SC 302, KM 03, S/N",1198,SOCIEDADE ESPORTIVA E RECREATIVA ALBERTINENSE,"RODOVIA SC 302, KM 03, S/N",ALBERTINA,0
82910,26,1201,ESCOLA ISOLADA ALTO ITOUPAVA,"ESTRADA GERAL, S/N",1201,ESCOLA ISOLADA ALTO ITOUPAVA,"ESTRADA GERAL, S/N",ALTO ITOUPAVA,0
82910,26,1228,CENTRO EDUCACIONAL RICARDO MARCHI,"RUA EUGÊNIO MARCHI, S/N",1228,CENTRO EDUCACIONAL RICARDO MARCHI,"RUA EUGÊNIO MARCHI, S/N",SANTA RITA,0
82910,26,1236,EEB HENRIQUE DA SILVA FONTES (EM SUBST ANIBAL DE BARBA),RUA JACÓ FINARDI 1550,1236,ESCOLA DE EDUCAÇÃO BÁSICA ANÍBAL DE BARBA,"RUA DEPUTADO WALTER ROUSSENQ,156",CANTA GALO,0
82910,26,1244,ESCOLA DE EDUCAÇÃO FUNDAMENTAL LUIZ LEDRA,"ESTRADA BLUMENAU, N. 481",1244,ESCOLA DE EDUCAÇÃO FUNDAMENTAL LUIZ LEDRA,"ESTRADA BLUMENAU, N. 481",BARRA TABOÃO,0
82910,26,1252,CENTRO EDUCACIONAL PREFEITO LUIZ ADELAR SOLDATELLI (CEPLAS),"ESTRADA DA MADEIRA, N. 2000",1252,CENTRO EDUCACIONAL PREFEITO LUIZ ADELAR SOLDATELLI (CEPLAS),"ESTRADA DA MADEIRA, N. 2000",BARRAGEM,0
82910,26,1260,SALÃO DA CAPELA SÃO JORGE,"ESTRADA GERAL, S/N",1260,SALÃO DA CAPELA SÃO JORGE,"ESTRADA GERAL, S/N",SERRA TABOÃO,0
82910,26,1279,CEI PREFEITO DANILO LOURIVAL SCHMIDT (EM SUBST MATHEUS A CONCEIÇÃO,"R. KURT SCHROEDER - BUDAG, RIO DO SUL - SC, 89165-379",1279,CEI PREFEITO DANILO LOURIVAL SCHMIDT (EM SUBST MATHEUS A CONCEIÇÃO,"R. KURT SCHROEDER - BUDAG, RIO DO SUL - SC, 89165-379",BUDAG,0
82910,26,1287,CENTRO EDUCACIONAL PADRE ÂNGELO MOSER,"RUA SANTA CRUZ, S/N",1287,CENTRO EDUCACIONAL PADRE ÂNGELO MOSER,"RUA ITAMAR CARVALHO DA SILVA, 50",PROGRESSO,0
82910,26,1295,CENTRO COMUNITÁRIO DIVINO ESPÍRITO SANTO (CEI EGÍDIO DALMARCO),"RUA ARAUCÁRIA, N. 167",1295,ACARNAP - ASSOC. CULTURAL ANASTÁCIA DA RAÇA NEGRA(CEI EGÍDIO DALMARCO),"RUA ARAUCÁRIA, N. 167",JARDIM ALEXANDRO,0
82910,26,1309,CENTRO DE EDUCAÇÃO INFANTIL NAVEGANTES,"ESTRADA NAVEGANTES, S/N",1309,CENTRO DE EDUCAÇÃO INFANTIL NAVEGANTES,"ESTRADA NAVEGANTES, S/N",NAVEGANTES,0
82910,26,1317,ESCOLA MODELO ELLA KURTH,"RUA WILLAND KURTH, S/N",1317,ESCOLA MODELO ELLA KURTH,"RUA WILLAND KURTH, S/N",RAINHA,0
82899,55,1015,ESCOLA DE EDUCAÇÃO BÁSICA PROFESSOR GIOVANI TRENTINI,"RUA TRENTO, S/N",1015,ESCOLA DE EDUCAÇÃO BÁSICA PROFESSOR GIOVANI TRENTINI,"RUA TRENTO, S/N",DIVINÉIA,0
82899,55,1198,CEI ISABEL LONGO,"RUA JORGE LACERDA, 621",1198,CEI ISABEL LONGO,"RUA JORGE LACERDA, 621",CENTRO,0
82899,55,1058,ESCOLA MUNICIPAL EXPEDICIONÁRIO SERVINO MENGARDA,"AV. EXPEDICIONÁRIO ANSELMO LEITEMPERGHER, N. 4500",1058,ESCOLA MUNICIPAL EXPEDICIONÁRIO SERVINO MENGARDA,"AV. EXPEDICIONÁRIO ANSELMO LEITEMPERGHER, N. 4500",CEDRO CENTRAL,0
82899,55,1082,SALÃO NOSSA SENHORA AUXILIADORA - RIO CUNHA,"ESTRADA GERAL RIO CUNHA, S/N",1082,SALÃO NOSSA SENHORA AUXILIADORA - RIO CUNHA,"ESTRADA GERAL RIO CUNHA, S/N",RIO CUNHA,0
82899,55,1090,SALÃO DA COMUNIDADE LUTERANA RIO ADA,"RUA GERAL, S/N",1090,SALÃO DA COMUNIDADE LUTERANA RIO ADA,"RUA GERAL, S/N",RIO ADA,0
82899,55,1147,ESCOLA MUNICIPAL DE ENSINO FUNDAMENTAL PREFEITO JOÃO FLORIANI,"RUA NELO FLORIANI, N. 700",1147,ESCOLA MUNICIPAL DE ENSINO FUNDAMENTAL PREFEITO JOÃO FLORIANI,"RUA NELO FLORIANI, N. 700",RIO ROSINA,0
82899,55,1163,ESCOLA MUNICIPAL PROFESSOR NELSON BEYER,"ESTRADA GERAL ALTO CEDROS, S/N",1163,ESCOLA MUNICIPAL PROFESSOR NELSON BEYER,"ESTRADA GERAL ALTO CEDROS, S/N",ALTO CEDRO,0
82937,44,1015,ESCOLA DE EDUCAÇÃO BÁSICA NOSSA SENHORA DE FATIMA,"RUA 22 DE JULHO, N. 120",1015,ESCOLA DE EDUCAÇÃO BÁSICA NOSSA SENHORA DE FATIMA,"RUA 22 DE JULHO, 120 - CENTRO",CENTRO,0
82937,44,1023,CENTRO COMUNITARIO SANTO ANTONIO,"ESTRADA GERAL, S/N",1023,CENTRO COMUNITARIO SANTO ANTONIO,ESTRADA GERAL RIO CHAPÉU,RIO CHAPEU,0
82937,44,1031,CENTRO COMUNITARIO NOSSA SENHORA DA GLORIA,"ESTRADA GERAL, S/N",1031,CENTRO COMUNITARIO NOSSA SENHORA DA GLORIA,ESTRADA GERAL BARRA DO RIO CHAPÉU,BARRA DO RIO CHAPEU,0
82937,44,1040,CENTRO COMUNITÁRIO SÃO PEDRO E SÃO PAULO,"ESTRADA GERAL, S/N",1040,CENTRO COMUNITÁRIO SÃO PEDRO E SÃO PAULO,ESTRADA GERAL SERRINHA,SERRINHA,0
82937,44,1058,CENTRO COMUNITARIO RIO CLARO,"ESTRADA GERAL, S/N",1058,CENTRO COMUNITARIO RIO CLARO,ESTRADA GERAL RIO CLARO,RIO CLARO,0
82937,44,1074,ESCOLA MUNICIPALIZADA,"ESTRADA GERAL, S/N",1074,ESCOLA MUNICIPALIZADA,ESTRADA GERAL RIO AREÃO,RIO AREÃO,0
82937,44,1082,CENTRO COMUNITARIO SAO CLEMENTE,"ESTRADA GERAL, S/N",1082,CENTRO COMUNITARIO SAO CLEMENTE,ESTRADA GERAL RIO BRAVO BAIXO,RIO BRAVO BAIXO,0
82937,44,1090,CENTRO COMUNITARIO SAGRADO CORACAO DE JESUS,"ESTRADA GERAL, S/N",1090,CENTRO COMUNITARIO SAGRADO CORACAO DE JESUS,ESTRADA GERAL RIO DOS BUGRES,RIO DOS BUGRES,0
82937,44,1104,CENTRO COMUNITÁRIO BERNARDO HEIDEMANN,"ESTRADA GERAL, S/N",1104,CENTRO COMUNITÁRIO BERNARDO HEIDEMANN,ESTRADA GERAL RIO BRANCO,RIO BRANCO,0
82937,44,1112,ESCOLA MUNICIPAL JOSÉ BOEING,"AV. SETE DE SETEMBRO, N. 1677",1112,ESCOLA MUNICIPAL JOSÉ BOEING,"AV. SETE DE SETEMBRO, 1677 - CENTRO",CENTRO,0
82953,74,1015,ESCOLA DE ENSINO BÁSICO JORGE ZÍPPERER,"RUA CARLOS SPEICHER, N. 211",1015,ESCOLA DE EDUCAÇÃO BÁSICA JORGE ZÍPPERER,"RUA CARLOS SPEICHER, N. 211",VILA NOVA,0
82953,74,1023,ESCOLA DE ENSINO MÉDIO MANUEL DA NÓBREGA,"RUA DO SEMINÁRIO, 160",1023,ESCOLA DE ENSINO MÉDIO MANUEL DA NÓBREGA,"RUA DO SEMINÁRIO, 160",CENTRO,0
82953,74,1040,COLÉGIO CENECISTA SÃO JOSÉ,"RUA CAPITÃO OSMAR ROMÃO DA SILVA, 125",1040,COLÉGIO CENECISTA SÃO JOSÉ,"RUA CAPITÃO OSMAR ROMÃO DA SILVA, 125",CENTRO,0
82953,74,1066,ESCOLA DE EDUCAÇÃO BÁSICA PROFESSORA MARTA TAVARES,"OTÍLIA VIRMOND OLSEN, 161",1066,ESCOLA DE EDUCAÇÃO BÁSICA PROFESSORA MARTA TAVARES,"OTÍLIA VIRMOND OLSEN, 161",CRUZEIRO,0
82953,74,1074,ESCOLA MUN. DE EDUCAÇÃO BÁSICA PROFESSORA AURORA SIQUEIRA JABLONSKI,"RUA PREFEITO HUGO FISCHER, N. 539",1074,ESCOLA MUN. DE EDUCAÇÃO BÁSICA PROFESSORA AURORA SIQUEIRA JABLONSKI,"RUA PREFEITO HUGO FISCHER, N. 539",BELA VISTA,0
82953,74,1155,ESCOLA MUNICIPAL DE EDUCAÇÃO BÁSICA PREFEITO FREDERICO LAMPE,"RUA ARACY PINTO GUILGEN, N. 195",1155,ESCOLA MUNICIPAL DE EDUCAÇÃO BÁSICA PREFEITO FREDERICO LAMPE,"RUA ARACY PINTO GUILGEN, N. 195",SÃO PEDRO,0
82953,74,1104,ESCOLA DE EDUCAÇÃO BÁSICA LUIZ BERNARDO OLSEN,"RUA BERNARDO OLSEN NETO, 669",1104,ESCOLA DE EDUCAÇÃO BÁSICA LUIZ BERNARDO OLSEN,"RUA BERNARDO OLSEN NETO, 669",DISTRITO (VILA DE VOLTA GRANDE),0
82953,74,1112,ESCOLA MUNICIPAL DE EDUCAÇÃO BÁSICA PADRE DOUTOR TOMAS GASSER,"RODOVIA SC 422, S/N",1112,CENTRO MUNICIPAL DE EDUCAÇÃO INFANTIL CHAPEUZINHO VERMELHO,"RODOVIA SC 422, S/N",SERRO AZUL,29
82953,74,1139,ESCOLA MUNICIPAL DE EDUCAÇÃO BÁSICA PROFESSOR RICARDO HOFFMANN,"RUA PEDRO HENRIQUE BERKEMBROCK, N. 207",1139,ESCOLA MUNICIPAL DE EDUCAÇÃO BÁSICA PROFESSOR RICARDO HOFFMANN,"RUA PEDRO HENRIQUE BERKEMBROCK, N. 207",INDUSTRIAL NORTE,0
82953,74,1147,ESCOLA MUNICIPAL DE EDUCAÇÃO BÁSICA PROFESSORA LUCINDA MAROS PSCHEIDT,"RUA TIBÚRCIO DE CARVALHO, N. 162",1147,ESCOLA MUNICIPAL DE EDUCAÇÃO BÁSICA PROFESSORA LUCINDA MAROS PSCHEIDT,"RUA TIBÚRCIO DE CARVALHO, N. 162",VISTA ALEGRE,0
82953,74,1120,ESCOLA MUNICIPAL DE EDUCAÇÃO BÁSICA PROFESSORA SELMA TEIXEIRA GRABOSKI,"RUA JOÃO PSCHEIDT, N. 74",1120,ESCOLA MUNICIPAL DE EDUCAÇÃO BÁSICA PROFESSORA SELMA TEIXEIRA GRABOSKI,"RUA JOÃO PSCHEIDT, N. 74",BARRO PRETO,0
82953,74,1163,ESCOLA MUNICIPAL DE EDUCAÇÃO BÁSICA PREFEITO HENRIQUE LIEBL,"RUA SANTO ANTÔNIO, 503",1163,ESCOLA MUNICIPAL DE EDUCAÇÃO BÁSICA PREFEITO HENRIQUE LIEBL,"RUA SANTO ANTÔNIO, 503",JARDIM HANTSCHEL,0
82953,74,1171,ESCOLA MUNICIPAL DE EDUCAÇÃO BÁSICA PROFESSOR QUILIANO MARTINS,"RUA DONA FRANCISCA, 3145",1171,ESCOLA MUNICIPAL DE EDUCAÇÃO BÁSICA PROFESSOR QUILIANO MARTINS,"RUA DONA FRANCISCA, 3145",QUITANDINHA,0
82953,74,1180,ESCOLA MUN. DE EDUCAÇÃO BÁSICA PROFESSOR ARNALDO DE ALMEIDA OLIVEIRA,"RUA JOSÉ BRUSKY JÚNIOR, N. 347",1180,ESCOLA MUN. DE EDUCAÇÃO BÁSICA PROFESSOR ARNALDO DE ALMEIDA OLIVEIRA,"RUA JOSÉ BRUSKY JÚNIOR, N. 347",INDUSTRIAL SUL,0
82953,74,1201,ESCOLA ISOLADA MUNICIPAL DO BUTIÁ ALTO RIO PRETO II,"ESTRADA GERAL BUTIÁ ALTO RIO PRETO II, S/N",1201,CENTRO COMUNITÁRIO DO BUTIÁ ALTO RIO PRETO II,"ESTRADA GERAL BUTIÁ ALTO RIO PRETO II, S/N.",BUTIÁ ALTO RIO PRETO,0
82953,74,1236,ESCOLA MUN. DE EDUC. BÁSICA PROFESSORA IRENE OLINDA TEIFKE RIBEIRO,"RUA VALDOMIRO MARTINS, N. 53",1236,ESCOLA MUN. DE EDUC. BÁSICA PROFESSORA IRENE OLINDA TEIFKE RIBEIRO,"RUA VALDOMIRO MARTINS, N. 53",CAMPO LENÇOL,0
80608,4,1015,ESCOLA DE EDUCACAO BASICA DJALMA BENTO,"RUA DJALMA BENTO, 296 FONE (49) 3279 0035",1015,ESCOLA DE EDUCACAO BASICA DJALMA BENTO,"RUA DJALMA BENTO, 296",CENTRO,0
80608,4,1023,ESCOLA NÚCLEO ALMIDES RIBEIRO DOS SANTOS,"ESTRADA GERAL, S/N - RIO DO TIGRE",1023,ESCOLA NÚCLEO ALMIDES RIBEIRO DOS SANTOS,"ESTRADA GERAL, S/N - RIO DO TIGRE",RIO DO TIGRE,0
80608,4,1031,NUCLEO DIVINO ESPÍRITO SANTO,"ESTRADA GERAL, S/N",1031,NUCLEO DIVINO ESPÍRITO SANTO,"ESTRADA GERAL, S/N",ESPIRITO SANTO,0
80608,4,1040,SALAO PAROQUIAL - RIO DE AREIA,"ESTRADA GERAL, S/N",1040,SALAO PAROQUIAL - RIO DE AREIA,"ESTRADA GERAL, S/N",RIO DE AREIA,0
80608,4,1058,SALÃO DE FESTAS DO CERRO BAIO,"ESTRADA GERAL, S/N - CERRO BAIO",1058,SALÃO DE FESTAS DO CERRO BAIO,"ESTRADA GERAL, S/N - CERRO BAIO",CERRO BAIO,0
80608,4,1066,ESCOLA MUNICIPAL ARCANGELO BIZ,"ESTRADA GERAL, S/N",1066,ESCOLA MUNICIPAL ARCANGELO BIZ,"ESTRADA GERAL, S/N",RIO GARGANTILHO,0
80608,4,1074,SALAO PAROQUIAL - RIO DO LESTE,"ESTRADA GERAL, S/N",1074,SALAO PAROQUIAL - RIO DO LESTE,"ESTRADA GERAL, S/N",RIO DO LESTE,0
80560,41,1015,E.E.F. EULINA ALVES DE GOUVEIA MARCELINO - LINHA CAMBUCICA,"ESTRADA GERAL, S/N",1015,E.E.F. EULINA ALVES DE GOUVEIA MARCELINO - LINHA CAMBUCICA,"ESTRADA GERAL, S/N",LINHA CAMBUCICA,0
80560,41,1023,ESCOLA DE EDUCAÇÃO BÁSICA PROFESSORA GENOVEVA DALLA COSTA,"RUA 25 DE JULHO, S/N FONE (49) 3462 4097",1023,ESCOLA DE EDUCAÇÃO BÁSICA PROFESSORA GENOVEVA DALLA COSTA,"RUA 25 DE JULHO, S/N FONE (49) 3462 4097",CENTRO,0
80560,41,1031,SALÃO COMUNITÁRIO DE LINHA JATAÍ,"ESTRADA GERAL JATAI, S/N",1031,SALÃO COMUNITÁRIO DE LINHA JATAÍ,"ESTRADA GERAL JATAI, S/N",LINHA JATAÍ,0
80560,41,1040,SALÃO COMUNITÁRIO DE LINHA CONSOLADORA,"ESTRADA GERAL, S/N",1040,SALÃO COMUNITÁRIO DE LINHA CONSOLADORA,"ESTRADA GERAL, S/N",LINHA CONSOLADORA,0
80560,41,1058,SALÃO COMUNITÁRIO DE LINHA ANTA GORDA BAIXA,"ESTRADA GERAL, S/N",1058,SALÃO COMUNITÁRIO DE LINHA ANTA GORDA BAIXA,"ESTRADA GERAL, S/N",LINHA ANTA GORDA BAIXA,0
80560,41,1082,SALÃO COMUNITÁRIO DE LINHA ANTA GORDA ALTA,"ESTRADA GERAL, S/N",1082,SALÃO COMUNITÁRIO DE LINHA ANTA GORDA ALTA,"ESTRADA GERAL, S/N",LINHA ANTA GORDA ALTA,0
80560,41,1090,SALÃO COMUNITÁRIO DE LINHA VILA NOVA,"ESTRADA GERAL, S/N",1090,SALÃO COMUNITÁRIO DE LINHA VILA NOVA,"ESTRADA GERAL, S/N",LINHA VILA NOVA,0
80560,41,1104,SALÃO COMUNITÁRIO DE LINHA IRACEMA,"ESTRADA GERAL IRACEMA, S/N",1104,SALÃO COMUNITÁRIO DE LINHA IRACEMA,"ESTRADA GERAL IRACEMA, S/N",LINHA IRACEMA,0
80560,41,1112,ESCOLA ISOLADA MUNICIPAL LINHA SÃO PEDRO,"ESTRADA GERAL, S/N",1112,ESCOLA ISOLADA MUNICIPAL LINHA SÃO PEDRO,"ESTRADA GERAL, S/N",LINHA SÃO PEDRO,0
80560,41,1139,SALÃO COMUNITÁRIO DE LINHA SÃO ROQUE,"ESTRADA GERAL LINHA SÃO ROQUE, S/N",1139,SALÃO COMUNITÁRIO DE LINHA SÃO ROQUE,"ESTRADA GERAL LINHA SÃO ROQUE, S/N",LINHA SÃO ROQUE,0
82970,15,1031,ESCOLA BÁSICA MUNICIPAL SANTO ANTÔNIO,"RUA SILVIO SCOZ, 95",1031,ESCOLA BÁSICA MUNICIPAL SANTO ANTÔNIO,"RUA SILVIO SCOZ, 95",IPIRANGA,0
82970,15,1023,ESCOLA DE EDUCAÇÃO BÁSICA OSVALDO CRUZ,"RUA CARLOS MOSER, 91",1023,ESCOLA DE EDUCAÇÃO BÁSICA OSVALDO CRUZ,"RUA CARLOS MOSER, 91",CENTRO,0
82970,15,1040,SALÃO DA IGREJA DE RIO MORTO,"RODOVIA BR 470, S/N",1040,SALÃO DA IGREJA SÃO JOSÉ DE RIO MORTO,"RODOVIA BR 470, S/N",RIO MORTO,0
82970,15,1058,SALÃO DA IGREJA DE DIAMANTE,"RUA SANTA APOLÔNIA, S/N",1058,SALÃO DA CAPELA SANTA APOLÔNIA DE DIAMANTE,"RUA SANTA APOLÔNIA, S/N",DIAMANTE,0
82970,15,1066,ESCOLA DE EDUCAÇÃO FUNDAMENTAL SENADOR FRANCISCO BENJAMIN GALLOTTI,"RUA FREI LUCÍNIO KORTE, 5350",1066,ESCOLA DE EDUCAÇÃO FUNDAMENTAL SENADOR FRANCISCO BENJAMIN GALLOTTI,"RUA FREI LUCÍNIO KORTE, 5350",RODEIO 12,0
82970,15,1074,PAVILHÃO DA IGREJA SÃO VIRGÍLIO,"RUA MADRE AVOSANI, S/N",1074,PAVILHÃO DA IGREJA SÃO VIRGÍLIO,"RUA MADRE AVOSANI, S/N",RODEIO 50,0
82970,15,1082,ESCOLA MUNICIPAL RODEIO TRINTA E DOIS,"RUA RIO BELO, S/N",1082,ESCOLA MUNICIPAL RODEIO TRINTA E DOIS,"RUA RIO BELO, S/N",RODEIO 32,0
82970,15,1090,ESCOLA ISOLADA DIAMANTINA,"RUA DIAMANTINA, S/N",1090,SALÃO DA CAPELA NOSSA SENHORA DE LORETO - DIAMANTINA - PICO,"RUA DIAMANTINA, S/N",DIAMANTINA,0
82970,15,1120,SALÃO DE CATEQUESE SÃO PEDRO VELHO,"ESTRADA GERAL, S/N",1120,SALÃO DE CATEQUESE SÃO PEDRO VELHO,"ESTRADA GERAL, S/N",SÃO PEDRO VELHO,0
82970,15,1147,ESCOLA MUNICIPAL LUIGIA MARGHERITA VOTA FERRARI,"RUA HENRIQUE EWALD, S/N",1147,ESCOLA MUNICIPAL LUIGIA MARGHERITA VOTA FERRARI,"RUA HENRIQUE EWALD, S/N",DOS LAGOS,0
82970,15,1112,ESCOLA MUNICIPAL NOVA BRASÍLIA,"RUA NOVA BRASÍLIA, 410",1112,ESCOLA MUNICIPAL NOVA BRASÍLIA,"RUA NOVA BRASÍLIA, 410",NOVA BRASÍLIA,0
82970,15,1139,ESCOLA MUNICIPAL SÃO FRANCISCO,"RUA ANDRÉ VENTURI, S/N",1139,SALÃO DE FESTAS NOSSA SRA DO PERPÉTUO SOCORRO (ESC. MUN. SÃO FRANCISCO,"RUA ANDRÉ VENTURI, S/N",GÁVEA,0
82970,15,1155,SALÃO DA IGREJA RIO BELO,"RUA RIO BELO, S/N",1155,SALÃO DA IGREJA RIO BELO (IGREJA NOSSA SRA DAS DORES),"RUA RIO BELO, S/N",RODEIO 32,0
82970,15,1163,SALA DE CATEQUESE RODEIO BENEDITO,"RUA JOSÉ OSTROWSKI JÚNIOR, S/N",1163,SALA DE CATEQUESE RODEIO BENEDITO - SÃO PAULO,"RUA JOSÉ OSTROWSKI JÚNIOR, S/N",KASPEREIT,0
82996,82,1015,ESCOLA DE ENSINO FUNDAMENTAL ANITA GARIBALDI,LINHA PRIMEIRINHA,1015,ESCOLA DE ENSINO FUNDAMENTAL ANITA GARIBALDI,LINHA PRIMEIRINHA,LINHA PRIMEIRINHA,0
82996,82,1023,ESCOLA DE EDUCAÇÃO BÁSICA PROFESSOR HERMINIO HEUSI DA SILVA,"RUA BARAO DO RIO BRANCO, 704",1023,ESCOLA DE EDUCAÇÃO BÁSICA PROFESSOR HERMINIO HEUSI DA SILVA,"RUA BARAO DO RIO BRANCO, 704",CENTRO,0
82996,82,1031,CLUBE COMUNITÁRIO DE SEDE OURO,LINHA SEDE OURO,1031,CLUBE COMUNITÁRIO DE SEDE OURO,LINHA SEDE OURO,LINHA SEDE OURO,0
82996,82,1074,CLUBE COMUNITÁRIO DE LINHA SÃO JORGE,LINHA SÃO JORGE,1074,CLUBE COMUNITÁRIO DE LINHA SÃO JORGE,LINHA SÃO JORGE,LINHA SÃO JORGE,0
82996,82,1112,ESCOLA DE EDUCAÇÃO BASICA PROFESSOR JOÃO ROMÁRIO MOREIRA,LINHA ROSÁRIO,1112,ESCOLA DE EDUCAÇÃO BASICA PROFESSOR JOÃO ROMÁRIO MOREIRA,LINHA ROSÁRIO,LINHA ROSÁRIO,0
83011,46,1015,ESCOLA DE ENSINO BÁSICA GUILHERME ANDRE DALRI,"RUA PADRE LIBERMANN, 79",1015,ESCOLA DE ENSINO BÁSICA GUILHERME ANDRE DALRI,"RUA PADRE LIBERMANN, 79",CENTRO,0
83011,46,1023,ESCOLA ISOLADA DE BARRA GRANDE,"ESTRADA GERAL, S/N",1023,ESCOLA ISOLADA DE BARRA GRANDE,"ESTRADA GERAL, S/N",BARRA GRANDE,0
83011,46,1031,ESCOLA DE ENSINO FUNDAMENTAL ROBERTO HEINZEN,"ESTRADA GERAL, S/N",1031,ESCOLA DE ENSINO FUNDAMENTAL ROBERTO HEINZEN,"ESTRADA GERAL, S/N",SANTA MARGARIDA,0
83011,46,1040,ESCOLA ISOLADA DE RIO WILDY,"ESTRADA GERAL, S/N",1040,ESCOLA ISOLADA DE RIO WILDY,"ESTRADA GERAL, S/N",RIO WILDY,0
83011,46,1058,SALÃO DA COMUNIDADE DE RIO LUIZ,ESTRADA GERAL RIO LUIZ,1058,SALÃO DA COMUNIDADE DE RIO LUIZ,ESTRADA GERAL RIO LUIZ,RIO LUIZ,0
83011,46,1074,ESCOLA ISOLADA DE RIBEIRAO CIPRIANO,"ESTRADA GERAL, S/N",1074,ESCOLA ISOLADA DE RIBEIRAO CIPRIANO,"ESTRADA GERAL, S/N",RIBEIRAO CIPRIANO,0
83011,46,1082,ESCOLA ISOLADA DE SAO LUIZ,"ESTRADA GERAL, S/N",1082,ESCOLA ISOLADA DE SAO LUIZ,"ESTRADA GERAL, S/N",SAO LUIZ,0
83011,46,1090,SALÃO DA COMUNIDA DE RIBEIRAO PLATINA,"ESTRADA GERAL, S/N",1090,SALÃO DA COMUNIDA DE RIBEIRAO PLATINA,"ESTRADA GERAL, S/N",RIBEIRAO PLATINA,0
81523,69,1015,ESCOLA DE EDUCAÇÃO BÁSICA EMÍLIA BOOS LAUS SCHIMIDT,"AVENIDA ALFREDO JIÁCOMO SCOPEL, N. 825",1015,ESCOLA DE EDUCAÇÃO BÁSICA EMÍLIA BOOS LAUS SCHIMIDT,"AVENIDA ALFREDO JIÁCOMO SCOPEL, N. 825",CENTRO,0
81523,69,1066,ESCOLA DE EDUCAÇÃO BÁSICA SÃO DONATO,"ESTRADA GERAL, S/N",1066,ESCOLA DE EDUCAÇÃO BÁSICA SÃO DONATO,"ESTRADA GERAL, S/N",LINHA SÃO DONATO,0
83038,36,1015,ESCOLA DE EDUCAÇÃO BÁSICA CECÍLIA VIVAN,"RUA JOÃO XXIII, N. 166",1015,ESCOLA DE EDUCAÇÃO BÁSICA CECÍLIA VIVAN,"RUA JOÃO XXIII, N. 166",ESCOLAR,0
83038,36,1023,ASSOCIAÇÃO ESPORTIVA RECREATIVA CULTURAL DA LINHA CONSULTA,"LINHA CONSULTA, S/N",1023,ASSOCIAÇÃO ESPORTIVA RECREATIVA CULTURAL DA LINHA CONSULTA,"LINHA CONSULTA, S/N",LINHA CONSULTA,0
83038,36,1058,CENTRO MUNICIPAL DE EDUCAÇÃO BÁSICA VEREADOR AVELINO BISCARO,"RUA JOAO XXIII, N. 27",1058,CENTRO MUNICIPAL DE EDUCAÇÃO BÁSICA VEREADOR AVELINO BISCARO,"RUA PAPA JOAO XXIII, N. 27",ESCOLAR,0
81000,33,1015,ESCOLA DE EDUCAÇÃO BÁSICA BERNARDO SCHMITZ,"RUA JONAS MANOEL GOULART, S/N",1015,ESCOLA DE EDUCAÇÃO BÁSICA BERNARDO SCHMITZ,"RUA JONAS MANOEL GOULART, S/N",CENTRO,0
81000,33,1023,ESCOLA DE EDUCAÇÃO BÁSICA MARIA DUARTE VASCONCELOS,"RUA SAO JOAO BATISTA, S/N",1023,ESCOLA DE EDUCAÇÃO BÁSICA MARIA DUARTE VASCONCELOS,"RUA SAO JOAO BATISTA, S/N",MORRO GRANDE,0
81000,33,1031,ESCOLA DE EDUCAÇAO BASICA ALICE JÚLIA TEIXEIRA,"ESTRADA GERAL, S/N",1031,ESCOLA DE EDUCAÇAO BASICA ALICE JÚLIA TEIXEIRA,"ROD. DOS IMIGRANTES, 1081",SANTA APOLONIA,0
81000,33,1040,ASSOCIAÇÃO CONSELHO COMUNITÁRIO SANGÃOZINHO,"ESTRADA GERAL, S/N",1040,ASSOCIAÇÃO CONSELHO COMUNITÁRIO SANGÃOZINHO,"ESTRADA GERAL, S/N",SANGÃOZINHO,0
81000,33,1074,CENTRO DE EDUCAÇÃO INFANTIL JOÃO INOCÊNCIO DE AGUIAR,"ESTRADA GERAL, S/N",1074,CENTRO DE EDUCAÇÃO INFANTIL JOÃO INOCÊNCIO DE AGUIAR,"ESTRADA GERAL, S/N",AREINHA,0
83054,51,1015,CENTRO - COLEGIO ESTADUAL IRMA IRENE,"RUA PEDRO DRISSEN, 166",1015,CENTRO - COLEGIO ESTADUAL IRMA IRENE,"RUA PEDRO DRISSEN, 166",CENTRO,0
83054,51,1023,COLETORIA VELHA - ESCOLA DO CAMPO PROFESSORA ADAIRA COSTA DA SILVEIRA,"ESTRADA GERAL, S/N",1023,COLETORIA VELHA - ESCOLA DO CAMPO PROFESSORA ADAIRA COSTA DA SILVEIRA,"ESTRADA GERAL, S/N",COLETORIA VELHA,0
83054,51,1040,CAMPO DO AREIÃO - ESCOLA DE CAMPO TEREZA ESTOQUEIRO VIAPIANA,"ESTRADA GERAL, S/N",1040,CAMPO DO AREIÃO - ESCOLA DE CAMPO TEREZA ESTOQUEIRO VIAPIANA,"ESTRADA GERAL, S/N",CAMPO DO AREIÃO,0
83054,51,1090,RIO BONITO - ESCOLA DO CAMPO PROFESSOR SEBASTIÃO RIBEIRO DA SILVA,"ESTRADA GERAL, S/N",1090,RIO BONITO - ESCOLA DO CAMPO PROFESSOR SEBASTIÃO RIBEIRO DA SILVA,"ESTRADA GERAL, S/N",RIO BONITO,0
83054,51,1104,ANTA MORTA - SALÃO DA IGREJA,"ESTRADA GERAL, S/N",1104,ANTA MORTA - SALÃO DA IGREJA,"ESTRADA GERAL, S/N",ANTA MORTA,0
83054,51,1112,POLPA DE MADEIRAS - ESCOLA ISOLADA EURIPEDES GRANEMANN,"ESTRADA GERAL, S/N",1112,POLPA DE MADEIRAS - ESCOLA ISOLADA EURIPEDES GRANEMANN,"ESTRADA GERAL, S/N",POLPA DE MADEIRAS,0
83054,51,1260,CENTRO -CIDEM CENTRO INTEGRADO DE DESENVOLVIMENTO E EDUCAÇÃO MUNICIPAL,"AV. NAKAYAMA, S/N",1260,CENTRO -CIDEM CENTRO INTEGRADO DE DESENVOLVIMENTO E EDUCAÇÃO MUNICIPAL,"AV. NAKAYAMA, S/N",MARCILIANO FERNANDES,0
80721,45,1015,ESCOLA DE EDUCAÇÃO BÁSICA SANTA HELENA,"RUA PEDRO IVO HICKMANN, 251, CENTRO, (49) 34725108",1015,ESCOLA DE EDUCAÇÃO BÁSICA SANTA HELENA,"RUA PEDRO IVO HICKMANN, 251, CENTRO, (49) 34725108",CENTRO,0
80721,45,1023,GINASIO MUNICIPAL DA LINHA CANTINA,"ESTRADA GERAL, S/N",1023,GINASIO MUNICIPAL DA LINHA CANTINA,"ESTRADA GERAL, S/N",LINHA CANTINA,0
83070,44,1015,ESCOLA DE EDUCAÇÃO BÁSICA PROFESSOR ALDO CAMARA,"RUA WALTER BALLMANN, S/N",1015,ESCOLA DE EDUCAÇÃO BÁSICA PROFESSOR ALDO CAMARA,RUA WALTER BALLMANN - CENTRO,CENTRO,0
83070,44,1023,CENTRO COMUNITÁRIO PRINCESA ISABEL,"ESTRADA GERAL, S/N",1023,CENTRO COMUNITÁRIO PRINCESA ISABEL,ESTRADA GERAL RIO BRAVO ALTO,RIO BRAVO ALTO,0
83070,44,1031,CENTRO COMUNITARIO RIO DOS ÍNDIOS,"ESTRADA GERAL, S/N",1031,CENTRO COMUNITARIO RIO DOS ÍNDIOS,ESTRADA GERAL RIO DOS ÍNDIOS,RIO DOS ÍNDIOS,0
83070,44,1040,CENTRO COMUNITARIO NOVA FATIMA,RODOVIA SC 108 KM 283,1040,CENTRO COMUNITARIO NOVA FATIMA,RODOVIA SC 108 - NOVA FÁTIMA,NOVA FÁTIMA,0
83070,44,1058,CENTRO COMUNITÁRIO RIO SANTO ANTÔNIO,"ESTRADA GERAL, S/N",1058,CENTRO COMUNITÁRIO RIO SANTO ANTÔNIO,ESTRADA GERAL RIO SANTO ANTÔNIO,RIO SANTO ANTÔNIO,0
83070,44,1066,CENTRO COMUNITÁRIO RIO DO MEIO,ESTRADA GERAL RIO DO MEIO,1066,CENTRO COMUNITÁRIO RIO DO MEIO,ESTRADA GERAL RIO DO MEIO,RIO DO MEIO,0
80241,54,1015,ESCOLA DE EDUCAÇÃO BÁSICA JOÃO DOS SANTOS AREÃO,"RUA 15 DE NOVEMBRO, N. 161",1015,ESCOLA DE EDUCAÇÃO BÁSICA JOÃO DOS SANTOS AREÃO,"RUA 15 DE NOVEMBRO, N. 161",CENTRO,0
80241,54,1023,ESCOLA MUNICIPAL DE EDUCAÇÃO BÁSICA ANA RÉGIS ARANTES,"ESTRADA GERAL, S/N",1023,ESCOLA MUNICIPAL DE EDUCAÇÃO BÁSICA ANA RÉGIS ARANTES,"ESTRADA GERAL, S/N",PEROBA,0
80241,54,1058,ESCOLA MUNICIPAL DE ENSINO BÁSICO ALZIRA RAMOS DE SOUZA,"RODOVIA BR 101, KM 435, S/N",1058,ESCOLA MUNICIPAL DE ENSINO BÁSICO ALZIRA RAMOS DE SOUZA,"RODOVIA BR 101, KM 435, S/N",VILA SÃO CRISTOVÃO,0
80241,54,1082,CENTRO DE EDUCAÇÃO INFANTIL DONA ALZIRA,"RODOVIA BR 101, KM 441, S/N",1082,CENTRO DE EDUCAÇÃO INFANTIL DONA ALZIRA,"RODOVIA BR 101, KM 439, S/N",JAGUARARI,0
80349,38,1015,ESCOLA BÁSICA MUNICIPAL CRISTO REDENTOR,"ESTRADA GERAL DO CRAVEIRO, S/N",1015,ESCOLA BÁSICA MUNICIPAL CRISTO REDENTOR,"ESTRADA GERAL DO CRAVEIRO, S/N",CRAVEIRO,0
80349,38,1023,ESCOLA BÁSICA MUNICIPAL ALTO RIO DA ANTA,"ESTRADA GERAL ALTO RIO DA ANTA, S/N",1023,ESCOLA BÁSICA MUNICIPAL ALTO RIO DA ANTA,"ESTRADA GERAL ALTO RIO DA ANTA, S/N",RIO DA ANTA,0
80349,38,1031,EEB PADRE JOÃO KOMINEK,"RUA BRUNO PIECZARKA, N. 1118",1031,EEB PADRE JOÃO KOMINEK,"RUA BRUNO PIECZARKA, N. 1118",CENTRO,0
80349,38,1058,ESCOLA ISOLADA ITAIÓ SERTÃO,"ESTRADA GERAL DO ITAIÓ SERTÃO, S/N",1058,ESCOLA ISOLADA ITAIÓ SERTÃO,"ESTRADA GERAL DO ITAIÓ SERTÃO, S/N",ITAIÓ SERTÃO,0
80349,38,1066,SALÃO COMUNITÁRIO DO COLORADO,"ESTRADA GERAL DO COLORADO, S/N",1066,SALÃO COMUNITÁRIO DO COLORADO,"ESTRADA GERAL DO COLORADO, S/N",COLORADO,0
80349,38,1074,ESCOLA ISOLADA MUNICIPAL BLEY POMBAS,"RUA GERAL BLEY POMBAS,  S/N",1074,ESCOLA ISOLADA MUNICIPAL BLEY POMBAS,"RUA GERAL BLEY POMBAS,  S/N",BLEY POMBAS,0
80349,38,1082,SALÃO COMUNITÁRIO DO SALTO IRAPUTÃ,"RUA GERAL DO SALTO IRAPUTÃ, S/N",1082,SALÃO COMUNITÁRIO DO SALTO IRAPUTÃ,"RUA GERAL DO SALTO IRAPUTÃ, S/N",SALTO IRAPUTÃ,0
80349,38,1090,UNIDADE SANITÁRIA DA PONTE PAROLIN,"ESTRADA GERAL DA PONTE PAROLIN, S/N",1090,UNIDADE SANITÁRIA DA PONTE PAROLIN,"ESTRADA GERAL DA PONTE PAROLIN, S/N",PONTE PAROLIN,0
80349,38,1104,SALÃO COMUNITÁRIO DA COLÔNIA RUTHES,"RUA GERAL DA COLÔNIA RUTHES, S/N",1104,SALÃO COMUNITÁRIO DA COLÔNIA RUTHES,"RUA GERAL DA COLÔNIA RUTHES, S/N",COLÔNIA RUTHES,0
80349,38,1112,SALÃO COMUNITÁRIO PRIMAVERA,"RUA GERAL SÃO JOSÉ, S/N",1112,SALÃO COMUNITÁRIO PRIMAVERA,"RUA GERAL SÃO JOSÉ, S/N",SÃO JOSÉ,0
80349,38,1430,ANTIGA ESCOLA ISOLADA MUNICIPAL DO ASSENTAMENTO 25 DE MAIO,"ESTRADA GERAL DO ASSENTAMENTO 25 DE MAIO, S/N",1430,ANTIGA ESCOLA ISOLADA MUNICIPAL DO ASSENTAMENTO 25 DE MAIO,"ESTRADA GERAL DO ASSENTAMENTO 25 DE MAIO, S/N",ASSENTAMENTO 25 DE MAIO,0
81507,58,1015,ESCOLA DE EDUCAÇÃO BÁSICA SANTA TEREZINHA,"AVENIDA TANCREDO NEVES, N. 180",1015,ESCOLA DE EDUCAÇÃO BÁSICA SANTA TEREZINHA,"AVENIDA TANCREDO NEVES, N. 180",CENTRO,0
81507,58,1023,NÚCLEO DE ENSINO FUNDAMENTAL CAMPO GRANDE - LINHA CAMPO GRANDE,LINHA CAMPO GRANDE,1023,NÚCLEO DE ENSINO FUNDAMENTAL CAMPO GRANDE - LINHA CAMPO GRANDE,LINHA CAMPO GRANDE,LINHA CAMPO GRANDE,0
81507,58,1104,NÚCLEO ESCOLAR MUNDO NOVO - LINHA MUNDO NOVO,LINHA MUNDO NOVO,1104,NÚCLEO ESCOLAR MUNDO NOVO - LINHA MUNDO NOVO,LINHA MUNDO NOVO,LINHA MUNDO NOVO,0
81205,78,1015,ESCOLA DE EDUCAÇÃO BÁSICA SÃO TIAGO,"RUA MARIANA CORSO, N. 646",1015,ESCOLA DE EDUCAÇÃO BÁSICA SÃO TIAGO,"RUA MARIANA CORSO, N. 646",CENTRO,18
83097,67,1031,SALÃO PAROQUIAL SÃO FRANCISCO,"RUA PADRE ISIDRO DUARTE DA SILVA, 50",1244,ESCOLA BÁSICA MUNICIPAL PROFESSORA LOURDES GARCIA,"RUA FREI JACÓ HOEFFLERS, 117",CENTRO,37
83097,67,1058,ESCOLA DE EDUCAÇÃO BÁSICA NEREU RAMOS,"RUA PROFESSOR SILVEIRA DE MATTOS, 56",1058,ESCOLA DE EDUCAÇÃO BÁSICA NEREU RAMOS,"RUA PROFESSOR SILVEIRA DE MATTOS, 56",CENTRO,0
83097,67,1040,ESCOLA DE EDUCAÇÃO BÁSICA ANÍSIO VICENTE DE FREITAS,"RUA JOÃO JACINTO MACHADO, 478",1040,ESCOLA DE EDUCAÇÃO BÁSICA ANÍSIO VICENTE DE FREITAS,"RUA JOÃO JACINTO MACHADO, 478",SUL DO RIO,0
83097,67,1074,ESCOLA DE EDUCAÇÃO BÁSICA PROFESSORA ZULMA BECKER,"RUA LEOPOLDO BROERING, 3267",1074,ESCOLA DE EDUCAÇÃO BÁSICA PROFESSORA ZULMA BECKER,"RUA LEOPOLDO BROERING, 3267",CENTRO,0
83097,67,1082,ESCOLA BÁSICA MUNICIPAL ALVIM DUARTE DA SILVA,"RUA PRESIDENTE CASTELO BRANCO, 969",1082,ESCOLA BÁSICA MUNICIPAL ALVIM DUARTE DA SILVA,"RUA PRESIDENTE CASTELO BRANCO, 969",CALEMBA,0
83097,67,1090,SALÃO PAROQUIAL SANTA LUZIA,"ESTRADA GERAL PAGARÁ, S/N",1090,SALÃO PAROQUIAL SANTA LUZIA,"ESTRADA GERAL PAGARÁ, S/N",PAGARÁ,0
83097,67,1104,ESCOLA BÁSICA MUNICIPAL PROFESSORA JUDITE ADELINA SCHURHAUS,"RUA JOSÉ LINO SCHURHAUS, 180",1104,ESCOLA BÁSICA MUNICIPAL PROFESSORA JUDITE ADELINA SCHURHAUS,"SERVIDAO JUDITE ADELINA SCHURHAUS, S/N",SÃO FRANCISCO,0
83097,67,1120,CENTRO MUNICIPAL DE EDUCAÇÃO INFANTIL PROFESSOR JOSÉ HIGINO MARTINS,"ESTRADA GERAL VARGINHA, S/N",1120,CENTRO MUNICIPAL DE EDUCAÇÃO INFANTIL PROFESSOR JOSÉ HIGINO MARTINS,"ESTRADA GERAL VARGINHA, S/N",VARGINHA,0
83097,67,1139,SALÃO PAROQUIAL DA VÁRZEA DO BRAÇO,"RUA GERAL VÁRZEA DO BRAÇO, S/N",1139,SALÃO DA CAPELA CATÓLICA DA VÁRZEA DO BRAÇO,"RUA GERAL VÁRZEA DO BRAÇO, S/N",VÁRZEA DO BRAÇO,0
83097,67,1155,ESCOLA BÁSICA MUNICIPAL PREFEITO AUGUSTO ALTHOFF,"RUA NOSSA SENHORA DA ROSA MÍSTICA, S/N",1155,ESCOLA BÁSICA MUNICIPAL PREFEITO AUGUSTO ALTHOFF,"RUA NOSSA SENHORA DA ROSA MÍSTICA, S/N",CALDAS DA IMPERATRIZ,0
83097,67,1163,ESCOLA DE EDUCAÇÃO BÁSICA PROFESSOR SILVEIRA DE MATTOS,"RUA SÃO SEBASTIÃO, N. 4192",1163,ESCOLA DE EDUCAÇÃO BÁSICA PROFESSOR SILVEIRA DE MATTOS,"RUA SÃO SEBASTIÃO, N. 4192",SUL DO RIO,0
83097,67,1171,ESCOLA MUNICIPAL SUL DO RIO CUBATÃO,"RUA SAO SEBASTIAO, 6464",1171,ESCOLA MUNICIPAL SUL DO RIO CUBATÃO,"RUA SAO SEBASTIAO, 6464",SUL DO RIO,0
83097,67,1198,ESCOLA MUNICIPAL BRAÇO SÃO JOÃO,"RUA GERAL BRAÇO SÃO JOÃO, S/N",1198,ESCOLA MUNICIPAL BRAÇO SÃO JOÃO,"RUA GERAL BRAÇO SÃO JOÃO, S/N",BRAÇO SÃO JOÃO,0
83097,67,1201,ESCOLA BÁSICA MUNICIPAL VILA SANTANA,"RUA NOSSA SENHORA DAS DORES, S/N",1201,ESCOLA BÁSICA MUNICIPAL VILA SANTANA,"RUA NOSSA SENHORA DAS DORES, S/N",VILA SANTANA,0
83097,67,1228,ESCOLA BÁSICA MUNICIPAL PROFESSORA MARIA ANDRÉIA,"RUA GUSTAVO JOÃO DE FARIAS, S/N",1228,ESCOLA BÁSICA MUNICIPAL PROFESSORA MARIA ANDRÉIA,"RUA GUSTAVO JOÃO DE FARIAS, S/N",FABRÍCIO,0
83097,67,1236,CENTRO MUNICIPAL DE EDUCAÇÃO INFANTIL CAMINHO DO APRENDER,"RUA FREI DALVINO MUNARETTO, 85",1236,CENTRO MUNICIPAL DE EDUCAÇÃO INFANTIL CAMINHO DO APRENDER,"RUA FREI DALVINO MUNARETTO, 85",CENTRO,0
83119,30,1015,ESCOLA DE EDUCAÇÃO BÁSICA ORESTES GUIMARÃES,"RUA MANOEL TAVARES, N. 105",1015,ESCOLA DE EDUCAÇÃO BÁSICA ORESTES GUIMARÃES,"RUA MANOEL TAVARES, N. 105",CENTRO,0
83119,30,1031,ESCOLA DE EDUCAÇÃO BÁSICA SÃO BENTO,"TRAVESSA CHAMPAGNAT, N. 30",1031,ESCOLA DE EDUCAÇÃO BÁSICA SÃO BENTO,"TRAVESSA CHAMPAGNAT, N. 30",CENTRO,0
83119,30,1058,COLÉGIO BOM JESUS SÃO JOSÉ,"RUA PADRE FIDELIS TOMELIN, N. 111",1058,COLÉGIO BOM JESUS SÃO JOSÉ,"RUA PADRE FIDELIS TOMELIN, N. 111",CENTRO,0
83119,30,1066,ESCOLA DE ENSINO MÉDIO PROFESSOR ROBERTO GRANT,"RUA GUILHERME SCHEIDE, N. 340",1066,ESCOLA DE ENSINO MÉDIO PROFESSOR ROBERTO GRANT,"RUA GUILHERME SCHEIDE, N. 340",CENTRO,0
83119,30,1074,ESCOLA BÁSICA MUNICIPAL PRESIDENTE CASTELO BRANCO,"RUA AUGUSTO KLIMMECK, N. 979",1074,ESCOLA BÁSICA MUNICIPAL PRESIDENTE CASTELO BRANCO,"RUA AUGUSTO KLIMMECK, N. 979",VINTE E CINCO DE JULHO,0
83119,30,1090,ESCOLA DE EDUCAÇÃO BÁSICA PREFEITO CARLOS ZIPPERER SOBRINHO,"RUA HANS DIETER SCHMITDT, N. 300",1090,ESCOLA DE EDUCAÇÃO BÁSICA PREFEITO CARLOS ZIPPERER SOBRINHO,"RUA HANS DIETER SCHMITDT, N. 300",CENTENÁRIO,0
83119,30,1112,ESCOLA DE EDUCAÇÃO BÁSICA CELSO RAMOS FILHO,"RUA FRANCISCO PAULI, N. 694",1112,ESCOLA DE EDUCAÇÃO BÁSICA CELSO RAMOS FILHO,"RUA FRANCISCO PAULI, N. 694",OXFORD,0
83119,30,1155,ESCOLA DE ENSINO FUNDAMENTAL OSMARINA BATISTA BETKOWSKI,"RUA ERHARDT PAULI, N. 248",1155,ESCOLA DE ENSINO FUNDAMENTAL OSMARINA BATISTA BETKOWSKI,"RUA ERHARDT PAULI, N. 248",COLONIAL,0
83119,30,1139,ESCOLA BÁSICA MUNICIPAL PROFESSORA ADÉLIA LUTZ,"RUA ALTO PARAGUAÇU, N. 344",1139,ESCOLA BÁSICA MUNICIPAL PROFESSORA ADÉLIA LUTZ,"RUA ALTO PARAGUAÇU, N. 344",CRUZEIRO,0
83119,30,1147,ESCOLA BÁSICA MUNICIPAL BASSELISSE CARVALHO RAMOS VIRMOND,"RUA EMÍLIO WEBER, N. 88",1147,ESCOLA BÁSICA MUNICIPAL BASELISSE CARVALHO RAMOS VIRMOND,"RUA EMÍLIO WEBER, N. 88",COLONIAL,0
83119,30,1350,ESCOLA BÁSICA MUNICIPAL DALMIR PEDRO CUBAS,"RUA CARLOS RUECKL, N. 96",1350,ESCOLA BÁSICA MUNICIPAL DALMIR PEDRO CUBAS,"RUA CARLOS RUECKL, N. 96",SERRA ALTA,0
83119,30,1171,ESCOLA DE ENSINO FUNDAMENTAL PROFESSOR JOÃO ROPELATO,"RUA BELÉM, N. 347",1171,ESCOLA DE ENSINO FUNDAMENTAL PROFESSOR JOÃO ROPELATO,"RUA BELÉM, N. 347",SERRA ALTA,0
83119,30,1180,ESCOLA DE ENSINO FUNDAMENTAL ENGELBERTO GROSSL,"RUA ENGELBERTO STUEBER, N. 488",1180,ESCOLA BÁSICA MUNICIPAL INTEGRAL ENGELBERTO GROSSL,"RUA ENGELBERTO STUEBER, N. 488",LENÇOL,0
83119,30,1392,ESCOLA BÁSICA MUNICIPAL PREFEITO ANTÔNIO TREML,"RUA CONDE D'EU, N. 266",1392,ESCOLA BÁSICA MUNICIPAL PREFEITO ANTÔNIO TREML,"RUA CONDE D'EU, N. 266",ALPINO,0
83119,30,1279,ESCOLA BÁSICA MUNICIPAL ARACY HANSEN,"RUA TEODORO ZIEBARTH, N. 90",1279,ESCOLA BÁSICA MUNICIPAL ARACY HANSEN,"RUA TEODORO ZIEBARTH, N. 90",BELA ALIANÇA,0
83119,30,1201,ESCOLA BÁSICA MUNICIPAL SOPHIA SCHWEDLER,"RODOVIA DOS MÓVEIS, N. 3197",1201,ESCOLA BÁSICA MUNICIPAL SOPHIA SCHWEDLER,"RODOVIA DOS MÓVEIS, N. 3197",MATO PRETO,0
83119,30,1228,ESCOLA BÁSICA MUNICIPAL EMÍLIO ENGEL - GINÁSIO,"RUA  GERALDO VICENTE, N. 362",1228,ESCOLA BÁSICA MUNICIPAL EMÍLIO ENGEL,"RUA  GERALDO VICENTE, N. 362",ESTAÇÃO RIO VERMELHO,0
83119,30,1465,ESCOLA MUNICIPAL CEIM ESTRELA GUIA,"RUA WENCESLAU UHLIG, 60",1228,ESCOLA BÁSICA MUNICIPAL EMÍLIO ENGEL,"RUA  GERALDO VICENTE, N. 362",ESTAÇÃO RIO VERMELHO,115
83119,30,1457,SALÃO DA ASSOCIAÇÃO DE MORADORES DE RIO NATAL,"ESTRADA RIO NATAL, SN, AREA RURAL, AO LADO IGREJA CATÓLICA",1244,SALÃO DA IGREJA DE RIO NATAL,"ESTRADA GERAL, S/N",RIO NATAL,14
83119,30,1295,ESCOLA BÁSICA MUNICIPAL RODOLFO BERTI,"RUA BOA VISTA, N. 331",1295,ESCOLA BÁSICA MUNICIPAL RODOLFO BERTI,"RUA BOA VISTA, N. 331",BRASÍLIA,0
83119,30,1422,PRÉ-ESCOLA MUNICIPAL SOSSEGO DA MAMÃE,"RUA CARLOS RUECKL, N. 96, SERVIDÃO ALTA",1422,PRÉ-ESCOLA MUNICIPAL SOSSEGO DA MAMÃE,"RUA CARLOS RUECKL, N. 96, SERVIDÃO ALTA",SERRA ALTA,0
83119,30,1325,ESCOLA MUNICIPAL PREFEITO ALFREDO DIENER,"RUA CARLOS MANOEL LINZMEYER, N. 08",1325,ESCOLA BÁSICA MUNICIPAL INTEGRAL PREFEITO ALFREDO DIENER,"RUA CARLOS MANOEL LINZMEYER, N. 08",SERRA ALTA,0
83119,30,1384,ESCOLA BÁSICA MUNICIPAL DENISE CHRISTIANE HARMS,"RUA FRIDA WEBER, N. 49",1384,ESCOLA BÁSICA MUNICIPAL DENISE CHRISTIANE HARMS,"RUA FRIDA WEBER, N. 49",CRUZEIRO,0
83119,30,1376,ESCOLA BÁSICA MUNICIPAL PROFESSOR NEWTON MENDES,"RUA JORNALISTA RAULINO PREISSLER, N. 650",1376,ESCOLA BÁSICA MUNICIPAL PROFESSOR NEWTON MENDES,"RUA JORNALISTA RAULINO PREISSLER, N. 650",VINTE E CINCO DE JULHO,0
81485,69,1066,ESCOLA DE EDUCAÇÃO BÁSICA SÃO BERNARDINO,"RUA JOSÉ SCHEID, S/N",1066,ESCOLA DE EDUCAÇÃO BÁSICA SÃO BERNARDINO,"RUA JOSÉ SCHEID, S/N",CENTRO,0
81485,69,1023,ESCOLA MUNICIPAL SÃO BERNARDINO,"RUA DA PRAIA, S/N",1023,ESCOLA MUNICIPAL SÃO BERNARDINO,"RUA DA PRAIA, S/N",CENTRO,0
81485,69,1120,CENTRO COMUNITÁRIO SÃO JOÃO DO PESQUEIRO,"ESTRADA GERAL, S/N",1120,CENTRO COMUNITÁRIO SÃO JOÃO DO PESQUEIRO,"ESTRADA GERAL, S/N",LINHA SÃO JOÃO DO PESQUEIRO,0
83135,67,1015,ESCOLA DE EDUCAÇÃO BÁSICA SÃO TARCÍSIO,"AVENIDA 29 DE DEZEMBRO, S/N",1015,ESCOLA DE EDUCAÇÃO BÁSICA SÃO TARCÍSIO,"AVENIDA 29 DE DEZEMBRO, S/N",CENTRO,0
83135,67,1023,ESCOLA MUNICIPAL SANTO ANTÔNIO,"ESTRADA GERAL, S/N",1023,ESCOLA MUNICIPAL SANTO ANTÔNIO,"ESTRADA GERAL, S/N",SANTO ANTÔNIO,0
83135,67,1031,ESCOLA MUNICIPAL SANTA MARIA,"ESTRADA GERAL, S/N",1031,ESCOLA MUNICIPAL SANTA MARIA,"ESTRADA GERAL, S/N",SANTA MARIA,0
83135,67,1058,ESCOLA MUNICIPAL RIO DO PONCHO,"ESTRADA GERAL RIO DO PONCHO, S/N",1058,ESCOLA MUNICIPAL RIO DO PONCHO,"ESTRADA GERAL RIO DO PONCHO, S/N",RIO DO PONCHO,0
83135,67,1066,ESCOLA MUNICIPAL RIO SETE,"ESTRADA GERAL, S/N",1066,ESCOLA MUNICIPAL RIO SETE,"ESTRADA GERAL, S/N",RIO SETE,0
83151,70,1139,ESCOLA DE EDUCAÇÃO BÁSICA CARDEAL ARCOVERDE,"RUA DEMÉTRIO LORENZ, N 156",1139,ESCOLA DE EDUCAÇÃO BÁSICA CARDEAL ARCOVERDE,"RUA DEMÉTRIO LORENZ, N 156",CENTRO,0
83151,70,1180,ESCOLA MUNICIPAL PADRE NICOLAU GOUVERNEUR,"RUA GOIÁS, N. 467",1180,ESCOLA MUNICIPAL PADRE NICOLAU GOUVERNEUR,"RUA GOIÁS, N. 467, BALNEÁRIO PRATAS",BALNEÁRIO PRATAS,0
83151,70,1058,GINÁSIO DE ESPORTES LINHA SÃO SEBASTIÃO,"ESTRADA GERAL, S/N",1058,GINÁSIO DE ESPORTES LINHA SÃO SEBASTIÃO,"ESTRADA GERAL, S/N",LINHA SÃO SEBASTIÃO,0
83151,70,1066,ESCOLA MUNICIPAL PROF. MÁRIO XAVIER DOS SANTOS,"ESTRADA GERAL, S/N",1066,ESCOLA MUNICIPAL PROF. MÁRIO XAVIER DOS SANTOS,"ESTRADA GERAL, LINHA SÃO JOÃO",LINHA SÃO JOÃO,0
83151,70,1236,GINÁSIO DE ESPORTES LINHA BAIXO AGUINHAS,"ESTRADA GERAL, S/N",1236,GINÁSIO DE ESPORTES LINHA BAIXO AGUINHAS,"ESTRADA GERAL, S/N",LINHA BAIXO AGUINHAS,0
83151,70,1104,ESCOLA MUNICIPAL PADRE JORGE ANNECKEN,"ESTRADA GERAL, S/N",1104,ESCOLA MUNICIPAL PADRE JORGE ANNECKEN,"ESTRADA GERAL, LINHA BELA VISTA",LINHA BELA VISTA,0
83151,70,1120,GINÁSIO DE ESPORTES LINHA SÃO PEDRO,"ESTRADA GERAL, S/N",1120,GINÁSIO DE ESPORTES LINHA SÃO PEDRO,"ESTRADA GERAL, S/N",LINHA SÃO PEDRO,0
83151,70,1287,ESCOLA DE EDUCAÇÃO BÁSICA DR. CARLOS CULMEY,"RUA ANITA GARIBALDI, N. 947",1287,ESCOLA DE EDUCAÇÃO BÁSICA DR. CARLOS CULMEY,"RUA ANITA GARIBALDI, N. 947, CRISTO REI",CRISTO REI,0
80942,11,1040,ESCOLA BÁSICA PROFESSOR ARGEU FURTADO,"RUA AFONSO FAEDO, S/N",1040,ESCOLA BÁSICA PROFESSOR ARGEU FURTADO,"RUA AFONSO FAEDO, S/N",CENTRO,0
80942,11,1058,ESCOLA BASICA DOUTOR HELIO ANJOS ORTIZ,"RODOVIA BR 116 KM, S/N",1040,ESCOLA BÁSICA PROFESSOR ARGEU FURTADO,"RUA AFONSO FAEDO, S/N",CENTRO,1
83178,49,1015,ESCOLA DE EDUCAÇÃO BÁSICA PROFESSOR JOÃO ROBERTO MOREIRA,"RUA BRASIL, N. 680",1015,ESCOLA DE EDUCAÇÃO BÁSICA PROFESSOR JOÃO ROBERTO MOREIRA,"RUA BRASIL, N. 680",CENTRO,0
83178,49,1023,ESCOLA DE ENSINO FUNDAMENTAL PROFESSORA NELI OTTONI LANGE,"RUA IDILIO COMACHIO, 145",1023,ESCOLA DE ENSINO FUNDAMENTAL PROFESSORA NELI OTTONI LANGE,"RUA IDILIO COMACHIO, 145",MARATA,0
83178,49,1031,ESCOLA DE EDUCAÇÃO BÁSICA SANTO ANTÔNIO,LINHA SANTO ANTÔNIO,1031,ESCOLA DE EDUCAÇÃO BÁSICA SANTO ANTÔNIO,LINHA SANTO ANTÔNIO,LINHA SANTO ANTÔNIO,0
83178,49,1090,ESCOLA DE EDUCAÇÃO BÁSICA PROFESSORA GENOVA PALMA NUNES,"ESTRADA GERAL, S/N",1090,ESCOLA DE EDUCAÇÃO BÁSICA PROFESSORA GENOVA PALMA NUNES,"ESTRADA GERAL, S/N",VILA MILANI,0
83178,49,1228,ESCOLA MUNICIPAL DE ENSINO FUNDAMENTAL PROF NAIR TEIXEIRA MORSCHHEISER,"RUA BEIJAMIN CONSTANT, N. 2014",1228,ESCOLA MUNICIPAL DE ENSINO FUNDAMENTAL PROF NAIR TEIXEIRA MORSCHHEISER,"RUA BEIJAMIN CONSTANT, N. 2014",ARI BORTOLI,0
83194,27,1031,COLEGIO FRANCISQUENSE,"RUA VIGARIO BENJAMIN CARVALHO, N. 41",1031,COLEGIO FRANCISQUENSE,"RUA VIGARIO BENJAMIN CARVALHO, N. 41",CENTRO,0
83194,27,1201,ESCOLA DE EDUCAÇÃO BÁSICA SANTA CATARINA,"RUA BARÃO DO RIO BRANCO, N. 794",1201,ESCOLA DE EDUCAÇÃO BÁSICA SANTA CATARINA,"RUA BARÃO DO RIO BRANCO, N. 794",CENTRO,0
83194,27,1260,ESCOLA DE EDUCAÇÃO BÁSICA ENGENHEIRO ANNES GUALBERTO,"RUA FRANCISCO MASCARENHAS, N. 2252",1260,ESCOLA DE EDUCAÇÃO BÁSICA ENGENHEIRO ANNES GUALBERTO,"RUA FRANCISCO MASCARENHAS, N. 2252",PAULAS,0
83194,27,1090,ESCOLA DE EDUCAÇÃO BÁSICA CARLOS DA COSTA PEREIRA,"RUA FRANKLIN DE OLIVEIRA, N. 98",1090,ESCOLA DE EDUCAÇÃO BÁSICA CARLOS DA COSTA PEREIRA,"RUA FRANKLIN DE OLIVEIRA, N. 98",ACARAÍ,0
83194,27,1104,ESCOLA BASICA CLAURENICE VIEIRA CALDEIRA,"AVENIDA DOUTOR NEREU RAMOS, N. 2596",1104,ESCOLA BASICA CLAURINICE VIEIRA CALDEIRA,"AVENIDA DOUTOR NEREU RAMOS, N. 2596",ROCIO GRANDE,0
83194,27,1139,COLÉGIO ADVENTISTA DE SÃO FRANCISCO DO SUL,"RUA AUGUSTO DE AFONSO DOS SANTOS, N. 2",1139,COLÉGIO ADVENTISTA DE SÃO FRANCISCO DO SUL,"RUA AUGUSTO DE AFONSO DOS SANTOS, N. 2",CENTRO,0
83194,27,1147,ESCOLA DE EDUCAÇÃO BÁSICA VICTOR KONDER,"RUA ALMIRANTE BARROSO, N. 1042",1147,ESCOLA DE EDUCAÇÃO BÁSICA VICTOR KONDER,"RUA ALMIRANTE BARROSO, N. 1042",ROCIO PEQUENO,0
83194,27,1155,ESCOLA DE EDUCAÇÃO BÁSICA VEREADORA RUTH NÓBREGA MARTINEZ,"ESTRADA GERAL DO MIRANDA, S/N",1155,ESCOLA DE EDUCAÇÃO BÁSICA VEREADORA RUTH NÓBREGA MARTINEZ,"RODOVIA HIPÓLITO ARZUA, S/N",MIRANDA,0
83194,27,1414,ESCOLA MUNICIPAL DOUTOR ROGÉRIO ZATTAR,"RODOVIA DUQUE DE CAXIAS, S/N",1414,ESCOLA MUNICIPAL DOUTOR ROGÉRIO ZATTAR,"RODOVIA DUQUE DE CAXIAS, S/N",IPEROBA,0
83194,27,1171,ESCOLA ESTADUAL NICOLA BATISTA,"RUA MACEIO, 791",1171,ESCOLA ESTADUAL NICOLA BATISTA,"RUA MACEIO, 791",ENSEADA,0
83194,27,1180,ESCOLA DE EDUCAÇÃO BÁSICA JOÃO ALFREDO MOREIRA,"AVENIDA LINDOLFO DE FREITAS LEDOUX, N. 7783",1180,ESCOLA DE EDUCAÇÃO BÁSICA JOÃO ALFREDO MOREIRA,"AVENIDA LINDOLFO DE FREITAS LEDOUX, N. 7783",VILA DA GLÓRIA,0
83194,27,1198,ESCOLA MUNICIPAL DO ESTALEIRO,"ESTRADA GERAL DO ESTALEIRO , S/N",1198,ESCOLA MUNICIPAL DO ESTALEIRO,AVENIDA JOSÉ RAIMUNDO BATISTA,ESTALEIRO,0
83194,27,1228,ESCOLA MUNICIPAL IZIDORO CURVELLO,"RUA BINOT PALMIER DE GONNEVILLE, S/N",1228,ESCOLA MUNICIPAL IZIDORO CURVELLO,"RUA BINOT PALMIER DE GONNEVILLE, S/N",SÃO JOSÉ DO ACARAÍ,0
83194,27,1244,ESCOLA MUNICIPAL JOÃO GERMANO MACHADO,"PROF. MARIA ESTELLA MARTINS, S/N,",1244,ESCOLA MUNICIPAL JOÃO GERMANO MACHADO,"PROF. MARIA ESTELLA MARTINS, S/N,",IPEROBA,0
83194,27,1252,ESCOLA MUNICIPAL LÚCIO PATRÍCIO DE MIRA,"ESTRADA GERAL, S/N",1252,ESCOLA MUNICIPAL LÚCIO PATRÍCIO DE MIRA,"RODOVIA HIPÓLITO ARZUA, 4759",GAMBOA,0
83194,27,1279,ESCOLA MUNICIPAL FRANCISCO ANSELMO CORRÊA,"RUA WALTER RHINOW, 5119",1279,ESCOLA MUNICIPAL FRANCISCO ANSELMO CORRÊA,"RUA WALTER RHINOW, 5119",LARANJEIRAS,0
83194,27,1341,ESCOLA MUNICIPAL MORRO DA CRUZ,"RUA VER. SALVADOR GOMES DE OLIVEIRA, 1300",1341,ESCOLA MUNICIPAL MORRO DA CRUZ,"RUA VER. SALVADOR GOMES DE OLIVEIRA, 1300",MORRO DA CRUZ,0
83194,27,1384,ESCOLA MUNICIPAL ANTONIO CANUTO,"ESTRADA GERAL, S/N",1384,ESCOLA MUNICIPAL ANTONIO CANUTO,"ESTRADA GERAL, S/N",RIBEIRA,0
83194,27,1368,ESCOLA BÁSICA MUNICIPAL WALDEMAR DA COSTA,"RUA BÁSICA WALDEMAR DA COSTA, N. 135",1368,ESCOLA BÁSICA MUNICIPAL WALDEMAR DA COSTA,"RUA BÁSICA WALDEMAR DA COSTA, N. 135",ÁGUA BRANCA,0
83194,27,1376,ESCOLA MUNICIPAL RODOLFO FISCHER,"RUA XXV DE DEZEMBRO, S/N",1376,ESCOLA MUNICIPAL RODOLFO FISCHER,"RUA XXV DE DEZEMBRO, S/N",MORRO GRANDE,0
83194,27,1295,GRUPO ESCOLAR MUNICIPAL JOÃO DIAS,"ESTRADA GERAL DO FORTE, S/N,",1295,GRUPO ESCOLAR MUNICIPAL JOÃO DIAS,"ESTRADA GERAL DO FORTE, S/N,",UBATUBA,0
83194,27,1350,ESCOLA MUNICIPAL FRANKLIN DE OLIVEIRA,"RODOVIA DUQUE DE CAXIAS, S/N",1350,ESCOLA MUNICIPAL FRANKLIN DE OLIVEIRA,"RODOVIA DUQUE DE CAXIAS, S/N",RETA,0
83194,27,1422,ESCOLA MUNICIPAL RAMIRO BUENO DA ROCHA,"AVENIDA ACARAÍ, 510",1422,ESCOLA MUNICIPAL RAMIRO BUENO DA ROCHA,"AVENIDA ERVINO KLUG, 510",PRAIA DO ERVINO,0
83194,27,1430,ESCOLA MUNICIPAL IDA BEATRIZ BRUNATO DE CAMARGO,"RUA RIO DOS CEDROS, 434",1430,ESCOLA MUNICIPAL IDA BEATRIZ BRUNATO DE CAMARGO,"RUA RIO DOS CEDROS, 434",UBATUBA,0
83216,53,1015,ESCOLA DE ENSINO FUNDAMENTAL PATRICIO TEIXEIRA BRASIL,"RUA JORGE LACERDA, 427 FONE 3665 4653",1015,ESCOLA DE ENSINO FUNDAMENTAL PATRICIO TEIXEIRA BRASIL,"RUA JORGE LACERDA, 427 FONE 3665 4653",CENTRO,0
83216,53,1023,ESCOLA DE EDUCAÇÃO BÁSICA ALICE DA SILVA GOMES,"RUA LAURO FRANCISCO SGROTT, 48",1023,ESCOLA DE EDUCAÇÃO BÁSICA ALICE DA SILVA GOMES,"RUA LAURO FRANCISCO SGROTT, 48",CENTRO,0
83216,53,1139,ESCOLA DE EDUCACAO BASICA SAO JOAO BATISTA,"RUA OCTAVIANO DADAM, 111",1139,ESCOLA DE EDUCACAO BASICA SAO JOAO BATISTA,"RUA OCTAVIANO DADAM, 111",CENTRO,0
83216,53,1040,ESCOLA DE EDUCAÇÃO BÁSICA MONSENHOR JOSE LOCKS,RUA JOSÉ ANTONIO SOARES,1040,ESCOLA DE EDUCAÇÃO BÁSICA MONSENHOR JOSE LOCKS,RUA JOSÉ ANTONIO SOARES,RIBANCEIRA DO SUL,0
83216,53,1066,ESCOLA DE EDUCAÇÃO BÁSICA CATARINA DESCHAMPS STEFFEN,"RUA MARCOS SILVA, N. 756",1066,ESCOLA DE EDUCAÇÃO BÁSICA CATARINA DESCHAMPS STEFFEN,"RUA MARCOS SILVA, N. 756",CARDOSO,0
83216,53,1074,ESCOLA DE EDUCAÇÃO BÁSICA PROFESSORA FLORA AUTA BRASIL,SC 108 KM 16,1074,ESCOLA DE EDUCAÇÃO BÁSICA PROFESSORA FLORA AUTA BRASIL,SC 108 KM 16,FERNANDES,0
83216,53,1082,SALAO DE FESTAS DA IGREJA SANTO ANTONIO,"SC 108, KM 168, S/N",1082,SALAO DE FESTAS DA IGREJA SANTO ANTONIO,"SC 108, KM 168, S/N",DOMINGAS CORREA,0
83216,53,1090,ESCOLA DE EDUCAÇÃO BÁSICA PROFESSORA LIDIA LEAL GOMES,"RUA ACISO SETENTA E DOIS, 169",1090,ESCOLA DE EDUCAÇÃO BÁSICA PROFESSORA LIDIA LEAL GOMES,"RUA ACISO SETENTA E DOIS, 169",TIGIPIÓ,0
83216,53,1104,NUCLEO INFANTIL BRANCA DE NEVE,"ESTRADA GERAL ARATACA, S/N",1104,NUCLEO INFANTIL BRANCA DE NEVE,"ESTRADA GERAL ARATACA, S/N",TIGIPIÓ,0
83216,53,1120,POSTO DE SAÚDE DO BAIRRO COLÔNIA,"RUA GERAL, S/N",1120,POSTO DE SAÚDE DO BAIRRO COLÔNIA,"RUA GERAL, S/N",DOMINGAS CORREIA/COLÔNIA DE DENTRO,0
83216,53,1147,ESCOLA DE EDUCAÇÃO BÁSICA MARIA DAS DORES CIPRIANI,"RUA LUIZ CYPRIANI, N. 140",1147,ESCOLA DE EDUCAÇÃO BÁSICA MARIA DAS DORES CIPRIANI,"RUA LUIZ CYPRIANI, N. 140",CARMELO,0
83216,53,1171,ESCOLA DE EDUCAÇÃO BÁSICA PROFESSORA ARACI ESPÍNDOLA DALCENTER,"RUA JOSÉ MONTIBELLER, N. 88,",1171,ESCOLA DE EDUCAÇÃO BÁSICA PROFESSORA ARACI ESPÍNDOLA DALCENTER,"RUA JOSÉ MONTIBELLER, N. 88,",JARDIM SÃO PAULO,0
81124,68,1023,COLÉGIO ESTADUAL PROFESSORA ELVIRA FARIAS PASSOS,"RUA ESTEFANIO GUSTZAKI, N. 5",1023,COLÉGIO ESTADUAL PROFESSORA ELVIRA FARIAS PASSOS,"RUA ESTEFANIO GUSTZAKI, N. 5",CENTRO,0
81124,68,1104,ESCOLA MUNICIPAL MONSENHOR SEBASTIÃO SCARZELLO,"RUA ALCIDES MELLO, S/N",1104,ESCOLA MUNICIPAL MONSENHOR SEBASTIÃO SCARZELLO,"RUA ALCIDES MELLO, S/N",SANTA CRUZ,0
80640,65,1023,ESCOLA DE EDUCAÇÃO BÁSICA PADRE JOÃO RICK DE LINHA ERVALZINHO,"LINHA ERVALZINHO, S/N",1023,ESCOLA DE EDUCAÇÃO BÁSICA PADRE JOÃO RICK DE LINHA ERVALZINHO,"LINHA ERVALZINHO, S/N",LINHA ERVALZINHO,0
80640,65,1031,ESCOLA MUNICIPAL MINISTRO LUIZ GALLOTI DE LINHA BEATO ROQUE,"LINHA BEATO ROQUE, S/N, FONE",1031,ESCOLA MUNICIPAL MINISTRO LUIZ GALLOTI DE LINHA BEATO ROQUE,"LINHA BEATO ROQUE, S/N, FONE",LINHA BEATO ROQUE,0
80640,65,1040,ESCOLA ISOLADA LINHA JABOTICABA,"LINHA JABOTICABA, S/N",1040,ESCOLA ISOLADA LINHA JABOTICABA,"LINHA JABOTICABA, S/N",LINHA JABOTICABA,0
80640,65,1058,ESCOLA ISOLADA LINHA FORTALEZA,"LINHA FORTALEZA, S/N",1058,ESCOLA ISOLADA LINHA FORTALEZA,"LINHA FORTALEZA, S/N",LINHA FORTALEZA,0
80640,65,1066,ESCOLA DE EDUCAÇÃO BÁSICA MADRE BENVENUTA,"CENTRO, S/N",1066,ESCOLA DE EDUCAÇÃO BÁSICA MADRE BENVENUTA,"CENTRO, S/N",CENTRO,0
80640,65,1074,ESCOLA DE EDUCAÇÃO BÁSICA CRISTO REI,"LINHA CRISTO REI, S/N",1074,ESCOLA DE EDUCAÇÃO BÁSICA CRISTO REI,"LINHA CRISTO REI, S/N",LINHA CRISTO REI,0
80640,65,1082,ASSOCIAÇÃO SANTO INÁCIO DE LINHA MACUCO,"LINHA MACUCO, S/N",1082,ASSOCIAÇÃO SANTO INÁCIO DE LINHA MACUCO,"LINHA MACUCO, S/N",LINHA MACUCO,0
80640,65,1090,ASSOCIAÇÃO DE MORADORES DE LINHA MEDIANEIRA,"LINHA MEDIANEIRA, S/N",1090,ASSOCIAÇÃO DE MORADORES DE LINHA MEDIANEIRA,"LINHA MEDIANEIRA, S/N",LINHA MEDIANEIRA,0
80640,65,1104,ASSOCIAÇÃO RECRE. CULT. E ESPORTIVA DE VALE PIO,"LINHA VALE PIO, S/N",1104,ASSOCIAÇÃO RECRE. CULT. E ESPORTIVA DE VALE PIO,"LINHA VALE PIO, S/N",LINHA VALE PIO,0
80640,65,1112,ASSOCIAÇÃO DE MORADORES DE ALTO MACUCO,"LINHA ALTO MACUCO, S/N",1112,ASSOCIAÇÃO DE MORADORES DE ALTO MACUCO,"LINHA ALTO MACUCO, S/N",LINHA ALTO MACUCO,0
80640,65,1015,SOCIEDADE BENEF. CULT. RECR. ESPERANÇA DE LINHA ITACURUÇU,"LINHA ITACURUÇU, S/N",1015,SOCIEDADE BENEF. CULT. RECR. ESPERANÇA DE LINHA ITACURUÇU,"LINHA ITACURUÇU, S/N",LINHA ITACURUÇU,0
83232,54,1015,ESCOLA ESTADUAL BÁSICA PROFESSORA MARIA SOLANGE LOPES DE BORBA,"RUA JAIME GRUNDLER, 468",1015,ESCOLA ESTADUAL BÁSICA PROFESSORA MARIA SOLANGE LOPES DE BORBA,"RUA JAIME GRUNDLER, 468",CENTRO,0
83232,54,1023,ESCOLA DE EDUCAÇÃO BÁSICA VILA VELHA II,"RUA ANTONIO PRUDENCIO ROXO, S/N",1023,ESCOLA DE EDUCAÇÃO BÁSICA VILA VELHA II,"RUA CAETANO LUMMERTZ, S/N",VILA CONCEICÃO,0
83232,54,1112,ESCOLA DE EDUCAÇÃO BÁSICA CAETANO LUMMERTZ,RODOVIA ARI PEDRO BORGES - SC 290 - KM 12,1112,ESCOLA DE EDUCAÇÃO BÁSICA CAETANO LUMMERTZ,RODOVIA ARI PEDRO BORGES - SC 290 - KM 12,VILA SANTA CATARINA,0
83259,28,1023,ESCOLA BÁSICA ESTADUAL SÃO JOSÉ,"RUA PRUDENTE CÂNDIDO DA SILVA, S/N",1023,ESCOLA BÁSICA ESTADUAL SÃO JOSÉ,"RUA PRUDENTE CÂNDIDO DA SILVA, S/N",TRES PEDRINHAS,0
83259,28,1287,ESCOLA BÁSICA ARI DE SOUZA BORGES,"RUA JORGE BLEYER, S/N",1287,ESCOLA BÁSICA ARI DE SOUZA BORGES,"RUA JORGE BLEYER, S/N",MARTORANO,0
83259,28,1031,ESCOLA DE EDUCAÇÃO BÁSICA MARTINHO DE HARO,"LARGO ARISTORIDES STADLER, N. 19",1031,ESCOLA DE EDUCAÇÃO BÁSICA MARTINHO DE HARO,"LARGO ARISTORIDES STADLER, N. 19",CENTRO,0
83259,28,1040,CLUBE ASTRÉA,"PRAÇA HERCÍLIO LUZ, N. 100",1040,CLUBE ASTRÉA,"PRAÇA HERCÍLIO LUZ, N. 100",CENTRO,0
83259,28,1058,ESCOLA BASICA MUNICIPAL ARISTIDES RIBEIRO DE MEDEIROS,RUA ANTÔNIO MARTINS AZEVEDO,1058,ESCOLA BASICA MUNICIPAL ARISTIDES RIBEIRO DE MEDEIROS,RUA ANTÔNIO MARTINS AZEVEDO,SAO JOSE,0
83259,28,1074,ESCOLA DE EDUCAÇÃO BÁSICA MANOEL CRUZ,"RUA MANOEL RODRIGUES DO NASCIMENTO, S/N",1074,ESCOLA DE EDUCAÇÃO BÁSICA MANOEL CRUZ,"RUA MANOEL RODRIGUES DO NASCIMENTO, S/N",JARDIM MINUANO,0
83259,28,1414,CAIC - FÚLVIO AMARANTE FERREIRA,"RUA MANOEL RODRIGUES DO NASCIMENTO, S/N",1074,ESCOLA DE EDUCAÇÃO BÁSICA MANOEL CRUZ,"RUA MANOEL RODRIGUES DO NASCIMENTO, S/N",JARDIM MINUANO,
83259,28,1295,SALÃO POLIVALENTE NOSSA SENHORA APARECIDA,"RUA ANTÔNIO PEREIRA SOBRINHO, S/N",1295,SALÃO POLIVALENTE NOSSA SENHORA APARECIDA,"RUA ANTÔNIO PEREIRA SOBRINHO, S/N",NOSSA SENHORA APARECIDA,0
83259,28,1090,SALÃO DA COMUNIDADE DO CRUZEIRO,"RODOVIA SC 438 KM, S/N",1090,SALÃO DA COMUNIDADE DO CRUZEIRO,"RODOVIA SC 438 KM, S/N",CRUZEIRO,0
83259,28,1112,ESCOLA MUNICIPAL JARBAS AMARANTE FERREIRA,"ESTRADA GERAL, S/N",1112,ESCOLA MUNICIPAL JARBAS AMARANTE FERREIRA,"ESTRADA GERAL, S/N",BOAVA,
83259,28,1120,SALÃO MORROS ALTOS,"RODOVIA SC 438 KM, S/N",1120,SALÃO MORROS ALTOS,"RODOVIA SC 438 KM, S/N",MORROS ALTOS,0
83259,28,1139,ESCOLA ISOLADA MUNICIPAL ATÍLIA CECHINEL NESI,"ESTRADA GERAL DO DESPRAIADO, S/N",1139,ESCOLA ISOLADA MUNICIPAL ATÍLIA CECHINEL NESI,"ESTRADA GERAL DO DESPRAIADO, S/N",DESPRAIADO,0
83259,28,1171,ESCOLA MUNICIPAL OCTÁVIO ANTUNES DE SOUZA,"ESTRADA GERAL, S/N",1171,ESCOLA MUNICIPAL OCTÁVIO ANTUNES DE SOUZA,"ESTRADA GERAL, S/N",BENTINHO,0
83259,28,1198,SALAO DE FESTAS DE SANTA IZABEL,"ESTRADA GERAL DE SANTA IZABEL, S/N",1198,SALAO DE FESTAS DE SANTA IZABEL,"ESTRADA GERAL DE SANTA IZABEL, S/N",SANTA IZABEL,0
83259,28,1210,ESCOLA ISOLADA BOQUEIRÃO,"ESTRADA GERAL, S/N",1210,ESCOLA ISOLADA BOQUEIRÃO,"ESTRADA GERAL, S/N",SAO FRANCISCO XAVIER,15
83259,28,1228,ESCOLA BÁSICA MUNICIPAL MARIA APARECIDA NUNES,"ESTRADA GERAL DE SÃO SEBASTIÃO DO ARVOREDO, S/N",1228,ESCOLA BÁSICA MUNICIPAL MARIA APARECIDA NUNES,"ESTRADA GERAL DE SÃO SEBASTIÃO DO ARVOREDO, S/N",SAO SEBASTIAO DO ARVOREDO,26
83259,28,1244,SALÃO DE FESTAS DE ESTÂNCIA DO MEIO,"ESTRADA GERAL, S/N",1244,SALÃO DE FESTAS DE ESTÂNCIA DO MEIO,"ESTRADA GERAL, S/N",ESTANCIA DO MEIO,0
83259,28,1260,ESCOLA BÁSICA MUNICIPAL JOSÉ SATURNINO OLIVEIRA,"ESTRADA GERAL, S/N",1260,ESCOLA BÁSICA MUNICIPAL JOSÉ SATURNINO OLIVEIRA,"ESTRADA GERAL, S/N",PERICO,0
83259,28,1317,ESCOLA BÁSICA MUNICIPAL JOÃO PAULO CARVALHO,"ESTRADA GERAL, S/N",1317,ESCOLA BÁSICA MUNICIPAL JOÃO PAULO CARVALHO,"ESTRADA GERAL, S/N",LUIZINHO,
83259,28,1341,SALÃO DE FESTAS DE SÃO JOÃO DO PELOTAS,"ESTRADA GERAL, S/N",1341,SALÃO DE FESTAS DE SÃO JOÃO DO PELOTAS,"ESTRADA GERAL, S/N",SAO JOAO DO PELOTAS,
83259,28,1279,CEI PAULINO GONÇALVES DE LIZ,"ESTRADA GERAL, S/N",1279,CEI PAULINO GONÇALVES DE LIZ,"ESTRADA GERAL, S/N",SAO SEBASTIAO DA VARZEA,0
83259,28,1325,ESCOLA BÁSICA MUNICIPAL DOMINGOS PEREIRA PORTELA,"RUA LIZANDRO LUIZ VIEIRA, S/N",1325,ESCOLA BÁSICA MUNICIPAL DOMINGOS PEREIRA PORTELA,"RUA LIZANDRO LUIZ VIEIRA, S/N",JARDIM BANDEIRA,0
83259,28,1562,ESCOLA MUNICIPAL JUREMA HUGEN PALMA,"RUA OTÁVIO ALVES GUIMARÃES, S/N",1562,ESCOLA MUNICIPAL JUREMA HUGEN PALMA,"RUA OTÁVIO ALVES GUIMARÃES, S/N",MADRE PAULINA,0
83259,28,1554,CEI - GRACI MARIA REDUGÉRIO DA SILVA (DONA CICI),"ESTRADA GERAL DA INVERNADINHA, S/N",1554,CEI - GRACI MARIA REDUGÉRIO DA SILVA (DONA CICI),"ESTRADA GERAL DA INVERNADINHA, S/N",INVERNADINHA,
83259,28,1570,SALÃO COMUNITÁRIO DA COSTA DA ANTONINA,ESTRADA GERAL ENTRE BENTINHO E ESTÂNCIA DO MEIO,1570,SALÃO COMUNITÁRIO DA COSTA DA ANTONINA,ESTRADA GERAL ENTRE BENTINHO E ESTÂNCIA DO MEIO,COSTA DA ANTONINA,0
83275,29,1015,ESCOLA DE EDUCAÇÃO BÁSICA PROF. LAÉRCIO CALDEIRA DE ANDRADA,"RUA ALTAMIRO DI BERNARDI, N. 561",1015,ESCOLA DE EDUCAÇÃO BÁSICA PROF. LAÉRCIO CALDEIRA DE ANDRADA,"RUA ALTAMIRO DI BERNARDI, N. 561",CAMPINAS,0
83275,29,1040,ESCOLA DE EDUCAÇÃO BÁSICA FRANCISCO TOLENTINO,"RUA XAVIER CÂMARA, S/N",1040,ESCOLA DE EDUCAÇÃO BÁSICA FRANCISCO TOLENTINO,"RUA XAVIER CÂMARA, S/N",CENTRO,0
83275,29,1570,ESCOLA DE EDUCAÇÃO BÁSICA PROFESSOR JOAQUIM SANTIAGO,"RUA ZITA ALTHOFF KOERICH, 1744",1570,ESCOLA DE EDUCAÇÃO BÁSICA PROFESSOR JOAQUIM SANTIAGO,"RUA ZITA ALTHOFF KOERICH, 1744",COLONIA SANTANA,0
83275,29,1066,EEB NOSSA SENHORA DA CONCEIÇÃO,"RUA JOÃO GRUMICHE, 805",1066,ESCOLA DE EDUCAÇÃO BÁSICA NOSSA SENHORA DA CONCEIÇÃO,"RUA JOÃO GRUMICHE, 805",ROÇADO,0
83275,29,1104,ESCOLA BÁSICA MUNICIPAL VEREADORA ALBERTINA KRUMMEL MACIEL,"RUA ADÉLIO LONGO, N. 675",1104,ESCOLA BÁSICA MUNICIPAL VEREADORA ALBERTINA KRUMMEL MACIEL,"RUA ADÉLIO LONGO, N. 675",FAZENDA SANTO ANTONIO,0
83275,29,1384,COLÉGIO MUNICIPAL MARIA LUIZA DE MELO,"RUA JOSÉ FERMINO NOVAES - FUNDOS, S/N",1384,COLÉGIO MUNICIPAL MARIA LUIZA DE MELO,"RUA JOSÉ FERMINO NOVAES - FUNDOS, S/N",KOBRASOL,0
83275,29,1597,INSTITUTO FEDERAL DE SANTA CATARINA - CAMPUS SÃO JOSÉ/SC,"RUA JOSÉ LINO KRETZER, N. 608",1597,INSTITUTO FEDERAL DE SANTA CATARINA - CAMPUS SÃO JOSÉ/SC,"RUA JOSÉ LINO KRETZER, N. 608",PRAIA COMPRIDA,0
83275,29,1210,ESCOLA DE EDUCAÇÃO BÁSICA CECÍLIA ROSA LOPES,"RUA ALAN KARDEC, N. 284",1210,ESCOLA DE EDUCAÇÃO BÁSICA CECÍLIA ROSA LOPES,"RUA ALAN KARDEC, N. 284",FORQUILHINHAS,0
83275,29,1260,ESCOLA DE EDUCAÇÃO BÁSICA PROFESSORA LAURITA DUTRA DE SOUZA,"RUA GRALHA AZUL, S/N",1260,ESCOLA DE EDUCAÇÃO BÁSICA PROFESSORA LAURITA DUTRA DE SOUZA,"RUA GRALHA AZUL, S/N",PICADAS DO SUL,0
83275,29,1317,ESCOLA DE EDUCAÇÃO BÁSICA JOSÉ MATHIAS ZIMMERMANN,"RUA JOSÉ MATHIAS ZIMMERMANN, N. 68",1317,ESCOLA DE EDUCAÇÃO BÁSICA JOSÉ MATHIAS ZIMMERMANN,"RUA JOSÉ MATHIAS ZIMMERMANN, N. 68",SERTAO DO MARUIM,0
83275,29,1333,CENTRO EDUCACIONAL MUNICIPAL SÃO LUIZ,"RUA DOCILÍCIO LUZ, N. 663",1333,CENTRO EDUCACIONAL MUNICIPAL SÃO LUIZ,"RUA DOCILÍCIO LUZ, N. 663",SÃO LUIZ,0
83275,29,1422,ESCOLA DE ENSINO FUNDAMENTAL PROF MARCÍLIA DE OLIVEIRA,"RUA FRANCISCO DE ASSIS, S/N",1422,ESCOLA DE ENSINO FUNDAMENTAL PROF MARCÍLIA DE OLIVEIRA,"RUA FRANCISCO DE ASSIS, S/N",FORQUILHINHAS,0
83275,29,1392,ESCOLA DE EDUCAÇÃO BÁSICA PROFESSORA VALDETE LUCI MARTINS PORTO,"RUA ANTÔNIO JOVITA DUARTE, N. 7038",1392,ESCOLA DE EDUCAÇÃO BÁSICA PROFESSORA VALDETE LUCI MARTINS PORTO,"RUA ANTÔNIO JOVITA DUARTE, N. 7038",FORQUILHAS,0
83275,29,1619,CENTRO EDUCACIONAL MUNICIPAL ANTÔNIO FRANCISCO MACHADO,"RUA PEDRO PAULO DE ABREU, S/N.",1619,CENTRO EDUCACIONAL MUNICIPAL ANTÔNIO FRANCISCO MACHADO,"RUA PEDRO PAULO DE ABREU, S/N.",FORQUILHINHAS,0
83275,29,1511,SALÃO PAROQUIAL DA IGREJA DE SANTO ANTÔNIO,"RUA IRMÃOS VIEIRA, N. 4",1511,SALÃO PAROQUIAL DA IGREJA DE SANTO ANTÔNIO,"RUA IRMÃOS VIEIRA, N. 4",CAMPINAS,0
83275,29,1589,CENTRO EDUCACIONAL MUNICIPAL GOV. VILSON KLEINUBING,"AVENIDA LISBOA, S/N QUADRA 5",1589,CENTRO EDUCACIONAL MUNICIPAL GOV. VILSON KLEINUBING,"AVENIDA LISBOA, S/N QUADRA 5",FORQUILHAS,0
83275,29,1627,CENTRO DE EDUCAÇÃO INFANTIL SANTO ANTÔNIO,"R. NEREU NETO CAPISTRANO, S/N",1627,CENTRO DE EDUCAÇÃO INFANTIL SANTO ANTÔNIO,"R. NEREU NETO CAPISTRANO, S/N",FAZENDA SANTO ANTONIO,0
83275,29,1600,CENTRO EDUCACIONAL MUNICIPAL MARIA HORTÊNCIA PEREIRA FURTADO,"RUA CARLOS ALBERTO RUCK, S/N",1600,CENTRO EDUCACIONAL MUNICIPAL MARIA HORTÊNCIA PEREIRA FURTADO,"RUA CARLOS ALBERTO RUCK, S/N",POTECAS,0
83275,29,1651,CENTRO EDUCACIONAL MUNICIPAL CENIRO MARTINS,"AV. CENIRO LUIZ RIBEIRO MARTINS, S/N.",1651,CENTRO EDUCACIONAL MUNICIPAL SEBASTIÃO CORRÊA,"AV. CENIRO LUIZ RIBEIRO MARTINS, 429.",FORQUILHAS,0
83275,29,1643,CEI PROF. ANTÔNIO JOAQUIM DE SOUZA,AV. LISBOA - QUADRA 5,1643,CEI PROF. ANTÔNIO JOAQUIM DE SOUZA,AV. LISBOA - QUADRA 5,FORQUILHAS,0
83275,29,1686,CENTRO EDUCACIONAL MUNICIPAL SANTA ANA,"RUA ENGELBERTO KOERICH, 30.",1686,CENTRO EDUCACIONAL MUNICIPAL SANTA ANA,"RUA ENGELBERTO KOERICH, 30.",COLONIA SANTANA,
83275,29,1660,ESCOLA DE EDUCAÇÃO BÁSICA PROF MARIA JOSÉ BARBOSA VIEIRA,"RUA JOAQUIM VAZ, 1413.",1660,ESCOLA DE EDUCAÇÃO BÁSICA PROF MARIA JOSÉ BARBOSA VIEIRA,"RUA JOAQUIM VAZ, 1413.",PRAIA COMPRIDA,0
83275,29,1635,CENTRO EDUCACIONAL MUNICIPAL SANTA TEREZINHA,"R. FRANCISCO IGNACIO NASCIMENTO, S/N",1635,CENTRO EDUCACIONAL MUNICIPAL SANTA TEREZINHA,"R. FRANCISCO IGNACIO NASCIMENTO, S/N",FORQUILHAS,0
83275,84,1295,ESCOLA DE EDUCAÇÃO BÁSICA WANDERLEY JÚNIOR,"RUA OTTO JULIO MALINA, 438",1295,ESCOLA DE EDUCAÇÃO BÁSICA WANDERLEY JÚNIOR,"RUA OTTO JULIO MALINA, 438",IPIRANGA,0
83275,84,1015,CENTRO EDUCACIONAL MUNICIPAL MARIA IRACEMA MARTINS DE ANDRADE,"TRAVESSA PAULO LUCKNER, S/N 3257.6617",1015,CENTRO EDUCACIONAL MUNICIPAL MARIA IRACEMA MARTINS DE ANDRADE,"TRAVESSA PAULO LUCKNER, S/N 3257.6617",IPIRANGA,0
83275,84,1023,COLÉGIO ELISA ANDREOLI,"RUA MADRE FLAVIA ANDRETTA, 448",1023,COLÉGIO ELISA ANDREOLI,"RUA MADRE FLAVIA ANDRETTA, 448",BARREIROS,0
83275,84,1031,ESCOLA DE EDUCAÇÃO BÁSICA PROFESSOR OSWALDO RODRIGUES CABRAL,"RUA SAO JOSE, 173 FONE 3665-5782",1031,ESCOLA DE EDUCAÇÃO BÁSICA PROFESSOR OSWALDO RODRIGUES CABRAL,"RUA SAO JOSE, 173 FONE 3665-5782",BELA VISTA,0
83275,84,1040,ESCOLA DE EDUCAÇÃO BÁSICA PRESIDENTE JUSCELINO KUBITSCHEK,"RUA JACOB SENS, S/N FONE (48) 3246 1224",1040,ESCOLA DE EDUCAÇÃO BÁSICA PRESIDENTE JUSCELINO KUBITSCHEK,"RUA JACOB SENS, S/N FONE (48) 3246 1224",AREIAS,0
83275,84,1058,ESCOLA DE EDUCAÇÃO BASICA PROFESSORA MARIA DO CARMO LOPES,"RUA CAXAMBU, S/N FONE (048)3665-5794",1058,ESCOLA DE EDUCAÇÃO BASICA PROFESSORA MARIA DO CARMO LOPES,"RUA CAXAMBU, S/N FONE (048)3665-5794",SERRARIA,0
83275,84,1074,ESCOLA BÁSICA PROFESSOR ALTINO CORSINO DA SILVA FLORES,"RUA GENUINO PEREIRA DA SILVA, N. 514 FONE (048)3240.5546",1074,ESCOLA BÁSICA PROFESSOR ALTINO CORSINO DA SILVA FLORES,"RUA GENUINO PEREIRA DA SILVA, N. 514 FONE (048)3240.5546",SANTOS DUMONT,0
83275,84,1082,ESCOLA DE EDUCAÇÃO BÁSICA ALDO CÂMARA DA SILVA,"RUA PEDRO ANDRÉ HERMES, S/N",1082,ESCOLA DE EDUCAÇÃO BÁSICA ALDO CÂMARA DA SILVA,"RUA PEDRO ANDRÉ HERMES, S/N",NOSSA SENHORA DO ROSARIO,0
83275,84,1090,ESCOLA DE EDUCAÇÃO BÁSICA PROFESSOR AMERICO VESPUCIO PRATES,"RUA JOSE VICTOR DA ROSA, 770 FONE (48) 3665 6402",1090,ESCOLA DE EDUCAÇÃO BÁSICA PROFESSOR AMERICO VESPUCIO PRATES,"RUA JOSE VICTOR DA ROSA, 770 FONE (48) 3665 6402",BARREIROS,0
83275,84,1147,CENTRO EDUCACIONAL MUNICIPAL RENASCER,"RUA JOSÉ ANTÔNIO PEREIRA, S/N",1147,CENTRO EDUCACIONAL MUNICIPAL RENASCER,"RUA JOSÉ ANTÔNIO PEREIRA, S/N",PEDREGAL,0
83275,84,1155,SALÃO PAROQUIAL NOSSA SENHORA DE LOURDES,"RUA HERIBERTO HULSE, S/N",1155,SALÃO PAROQUIAL NOSSA SENHORA DE LOURDES,"RUA HERIBERTO HULSE, S/N",BARREIROS,0
83275,84,1201,ESCOLA DE ENSINO FUNDAMENTAL CRISTO REI,"RUA ALCEU AMOROSO LIMA, S/N",1201,ESCOLA DE ENSINO FUNDAMENTAL CRISTO REI,"RUA ALCEU AMOROSO LIMA, S/N",REAL PARQUE,0
83275,84,1198,ESCOLA DE ENSINO FUNDAMENTAL SÃO MIGUEL,"RUA MANOEL BANDEIRA, 306",1198,ESCOLA DE ENSINO FUNDAMENTAL SÃO MIGUEL,"RUA MANOEL BANDEIRA, 306",AREIAS,0
83275,84,1287,MARISTA ESCOLA SOCIAL SÃO JOSÉ,"RUA NOSSA SENHORA DOS NAVEGANTES, 2302",1287,MARISTA ESCOLA SOCIAL SÃO JOSÉ,"RUA NOSSA SENHORA DOS NAVEGANTES, 2302",SERRARIA,0
83275,84,1163,ESCOLA DE ENSINO FUNDAMENTAL DOUTOR HOMERO DE MIRANDA GOMES,"RUA OTTO JULIO MALINA, S/N",1163,ESCOLA DE ENSINO FUNDAMENTAL DOUTOR HOMERO DE MIRANDA GOMES,"RUA OTTO JULIO MALINA, S/N",IPIRANGA,0
83275,84,1171,ESCOLA DE EDUCACAO BÁSICA BELA VISTA,"AVENIDA BRASILIA, S/N",1171,ESCOLA DE EDUCACAO BÁSICA BELA VISTA,"AVENIDA BRASILIA, S/N",BELA VISTA,0
83275,84,1244,SALÃO PAROQUIAL IGREJA MATRIZ DA SANTA CRUZ,"RUA INDEPENDÊNCIA, N.  972",1244,SALÃO PAROQUIAL IGREJA MATRIZ DA SANTA CRUZ,"RUA INDEPENDÊNCIA, N.  972",AREIAS,0
83275,84,1309,CENTRO EDUCACIONAL MUNICIPAL ARAUCÁRIA,"RUA ALAÉSIO ILDEFONSO DA ROSA, S/N",1309,CENTRO EDUCACIONAL MUNICIPAL ARAUCÁRIA,"RUA ALAÉSIO ILDEFONSO DA ROSA, S/N",SERRARIA,0
83275,84,1317,SOCIEDADE DE ENSINO SUPERIOR ESTÁCIO DE SÁ LTDA,"RUA LEOBERTO LEAL, N. 431",1317,SOCIEDADE DE ENSINO SUPERIOR ESTÁCIO DE SÁ LTDA,"RUA LEOBERTO LEAL, N. 431",BARREIROS,0
83275,84,1325,CENTRO EDUCACIONAL MUNICIPAL LUAR,"RUA ADUCI ARBOEIS DO NASCIMENTO, S/N",1325,CENTRO EDUCACIONAL MUNICIPAL LUAR,"RUA ADUCI ARBOEIS DO NASCIMENTO, S/N",SERRARIA,0
83275,84,1333,CENTRO EDUCACIONAL INFANTIL SANTA INÊS,"R. PAULO JOÃO DOS SANTOS, N. 157",1333,CENTRO EDUCACIONAL INFANTIL SANTA INÊS,"R. PAULO JOÃO DOS SANTOS, N. 157",AREIAS,0
83275,84,1341,CENTRO EDUCACIONAL MUNICIPAL JARDIM SOLEMAR,"R. ALVELINA MARIA DA SILVA, 2551",1341,CENTRO EDUCACIONAL MUNICIPAL JARDIM SOLEMAR,"R. ALVELINA MARIA DA SILVA, 2551",CIDADE DE FLORIANOPOLIS,0
83275,84,1350,CENTRO EDUCACIONAL MUNICIPAL INTERATIVO,"R. SÃO JORGE, S/N",1350,CENTRO EDUCACIONAL MUNICIPAL INTERATIVO,"R. SÃO JORGE, S/N",NOSSA SENHORA DO ROSARIO,0
83275,84,1368,CENTRO EDUCACIONAL MUNICIPAL MORAR BEM,"AV. DAS MARGARIDAS, S/N",1368,CENTRO EDUCACIONAL MUNICIPAL MORAR BEM,"AV. DAS MARGARIDAS, S/N",SERRARIA,0
83291,50,1015,ESCOLA DE EDUCAÇÃO BÁSICA SÃO JOSÉ,"RUA GENERAL GOES DE MONTEIRO, N. 26",1015,ESCOLA DE EDUCAÇÃO BÁSICA SÃO JOSÉ,"RUA GENERAL GOES DE MONTEIRO, N. 26",CENTRO,0
83291,50,1023,ESCOLA DE EDUCAÇÃO BÁSICA CEDRENSE,"RUA JORGE LACERDA, N. 1460",1023,ESCOLA DE EDUCAÇÃO BÁSICA CEDRENSE,"RUA JORGE LACERDA, N. 1460",CENTRO,0
83291,50,1031,ESPORTE CLUBE COMETA - LINHA DERRUBADA BAIXA,"ESTRADA GERAL, S/N",1031,ESPORTE CLUBE COMETA - LINHA DERRUBADA BAIXA,"ESTRADA GERAL, S/N",LINHA DERRUBADA BAIXA,0
83291,50,1040,ESCOLA EB SERAFIM BERTASO - LINHA SÃO VENDELINO,"ESTRADA GERAL, S/N",1040,ESCOLA EB SERAFIM BERTASO - LINHA SÃO VENDELINO,"ESTRADA GERAL, S/N",LINHA SÃO VENDELINO,0
83291,50,1058,ESCOLA DE ENSINO FUNDAMENTAL PADRE RÉUS,"R. ESTER MARIA SCHOLL, S/N",1058,ESCOLA DE ENSINO FUNDAMENTAL PADRE RÉUS,"R. ESTER MARIA SCHOLL, S/N",DISTRITO PADRE RÉUS,0
83291,50,1074,ESCOLA EF OSNI MEDEIROS RÉGIS -  DISTRITO MARIFLOR,"ESTRADA GERAL, S/N",1074,ESCOLA EF OSNI MEDEIROS RÉGIS -  DISTRITO MARIFLOR,"ESTRADA GERAL, S/N",DISTRITO MARIFLOR,0
83291,50,1201,GINÁSIO DE ESPORTES SÃO ROQUE,"ESTRADA GERAL, S/N",1201,GINÁSIO DE ESPORTES SÃO ROQUE,"ESTRADA GERAL, S/N",LINHA SÃO ROQUE,0
83313,104,1015,EMEF CAMPINA DOGELO,"ESTRADA MUNICIPAL KM 345, S/N",1015,EMEF CAMPINA DOGELO,"ESTRADA MUNICIPAL KM 345, S/N",LOCALIDADE CAMPINA DORGELO,0
83313,104,1074,EEB MAURO GONCALVES FARIAS,"RUA ANACLETO DA SILVA ORTIZ, N. 297",1074,EEB MAURO GONCALVES FARIAS,"RUA ANACLETO DA SILVA ORTIZ, N. 297",CENTRO,0
83313,104,1112,SALAO DA IGREJA DIVINO ESPIRITO SANTO,"RODOVIA MUNICIPAL KM 376, S/N FONE (49) 3292 2902",1112,SALAO DA IGREJA DIVINO ESPIRITO SANTO,"RODOVIA MUNICIPAL KM 376, S/N FONE (49) 3292 2902",LOCALIDADE CORREDEIRA,0
83313,104,1139,SALAO IGREJA SAGRADO CORACAO DE JESUS,"RODOVIA BR 282 KM, S/N",1139,SALAO IGREJA SAGRADO CORACAO DE JESUS,"RODOVIA BR 282 KM, S/N",LOCALIDADE ERMIDA,0
83313,104,1155,SALAO DE FESTAS IGREJA SANTA CATARINA ITARARÉ,"RODOVIA BR 282 KM, S/N",1155,SALAO DE FESTAS IGREJA SANTA CATARINA ITARARÉ,"RODOVIA BR 282 KM, S/N",LOCALIDADE ITARARE,0
83313,104,1171,SALAO DA IGREJA DE NOSSA SENHORA APARECIDA,"RODOVIA BR 282 KM, S/N",1171,SALAO DA IGREJA DE NOSSA SENHORA APARECIDA,"RODOVIA BR 282 KM, S/N",LOCALIDADE PINHEIROS RALOS,0
83313,104,1180,SALÃO DA COMUNIDADE DE PONTE CANOAS,"RODOVIA BR 282 KM 96, S/N",1180,SALÃO DA COMUNIDADE DE PONTE CANOAS,"RODOVIA BR 282 KM 96, S/N",LOCALIDADE PONTE CANOAS,0
83313,104,1198,EEB LAUDELINO DE SOUZA MEDEIROS,"RODOVIA MUNICIPAL KM 344, S/N",1198,EEB LAUDELINO DE SOUZA MEDEIROS,"RODOVIA MUNICIPAL KM 344, S/N",LOCALIDADE RINCÃO DOS ALBINOS,0
83313,104,1210,EEB LEOVEGILDO ESMERIO DA SILVA,"RODOVIA BR 282 KM, S/N FONE (49) 3249 1234 R 24",1210,EEB LEOVEGILDO ESMERIO DA SILVA,"RODOVIA BR 282, KM 278",LOCALIDADE SALTO DOS MARIANOS,0
83313,104,1236,EMEF SANTA CATARINA,"ESTRADA MUNICIPAL KM 123, S/N FONE (49) 3983 1976",1236,EMEF SANTA CATARINA,"ESTRADA MUNICIPAL KM 123, S/N FONE (49) 3983 1976",LOCALIDADE SANTA CATARINA,0
83313,104,1252,SALÃO DE FESTAS DE SANTO ANTÔNIO,"RODOVIA BR 282, S/N",1252,SALÃO DE FESTAS DE SANTO ANTÔNIO,"RODOVIA BR 282, S/N",LOCALIDADE SANTO ANTÔNIO DOS PINHOS,0
83313,104,1260,EMEF SAO GERALDO,"ESTRADA MUNICIPAL KM 358, S/N",1260,EMEF SAO GERALDO,"ESTRADA MUNICIPAL KM 358, S/N",LOCALIDADE SÃO GERALDO,0
83313,104,1287,SALAO DA IGREJA SAO JOAO,"ESTRADA MUNICIPAL KM 350, S/N",1287,SALAO DA IGREJA SAO JOAO,"ESTRADA MUNICIPAL KM 350, S/N",LOCALIDADE SÃO JOÃO DAS PALMEIRAS,0
83313,104,1309,SALAO DE FESTAS DA IGREJA DE SAO JUDAS TADEU,"ESTRADA MUNICIPAL KM 476, S/N",1309,SALAO DE FESTAS DA IGREJA DE SAO JUDAS TADEU,"ESTRADA MUNICIPAL KM 476, S/N",LOCALIDADE VARGEM BONITA,0
83313,104,1325,EMEF GLÓRIA,"ESTRADA MUNICIPAL, S/N",1325,EMEF GLÓRIA,"ESTRADA MUNICIPAL, S/N",LOCALIDADE GLORIA,0
83313,104,1333,SALAO IGREJA SANTA TERESINHA,"RODOVIA MUNICIPAL KM 140, S/N",1333,SALAO IGREJA SANTA TERESINHA,"RODOVIA MUNICIPAL KM 140, S/N",LOCALIDADE RINCÃO DOS MUNIZ,0
83313,104,1350,SALAO IGREJA NOSSA SENHORA DE FATIMA,"RODOVIA ESTADUAL  SC 120 KM 457, S/N",1350,SALAO IGREJA NOSSA SENHORA DE FATIMA,"RODOVIA ESTADUAL  SC 120 KM 457, S/N",LOCALIDADE ARAÇA,0
83313,104,1368,SALAO IGREJA SAO FRANCISCO,"RODOVIA MUNICIPAL KM 358, S/N",1368,SALAO IGREJA SAO FRANCISCO,"RODOVIA MUNICIPAL KM 358, S/N",LOCALIDADE ERVA DOCE,0
83313,104,1376,EMEF SOCORRO,"ESTRADA MUNICIPAL, S/N",1457,SALÃO DA COMUNIDADE DE NOSSA SENHORA DO PERPÉTUO SOCORRO,ESTRADA GERAL,LOCALIDADE SOCORRO,23
83313,104,1384,SALÃO IGREJA SÃO JOSÉ,"ESTRADA MUNICIPAL, S/N",1384,SALÃO IGREJA SÃO JOSÉ,"ESTRADA MUNICIPAL, S/N",LOCALIDADE SÃO JOSÉ,0
83330,49,1015,ESCOLA DE EDUCAÇÃO BÁSICA SOROR ANGÉLICA,"RUA RIO DE JANEIRO, N. 720",1015,ESCOLA DE EDUCAÇÃO BÁSICA SOROR ANGÉLICA,"RUA RIO DE JANEIRO, N. 720",CRUZEIRO,0
83330,49,1619,CENTRO PASTORAL SÃO LOURENÇO,"RUA CORONEL BERTASO, N. 911",1619,CENTRO PASTORAL SÃO LOURENÇO,"RUA CORONEL BERTASO, N. 911",CENTRO,0
83330,49,1031,INSTITUTO FEDERAL DE SANTA CATARINA,"RUA ADERBAL RAMOS DA SILVA, N. 486",1031,INSTITUTO FEDERAL DE SANTA CATARINA,"RUA ADERBAL RAMOS DA SILVA, N. 486",PROGRESSO,0
83330,49,1040,CENTRO DE EDUCAÇÃO INFANTIL MUNICIPAL MONTEIRO LOBATO,"RUA BENO ERBES, N. 473",1040,CENTRO DE EDUCAÇÃO INFANTIL MUNICIPAL MONTEIRO LOBATO,"RUA BENO ERBES, N. 473",CRUZEIRO,0
83330,49,1023,CENTRO DE EDUCAÇÃO INFANTIL MUNICIPAL MUNDO COLORIDO,"RUA JOÃO BEUX SOBRINHO, 305",1023,CENTRO DE EDUCAÇÃO INFANTIL MUNICIPAL MUNDO COLORIDO,"RUA JOÃO BEUX SOBRINHO, 305",PERPÉTUO SOCORRO,0
83330,49,1066,ESCOLA DE EDUCAÇÃO BÁSICA SÃO VALENTIM,"RUA VALENTIM ROSSO, S/N",1066,ESCOLA DE EDUCAÇÃO BÁSICA SÃO VALENTIM,"RUA VALENTIM ROSSO, S/N",DISTRITO DE PRESIDENTE JUSCELINO,0
83330,49,1600,CENTRO ESPORTIVO E CULTURAL DA COMUNIDADE DE LAJEADO ANTUNES,"RODOVIA SC 473, KM 11",1600,CENTRO ESPORTIVO E CULTURAL DA COMUNIDADE DE LAJEADO ANTUNES,"RODOVIA SC 473, KM 11",LINHA LAJEADO ANTUNES,0
83330,49,1112,PAVILHÃO DA COMUNIDADE DE SANTANA DA BELA VISTA,"RODOVIA SC 468, KM 29, S/N",1112,PAVILHÃO DA COMUNIDADE DE SANTANA DA BELA VISTA,"RODOVIA SC 468, KM 29, S/N",LINHA SANTANA DA BELA VISTA,0
83330,49,1120,PAVILHÃO DA COMUNIDADE DE FREDERICO WASTNER,"RODOVIA SC 480, KM 10, S/N",1627,ESPORTE CLUBE RECREATIVO BRASIL,DISTRITO DE FREDERICO WASTNER,DISTRITO DE FREDERICO WASTNER,91
83330,49,1597,ESCOLA BÁSICA MUNICIPAL SANTA CATARINA,"RUA ISAURA MORETO FEUSER, N. 282",1597,ESCOLA BÁSICA MUNICIPAL SANTA CATARINA,"RUA ISAURA MORETO FEUSER, N. 282",SANTA CATARINA,0
83330,49,1171,ESCOLA BÁSICA MUNICIPAL SANTA INÊS,"ESTRADA GERAL, S/N, LINHA SANTA INÊS",1171,ESCOLA BÁSICA MUNICIPAL SANTA INÊS,"ESTRADA GERAL, S/N, LINHA SANTA INÊS",LINHA SANTA INÊS,0
83330,49,1228,ESCOLA BÁSICA MUNICIPAL SÃO ROQUE,"RODOVIA SC 468, KM 21, S/N",1228,ESCOLA BÁSICA MUNICIPAL SÃO ROQUE,"RODOVIA SC 468, KM 21, S/N",DISTRITO DE SÃO ROQUE,0
83330,49,1252,GINÁSIO MUNICIPAL MARGARIDA ROVARIS,"RODOVIA SC 473, KM 16, S/N",1252,GINÁSIO MUNICIPAL MARGARIDA ROVARIS,"RODOVIA SC 473, KM 16, S/N",LINHA TRÊS VOLTAS,0
83330,49,1481,ESCOLA BÁSICA MUNICIPAL SÃO FRANCISCO,"RUA JOALCIDES ANGHEBEN, N. 40",1481,ESCOLA BÁSICA MUNICIPAL SÃO FRANCISCO,"RUA JOALCIDES ANGHEBEN, N. 40",SÃO FRANCISCO,0
83356,44,1015,ESCOLA DE EDUCAÇÃO BÁSICA SÃO LUDGERO,"RUA PADRE AULING, 757",1015,ESCOLA DE EDUCAÇÃO BÁSICA SÃO LUDGERO,"RUA PADRE AULING, 757 - CENTRO",CENTRO,0
83356,44,1163,CENTRO EDUCACIONAL PROFESSOR HENRIQUE BUSS,"AVENIDA  SANTOS DUMONT, N 484",1163,CENTRO EDUCACIONAL PROFESSOR HENRIQUE BUSS,"AVENIDA  SANTOS DUMONT,  484 - CENTRO",CENTRO,0
83356,44,1139,EDUCANDARIO DOM GREGORIO WARMELING,"RUA HENRIQUE BRUNING, 665",1139,EDUCANDARIO DOM GREGORIO WARMELING,"RUA HENRIQUE BRUNING, 665 - BELA VISTA",BELA VISTA,0
83356,44,1023,ASSOCIAÇÃO DE MORADORES DA BARRA DO NORTE,"ESTRADA GERAL, S/N",1023,ASSOCIAÇÃO DE MORADORES DA BARRA DO NORTE,ESTRADA GERAL BARRA DO NORTE,BARRA DO NORTE,0
83356,44,1031,ESCOLA DE ENSINO FUNDAMENTAL BOM RETIRO,"ESTRADA GERAL, S/N",1031,ESCOLA DE ENSINO FUNDAMENTAL BOM RETIRO,ESTRADA GERAL BOM RETIRO,BOM RETIRO,0
83356,44,1104,SALÃO PAROQUIAL SÃO LUDGERO,"PRAÇA DANIEL BRUNING, 725",1104,SALÃO PAROQUIAL SÃO LUDGERO,"PRAÇA DANIEL BRUNING, 725 - CENTRO",CENTRO,0
83356,44,1066,ASSOCIAÇÃO DE MORADORES DA PONTE BAIXA,"ESTRADA GERAL, S/N",1066,ASSOCIAÇÃO DE MORADORES DA PONTE BAIXA,ESTRADA GERAL PONTE BAIXA,PONTE BAIXA,0
83356,44,1074,CENTRO COMUNITÁRIO,"ESTRADA GERAL, S/N",1074,CENTRO COMUNITÁRIO ( ESCOLA MUNICIPALIZADA) MORRO DO CRUZEIRO,ESTRADA GERAL MORRO DO CRUZEIRO,MORRO DO CRUZEIRO,0
83356,44,1082,ASSOCIAÇÃO DE MORADORES DE MAR GROSSO,"ESTRADA GERAL, S/N",1082,ASSOCIAÇÃO DE MORADORES DO MAR GROSSO,ESTRADA GERAL MAR GROSSO,MAR GROSSO,0
83356,44,1090,ASSOCIAÇÃO DE MORADORES DA SERRINHA,"ESTRADA GERAL, S/N",1090,ASSOCIAÇÃO DE MORADORES DA SERRINHA,ESTRADA GERAL SERRINHA,SERRINHA,0
83356,44,1198,CENTRO CULTURAL MULTIUSO DIMAS SCHLICKMANN,"RUA JOSÉ EING, SN",1198,CENTRO CULTURAL MULTIUSO DIMAS SCHLICKMANN,RUA JOSÉ EING - BELA VISTA,BELA VISTA,0
83356,44,1155,CENTRO DE EDUCAÇÃO INFANTIL DIVINA PROVIDENCIA,"RUA ZEZO DÁCIO, 93",1155,CENTRO DE EDUCAÇÃO INFANTIL DIVINA PROVIDENCIA,"RUA ZEZO DÁCIO, 93 - DIVINA PROVIDENCIA",DIVINA PROVIDENCIA,0
83356,44,1171,CENTRO COMUNITARIO NOSSA SENHORA APARECIDA,"RUA  JUCELINO KUBISTCHECK, S/N",1171,CENTRO COMUNITARIO NOSSA SENHORA APARECIDA,RUA  JUCELINO KUBISTCHECK - VILA  PARANÁ,VILA PARANA,0
83356,44,1180,ASSOCIAÇÃO DE MORADORES DA ENCOSTA DO SOL,"RUA DONA LUZIA, 162",1180,ASSOCIAÇÃO DE MORADORES DA ENCOSTA DO SOL,"RUA DONA LUZIA, 162 - ENCOSTA DO SOL",ENCOSTA DO SOL,0
83372,99,1015,E.E.B. FRIDOLINO HULSE,"RUA FRIDOLINO HULSE,  N. 83",1015,E.E.B. FRIDOLINO HULSE,"RUA FRIDOLINO HULSE,  N. 83",CENTRO,0
83372,99,1023,SALÃO PAROQUIAL ALTO SÃO MARTINHO,"ESTRADA GERAL ALTO SÃO MARTINHO, S/N",1023,SALÃO PAROQUIAL ALTO SÃO MARTINHO,"ESTRADA GERAL ALTO SÃO MARTINHO, S/N",ALTO SÃO MARTINHO,0
83372,99,1040,E.R. VEREADOR GREGÓRIO STEINER,"ESTRADA GERAL GABIROBA, S/N",1040,E.R. VEREADOR GREGÓRIO STEINER,"ESTRADA GERAL GABIROBA, S/N",GABIROBA,0
83372,99,1058,E.E.F RODOLFO FEUSER,"ESTRADA GERAL, S/N",1058,E.E.F RODOLFO FEUSER,"ESTRADA GERAL, S/N",VARGEM DO CEDRO,0
83372,99,1090,SALÃO COMUNITÁRIO ALTO RIO SETE,"ESTRADA GERAL, SN",1058,E.E.F RODOLFO FEUSER,"ESTRADA GERAL, S/N",VARGEM DO CEDRO,
83372,99,1074,ESCOLA ENSINO FUNDAMENTAL RIO SÃO JOÃO,"ESTRADA GERAL, S/N",1074,ESCOLA ENSINO FUNDAMENTAL RIO SÃO JOÃO,"ESTRADA GERAL, S/N",RIO SÃO JOÃO,0
83372,99,1066,ESCOLA ISOLADA RIO SETE,"ESTRADA GERAL, S/N",1066,SALÃO COMUNITÁRIO ALTO RIO SETE,"ESTRADA GERAL, S/N",ALTO RIO SETE,0
80780,58,1031,ESCOLA DE EDUCAÇÃO BÁSICA OSCAR MAJOLO,"RUA JOÃO HUGO HOSS, N. 245",1031,ESCOLA DE EDUCAÇÃO BÁSICA OSCAR MAJOLO,"RUA JOÃO HUGO HOSS, N. 245",CENTRO,0
80780,58,1058,SALÃO COMUNITÁRIO - LINHA POÇO PARADO,LINHA POÇO PARADO,1058,SALÃO COMUNITÁRIO - LINHA POÇO PARADO,LINHA POÇO PARADO,LINHA POÇO PARADO,0
83399,45,1015,ESCOLA DE EDUCAÇÃO BÁSICA SÃO MIGUEL,"RUA LA SALLE, 1824, (49) 3631 3270, 3631 3271",1015,ESCOLA DE EDUCAÇÃO BÁSICA SÃO MIGUEL,"RUA LA SALLE, 1824, (49) 3631 3270, 3631 3271",CENTRO,0
83399,45,1023,COLÉGIO LA SALLE PEPERI,"RUA LA SALLE, 1557 FONE (49) 3622 0258 - 3622 0382 - 3621 0014",1023,COLÉGIO LA SALLE PEPERI,"RUA LA SALLE, 1557 FONE (49) 3622 0258(WHATS) - 3622 0382 - 3621 0014",CENTRO,0
83399,45,1384,ESCOLA MUN. DE EDUC. INF. E ENSINO FUNDAMENTAL PADRE JOSÉ DE ANCHIETA,"ESTRADA GERAL, S/N FONE (49) 3631 2098",1384,ESCOLA MUN. DE EDUC. INF. E ENSINO FUNDAMENTAL PADRE JOSÉ DE ANCHIETA,"ESTRADA GERAL, S/N FONE (49) 3631 2098",LINHA DOIS IRMÃOS,0
83399,45,1058,ESCOLA MUNICIPAL WALDEMAR ANTONIO VON DENTZ,"ESTRADA GERAL, S/N FONE",1058,ESCOLA MUNICIPAL WALDEMAR ANTONIO VON DENTZ,"ESTRADA GERAL, S/N FONE",LINHA CANELA GAUCHA,0
83399,45,1163,"COLÉGIO JESUS MARIA JOSÉ, (49) 3622 0757","RUA LA SALLE,  N. 2570",1163,"COLÉGIO JESUS MARIA JOSÉ, (49) 3622 0757, 3622 4108","RUA LA SALLE,  N. 2570",CENTRO,0
83399,45,1228,ESCOLA EDUCAÇÃO BÁSICA PROF JALDYR BHERING FAUSTINO DA SILVA,"RUA SAO CRISTOVAO, 700, (49) 3631 3269",1228,ESCOLA EDUCAÇÃO BÁSICA PROF JALDYR BHERING FAUSTINO DA SILVA,"RUA SAO CRISTOVAO, 700, (49) 3631 3269",SÃO GOTARDO,0
83399,45,1236,"COLÉGIO ESTADUAL SANTA RITA, (49) 3631 3203",BR 163 - CAMINHO PARA DESCANSO,1236,"COLÉGIO ESTADUAL SANTA RITA, (49) 3631 3203",BR 163 - CAMINHO PARA DESCANSO,SANTA RITA,0
83399,45,1260,ESCOLA DE EDUCAÇÃO BÁSICA ALBERICO AZEVEDO,"RUA TIRADENTES, 989, FONE (49) 3631 3200 - 3631 3201",1260,ESCOLA DE EDUCAÇÃO BÁSICA ALBERICO AZEVEDO,"RUA TIRADENTES, 989, FONE (49) 3631 3200 - 3631 3201",SÃO JORGE,0
83399,45,1430,IFSC - INSTITUTO FEDERAL DE SANTA CATARINA (SÃO MIGUEL DO OESTE),"RUA VINTE E DOIS DE ABRIL, 2440 - SÃO LUIZ",1430,IFSC - INSTITUTO FEDERAL DE SANTA CATARINA (SÃO MIGUEL DO OESTE),"RUA VINTE E DOIS DE ABRIL, 2440 - SÃO LUIZ",SÃO LUIZ,0
83399,45,1457,E.E.B.P. JALDYR BHERING FAUSTINO DA SILVA (GR. ESC. AUR. PEDRO VICARI),"RUA SÃO CRISTOVÃO, 700",1643,EMEIEF AURELIO PEDRO VICARI,"RUA TEREZINHA GAIO BASSO, 183",PROGRESSO,53
81183,29,1023,ESCOLA DE EDUCAÇÃO BÁSICA GAMA ROSA,"RUA JOAO LEOPOLDO REITZ, N. 74",1023,ESCOLA DE EDUCAÇÃO BÁSICA GAMA ROSA,"RUA JOAO LEOPOLDO REITZ, N. 74",CENTRO,0
81183,29,1031,ESCOLA REUNIDA MUNICIPAL SANTA FILOMENA PROFESSOR AUGUSTO SCHNITZLER,"ESTRADA GERAL, S/N",1031,ESCOLA REUNIDA MUNICIPAL SANTA FILOMENA PROFESSOR AUGUSTO SCHNITZLER,"ESTRADA GERAL, S/N",SANTA FILOMENA,
81183,29,1040,ESCOLA BÁSICA DR. ADALBERTO TOLENTINO DE CARVALHO,"RUA MANOEL PEDRO SILVEIRA, N. 507",1040,ESCOLA BÁSICA DR. ADALBERTO TOLENTINO DE CARVALHO,"RUA MANOEL PEDRO SILVEIRA, N. 507",SANTA TEREZA,0
83410,66,1210,ESCOLA DE EDUCAÇÃO BÁSICA RODRIGUES ALVES,"AVENIDA BRASIL, N. 401",1210,ESCOLA DE EDUCAÇÃO BÁSICA RODRIGUES ALVES,"AVENIDA BRASIL, N. 401",CENTRO,0
83410,66,1023,CLUBE XV DE NOVEMBRO,"RUA IGUAÇU, S/N",1023,CLUBE XV DE NOVEMBRO,"RUA IGUAÇU, S/N",CENTRO,0
83410,66,1031,CASA FAMILIAR RURAL DE SAUDADES,"ESTRADA GERAL, S/N",1031,CASA FAMILIAR RURAL DE SAUDADES,"ESTRADA GERAL, S/N",LINHA TAIPAS,0
83410,66,1171,ESCOLA DE EDUCAÇÃO BÁSICA CARLOS WERLANG,"ESTRADA GERAL, S/N",1171,ESCOLA DE EDUCAÇÃO BÁSICA CARLOS WERLANG,"ESTRADA GERAL, S/N",LINHA ALTO MAIPU,0
83410,66,1058,SALÃO COMUNITÁRIO SÃO PEDRO,"ESTRADA GERAL, S/N",1058,SALÃO COMUNITÁRIO SÃO PEDRO,"ESTRADA GERAL, S/N",LINHA ARAÇAZINHO,0
83410,66,1066,SALÃO COMUNITÁRIO LINHA SANTA TEREZINHA,"ESTRADA GERAL, S/N",1066,SALÃO COMUNITÁRIO LINHA SANTA TEREZINHA,"ESTRADA GERAL, S/N",LINHA SANTA TEREZINHA,0
83410,66,1074,GINÁSIO DE ESPORTES DA LINHA JABUTICABA,"ESTRADA GERAL, S/N",1074,GINÁSIO DE ESPORTES DA LINHA JABUTICABA,"ESTRADA GERAL, S/N",LINHA JABUTICABA,0
83410,66,1090,GINÁSIO DE ESPORTES DA LINHA SANTO ANTÃO,"LINHA SANTO ANTÃO, S/N",1090,GINÁSIO DE ESPORTES DA LINHA SANTO ANTÃO,"LINHA SANTO ANTÃO, S/N",LINHA SANTO ANTÃO,0
83410,66,1155,ESCOLA DE EDUCAÇÃO BÁSICA RODOLFO FOSS,RODOVIA BR 282 KM 598,1155,ESCOLA DE EDUCAÇÃO BÁSICA RODOLFO FOSS,RODOVIA BR 282 KM 598,DISTRITO DE JUVÊNCIO,0
83410,66,1120,SALÃO COMUNITÁRIO LINHA COXILIA,"ESTRADA GERAL, S/N",1120,SALÃO COMUNITÁRIO LINHA COXILIA,"ESTRADA GERAL, S/N",LINHA COXILHA,0
83410,66,1279,CENTRO DE EDUCAÇÃO INFANTIL PEQUENO PRÍNCIPE,"RUA VEREADOR IVO STULP, N. 100",1279,CENTRO DE EDUCAÇÃO INFANTIL PEQUENO PRÍNCIPE,"RUA VEREADOR IVO STULP, N. 100",LAGE DE PEDRA,0
83437,17,1015,ESCOLA DE EDUCAÇÃO BÁSICA MIGUEL COUTO,"RUA MARECHAL CASTELO BRANCO, N. 1864",1015,ESCOLA DE EDUCAÇÃO BÁSICA MIGUEL COUTO,"RUA MARECHAL CASTELO BRANCO, N. 1864",CENTRO,0
83437,17,1023,ESCOLA MUNICIPAL PROFESSOR EMÍLIO DA SILVA,"AVENIDA DOS IMIGRANTES, N. 2440",1023,ESCOLA MUNICIPAL PROFESSOR EMÍLIO DA SILVA,"AVENIDA DOS IMIGRANTES, N. 2440",CENTRO,0
83437,17,1031,ESCOLA DE EDUCAÇÃO BÁSICA PROFESSORA ELISA CLÁUDIO DE AGUIAR,"RUA ERICH FROHENER, N. 3997",1031,ESCOLA DE EDUCAÇÃO BÁSICA PROFESSORA ELISA CLÁUDIO DE AGUIAR,"RUA ERICH FROHENER, N. 3997",SCHROEDER I,0
83437,17,1058,ESCOLA MUNICIPAL PROFESSOR SANTOS TOMASELLI,"RUA CÂNDIDO TOMASELLI, N. 884",1058,ESCOLA MUNICIPAL PROFESSOR SANTOS TOMASELLI,"RUA CÂNDIDO TOMASELLI, N. 884",TOMASELLI,0
83437,17,1066,ESCOLA DE ENSINO FUNDAMENTAL LUIZ DELFINO,"RUA 3 DE OUTUBRO, N. 299",1066,ESCOLA DE ENSINO FUNDAMENTAL LUIZ DELFINO,"RUA 3 DE OUTUBRO, N. 299",CENTRO NORTE,0
83437,17,1082,ESCOLA MUNICIPAL FRIDA HEIN KRAUSE,"RUA MARECHAL CASTELO BRANCO, N. 8382",1082,ESCOLA MUNICIPAL FRIDA HEIN KRAUSE,"RUA MARECHAL CASTELO BRANCO, N. 8382",SCHROEDER III,0
83437,17,1104,ESCOLA MUNICIPAL RUI BARBOSA,"RUA 23 DE MARÇO, N. 3028",1104,ESCOLA MUNICIPAL RUI BARBOSA,"RUA 23 DE MARÇO, N. 3028",ITOUPAVA-AÇU,0
83453,61,1015,ESCOLA EDUCAÇÃO BÁSICA RAIMUNDO CORRÊA,"RUA DO COMERCIO, N. 518",1015,ESCOLA EDUCAÇÃO BÁSICA RAIMUNDO CORRÊA,"RUA DO COMERCIO, N. 518",NITEROI,0
83453,61,1023,CENTRO COMUNITÁRIO DE LINHA SANTA LÚCIA,"ESTRADA GERAL, S/N",1023,CENTRO COMUNITÁRIO DE LINHA SANTA LÚCIA,"ESTRADA GERAL, S/N",LINHA SANTA LÚCIA,0
83453,61,1040,CENTRO COMUNITÁRIO DE VILA NOVA,"ESTRADA GERAL, S/N",1040,CENTRO COMUNITÁRIO DE VILA NOVA,"ESTRADA GERAL, S/N",LINHA VILA NOVA,0
83453,61,1066,CENTRO COMUNITÁRIO DE LINHA SÃO ROQUE,"ESTRADA GERAL, S/N",1066,CENTRO COMUNITÁRIO DE LINHA SÃO ROQUE,"ESTRADA GERAL, S/N",LINHA SÃO ROQUE,0
83453,61,1074,ESCOLA BASICA SAO RAFAEL,"ESTRADA GERAL, S/N",1074,ESCOLA BASICA SAO RAFAEL,"ESTRADA GERAL, S/N",LINHA SÃO RAFAEL,0
83453,61,1082,CENTRO COMUNITÁRIO DE LINHA ARIRANHAZINHA,"ESTRADA GERAL, S/N",1082,CENTRO COMUNITÁRIO DE LINHA ARIRANHAZINHA,"ESTRADA GERAL, S/N",LINHA ARIRANHAZINHA,0
83453,61,1104,ESCOLA BASICA ELIZABETE SIMON,"ESTRADA GERAL, TEOTÔNIA",1104,ESCOLA BASICA ELIZABETE SIMON,"ESTRADA GERAL, TEOTÔNIA",NOVA TEOTÔNIA,0
83453,61,1112,ESCOLA BASICA BATISTA PALUDO,"RUA DO COMERCIO, 135",1112,ESCOLA BASICA BATISTA PALUDO,"RUA DO COMERCIO, 135",CARAIBA,0
83453,61,1120,ESCOLA DE EDUCAÇÃO BÁSICA SEARA,"RUA HERCULANO ZANUZZO, N. 53",1120,ESCOLA DE EDUCAÇÃO BÁSICA SEARA,"RUA HERCULANO ZANUZZO, N. 53",INDUSTRIAL,0
83453,61,1139,ESCOLA COMUNITÁRIA LINHA SAO PAULO,"ESTRADA GERAL, N. 50",1139,ESCOLA COMUNITÁRIA LINHA SAO PAULO,"ESTRADA GERAL, N. 50",LINHA SÃO PAULO,0
83453,61,1147,SOCIEDADE ESPORTIVA RECREATIVA CULTURAL IPIRANGA,"ESTRADA GERAL, S/N",1147,SOCIEDADE ESPORTIVA RECREATIVA CULTURAL IPIRANGA,"ESTRADA GERAL, S/N",LINHA IPIRANGA,0
83453,61,1155,CENTRO COMUNITÁRIO DE LINHA FLORESTA,"ESTRADA GERAL, S/N",1155,CENTRO COMUNITÁRIO DE LINHA FLORESTA,"ESTRADA GERAL, S/N",LINHA FLORESTA,0
83453,61,1201,CENTRO COMUNITÁRIO DE LINHA SALETE,"ESTRADA GERAL, S/N",1201,CENTRO COMUNITÁRIO DE LINHA SALETE,"ESTRADA GERAL, S/N",LINHA SALETE,0
83453,61,1210,CENTRO COMUNITÁRIO DE RUI BARBOSA,"ESTRADA GERAL, S/N",1210,CENTRO COMUNITÁRIO DE RUI BARBOSA,"ESTRADA GERAL, S/N",RUI BARBOSA,0
83453,61,1236,CENTRO COMUNITÁRIO DE LINHA SAGRADO CORAÇÃO,"ESTRADA GERAL, S/N",1236,CENTRO COMUNITÁRIO DE LINHA SAGRADO CORAÇÃO,"ESTRADA GERAL, S/N",LINHA SAGRADO CORAÇÃO,0
83453,61,1260,CENTRO COMUNITÁRIO DE LINHA PINHALZINHO,"ESTRADA GERAL, S/N",1260,CENTRO COMUNITÁRIO DE LINHA PINHALZINHO,"ESTRADA GERAL, S/N",LINHA PINHALZINHO,0
83453,61,1287,CENTRO COMUNITÁRIO DE LINHA CONSOLADORA,"ESTRADA GERAL, S/N",1287,CENTRO COMUNITÁRIO DE LINHA CONSOLADORA,"ESTRADA GERAL, S/N",LINHA CONSOLADORA,0
83453,61,1325,CENTRO COMUNITÁRIO DE LINHA ÁGUA BONITA,"ESTRADA GERAL, S/N",1325,CENTRO COMUNITÁRIO DE LINHA ÁGUA BONITA,"ESTRADA GERAL, S/N",LINHA ÁGUA BONITA,0
83453,61,1392,CENTRO COMUNITÁRIO DE LINHA SÃO PEDRO,"ESTRADA GERAL, S/N",1392,CENTRO COMUNITÁRIO DE LINHA SÃO PEDRO,"ESTRADA GERAL, S/N",LINHA SÃO PEDRO,0
80284,83,1015,GINÁSIO DE ESPORTES DE LINHA NOVA IBIAÇÁ,"ESTRADA GERAL, S/N",1015,GINÁSIO DE ESPORTES DE LINHA NOVA IBIAÇÁ,"ESTRADA GERAL, S/N",LINHA NOVA IBIAÇÁ,9
80284,83,1023,ESCOLA DE EDUCAÇÃO BÁSICA LA SALLE,"RUA ALMIRANTE BARROSO, N. 571",1023,ESCOLA DE EDUCAÇÃO BÁSICA LA SALLE,"RUA ALMIRANTE BARROSO, N. 571",CENTRO,6
80284,83,1031,SALÃO COMUNITÁRIO LINHA NOVO HORIZONTE,"RODOVIA SC 160,  S/N",1031,SALÃO COMUNITÁRIO LINHA NOVO HORIZONTE,"RODOVIA SC 160,  S/N",LINHA NOVO HORIZONTE,12
80284,83,1058,SALÃO COMUNITÁRIO LINHA BAESSO,"ESTRADA GERAL, S/N",1058,CENTRO MUNICIPAL DE EDUCAÇÃO,"RUA 7 DE SETEMBRO, N. 530",CENTRO,3
80284,83,1090,GINÁSIO DE ESPORTES DA LINHA LAGEADO GRANDE,"RODOVIA SC 160, S/N",1090,GINÁSIO DE ESPORTES DA LINHA LAGEADO GRANDE,"RODOVIA SC 160, S/N",LINHA LAGEADO GRANDE,17
83470,92,1015,ESCOLA DE EDUCAÇÃO BÁSICA JOSÉ DO PATROCÍNIO,"RUA PROFESSOR RENATO MELILLO, N. 81",1015,ESCOLA DE EDUCAÇÃO BÁSICA JOSÉ DO PATROCÍNIO,"RUA PROFESSOR RENATO MELILLO, N. 81",CENTRO,0
83470,92,1031,ESCOLA DE ENSINO FUNDAMENTAL DEPUTADO SILVIO FERRARO,"AVENIDA OSVALDO PINTO DA VEIGA, S/N",1031,ESCOLA DE EDUCAÇÃO BÁSICA MUNICIPAL DEPUTADO SILVIO FERRARO,"AVENIDA OSVALDO PINTO DA VEIGA, S/N",CENTRO,0
83470,92,1040,ESCOLA DE EDUCAÇÃO BÁSICA TULLO CAVALAZZI,"RUA DO SENAI, 30",1040,ESCOLA DE EDUCAÇÃO BÁSICA DR. TULLO CAVALAZZI,"RUA MANUEL BASÍLIO RODOLFO FERNANDES, 158",FIORITA,0
83470,92,1082,ESCOLA DE EDUCAÇÃO BÁSICA MUNICIPAL MIGUEL LAZARIM,"RUA FORNO DIZOLDO, S/N",1082,ESCOLA DE EDUCAÇÃO BÁSICA MUNICIPAL MIGUEL LAZARIM,"RUA FORNO DIZOLDO, S/N",JORDÃO BAIXO,0
83470,92,1066,ESCOLA ISOLADA MONTANHAO,"ESTRADA GERAL, S/N",1066,ESCOLA ISOLADA MONTANHAO,"ESTRADA GERAL, S/N",MONTANHÃO,0
83470,92,1120,ESCOLA DE EDUCAÇÃO BÁSICA MUNICIPAL JORGE BIF,"RUA PROFESSORA ROSALINDA COMIN TEIXEIRA, S/N",1120,ESCOLA DE EDUCAÇÃO BÁSICA MUNICIPAL JORGE BIF,"RUA PROFESSORA ROSALINDA COMIN TEIXEIRA, S/N",VILA SÃO JORGE,0
83470,92,1171,ESCOLA DE EDUCAÇÃO BÁSICA MUNICIPAL AURORA PETERLE,"ESTRADA GERAL, S/N",1171,ESCOLA DE EDUCAÇÃO BÁSICA MUNICIPAL AURORA PETERLE,"ESTRADA GERAL, S/N",ALTO RIO MÁINA,0
83496,54,1015,ESCOLA DE EDUCAÇÃO BÁSICA CATULO DA PAIXÃO CEARENSE,"RUA PADRE JOÃO REITZ, N 435",1015,ESCOLA DE EDUCAÇÃO BÁSICA CATULO DA PAIXÃO CEARENSE,"RUA PADRE JOÃO REITZ, N 435",CENTRO,0
83496,54,1023,ESCOLA DE EDUCAÇÃO BÁSICA GERAÇÃO ATIVA,"RUA ALBERTO SANTOS, N. 325",1023,ESCOLA DE EDUCAÇÃO BÁSICA GERAÇÃO ATIVA,"RUA ALBERTO SANTOS, N. 325",CENTRO,0
83496,54,1031,ESCOLA ESTADUAL DE ENSINO BÁSICO NORMÉLIO CUNHA,"VIA LATERAL FRANCISCO POSSAMAI, N. 4901 - MARGINAL BR 101",1031,ESCOLA ESTADUAL DE ENSINO BÁSICO NORMÉLIO CUNHA,"VIA LATERAL FRANCISCO POSSAMAI, N. 4901 - MARGINAL BR 101",GUARITA,43
83496,54,1058,ESCOLA DE ENSINO BÁSICO MUNICIPAL FIORAVANTE MINATTO,"ESTRADA GERAL, S/N",1058,ESCOLA DE ENSINO BÁSICO MUNICIPAL FIORAVANTE MINATTO,"ESTRADA GERAL, S/N",GARUVA,0
83496,54,1104,ESCOLA DE ENSINO BÁSICO MUNICIPAL ANTÔNIO STUART,"RUA LEARCINO JOÃO PEREIRA, N 346",1104,ESCOLA DE EDUCAÇÃO BÁSICA MUNICIPAL ANTÔNIO STUART,"RUA LEARCINO JOÃO PEREIRA, N 346",RETIRO DA UNIÃO,0
83496,54,1210,ESCOLA ESTADUAL DE ENSINO BÁSICO PROTÁSIO JOAQUIM DA CUNHA,"RUA ALFREDO TEIXEIRA DA ROSA, 60",1210,ESCOLA ESTADUAL DE ENSINO BÁSICO PROTÁSIO JOAQUIM DA CUNHA,"RUA ALFREDO TEIXEIRA DA ROSA, 60",SÃO JOSÉ,0
83496,54,1287,ESCOLA DE ENSINO BÁSICO MUNICIPAL PROFESSORA ALDA SANTOS DE VARGAS,"RUA FRANCISCO CAETANO LUMMERTZ, N. 873",1287,ESCOLA DE ENSINO BÁSICO MUNICIPAL PROFESSORA ALDA SANTOS DE VARGAS,"RUA FRANCISCO CAETANO LUMMERTZ, N. 873",JANUÁRIA,0
83496,54,1295,ESCOLA DE EDUCAÇÃO BÁSICA MUNICIPAL ALCIDES DE SOUZA PEREIRA,"RUA MANOEL FLORIANO BORGES, N. 365",1295,ESCOLA DE EDUCAÇÃO BÁSICA MUNICIPAL ALCIDES DE SOUZA PEREIRA,"RUA MANOEL FLORIANO BORGES, N. 365",RAIZEIRA,0
83496,54,1279,ESCOLA DE EDUCAÇÃO BÁSICA GOVERNADOR IRINEU BORNHAUSEN,"RUA BRENO CARDOSO, N. 982",1279,ESCOLA DE EDUCAÇÃO BÁSICA GOVERNADOR IRINEU BORNHAUSEN,"RUA BRENO CARDOSO, N. 982",SÃO LUIZ,0
83496,54,1252,ESCOLA DE EDUCAÇÃO BÁSICA MUNICIPAL JUVENIL DA CUNHA COLARES,"RUA ARCELINO PEREIRA MOTA, N. 100",1252,ESCOLA DE EDUCAÇÃO BÁSICA MUNICIPAL JUVENIL DA CUNHA COLARES,"RUA ARCELINO PEREIRA MOTA, N. 100",BOA ESPERANÇA,0
83496,54,1317,ESCOLA DE EDUCAÇÃO BÁSICA MUNICIPAL PROF. NAIR ALVES BRATTI,"AVENIDA NEREU RAMOS, N. 1455",1317,ESCOLA DE EDUCAÇÃO BÁSICA MUNICIPAL PROF. NAIR ALVES BRATTI,"AVENIDA NEREU RAMOS, N. 1455",PARQUE DAS AVENIDAS,0
83496,54,1333,ESCOLA DE ENSINO BÁSICO MUNICIPAL PROF NILZA MATOS PEREIRA (CAIC),"RUA TELEGRAFISTA ADOLFO COELHO, 1738 - 3 BLOCO",1333,ESCOLA DE ENSINO BÁSICO MUNICIPAL PROF NILZA MATOS PEREIRA (CAIC),"RUA TELEGRAFISTA ADOLFO COELHO, 1738 - 3 BLOCO",SÃO LUIZ,0
83496,54,1341,ESCOLA DE ENSINO MÉDIO MACÁRIO BORBA (ESCOLA JOVEM),"AVENIDA FRANCISCO LUMERTZ JUNIOR, N 540",1341,ESCOLA DE ENSINO MÉDIO MACÁRIO BORBA (ESCOLA JOVEM),"AVENIDA FRANCISCO LUMERTZ JUNIOR, N 580",NOVA BRASÍLIA,0
80446,83,1015,ESCOLA ESTADUAL DE EDUCAÇÃO BÁSICA HÉLIO WASUM,"RUA PRESIDENTE JUSCELINO, N. 1215",1015,ESCOLA ESTADUAL DE EDUCAÇÃO BÁSICA HÉLIO WASUM,"RUA PRESIDENTE JUSCELINO, N. 1215",CENTRO,10
80446,83,1023,SALÃO COMUNITÁRIO DA LINHA PROGRESSO,"ESTRADA GERAL, S/N",1023,SALÃO COMUNITÁRIO DA LINHA PROGRESSO,"ESTRADA GERAL, S/N",LINHA PROGRESSO,9
80446,83,1058,SALÃO COMUNITÁRIO LINHA TRÊS AMIGOS,"ESTRADA GERAL LINHA TRÊS AMIGOS, S/N",1058,SALÃO COMUNITÁRIO LINHA TRÊS AMIGOS,"ESTRADA GERAL LINHA TRÊS AMIGOS, S/N",LINHA TRÊS AMIGOS,35
80446,83,1066,SALÃO COMUNITÁRIO DE LINHA GUAJUVIRA,"ESTRADA GERAL, S/N",1066,SALÃO COMUNITÁRIO DE LINHA GUAJUVIRA,"ESTRADA GERAL, S/N",LINHA GUAJUVIRA,26
80446,83,1074,ESCOLA ESTADUAL BÁSICA SÃO JOÃO BOSCO,"ESTRADA GERAL, S/N",1074,ESCOLA ESTADUAL BÁSICA SÃO JOÃO BOSCO,"ESTRADA GERAL, S/N",LINHA ALTO RECREIO,2
83518,46,1023,ESCOLA DE ENSINO BÁSICO LUIZ BERTOLI,"RUA CORONEL FEDDERSEN, 1356",1023,ESCOLA DE ENSINO BÁSICO LUIZ BERTOLI,"RUA CORONEL FEDDERSEN, 1356",CENTRO,0
83518,46,1031,COLEGIO ESTADUAL LEOPOLDO JACOBSEN,"RUA PREFEITO BERTOLDO JACOBSEN, 1581",1031,COLEGIO ESTADUAL LEOPOLDO JACOBSEN,"RUA PREFEITO BERTOLDO JACOBSEN, 1581",SEMINARIO,0
83518,46,1058,ESCOLA DE ENSINO FUNDAMENTAL HERCÍLIO ANDERLE,"ESTRADA GERAL, S/N",1058,ESCOLA DE ENSINO FUNDAMENTAL HERCÍLIO ANDERLE,"ESTRADA GERAL, S/N",PASSO MANSO,0
83518,46,1082,SALÃO DA COMUNIDADE DE RIBEIRAO DA ERVA,"ESTRADA GERAL, S/N",1082,SALÃO DA COMUNIDADE DE RIBEIRAO DA ERVA,"ESTRADA GERAL, S/N",RIBEIRÃO DA ERVA,0
83518,46,1260,SALÃO DA COMUNIDADE EVANGÉLICA DE RIBEIRÃO DO SALTO II,"ESTRADA GERAL RIBEIRÃO DO SALTO II , S/N",1260,SALÃO DA COMUNIDADE EVANGÉLICA DE RIBEIRÃO DO SALTO II,"ESTRADA GERAL RIBEIRÃO DO SALTO II , S/N",RIBEIRÃO DO SALTO II,0
83518,46,1139,ESCOLA DE ENSINO FUNDAMENTAL ADOLPHO EWALD,"ESTRADA GERAL, S/N",1139,ESCOLA DE ENSINO FUNDAMENTAL ADOLPHO EWALD,"ESTRADA GERAL, S/N",RIBEIRÃO PINHEIRO,0
83518,46,1147,ASSOCIAÇÃO DOS MORADORES DE RIBEIRÃO PEQUENO,"ESTRADA GERAL, S/N",1147,ASSOCIAÇÃO DOS MORADORES DE RIBEIRÃO PEQUENO,"ESTRADA GERAL, S/N",RIBEIRÃO PEQUENO,0
83518,46,1155,SALÃO DA COMUNIDADE DE PALMITAL,"ESTRADA GERAL, S/N",1155,SALÃO DA COMUNIDADE DE PALMITAL,"ESTRADA GERAL, S/N",PALMITAL,0
83518,46,1171,SALÃO DA COMUNIDADE DE RIBEIRÃO DOS LOBOS,"ESTRADA GERAL, S/N",1171,SALÃO DA COMUNIDADE DE RIBEIRÃO DOS LOBOS,"ESTRADA GERAL, S/N",RIBEIRÃO DOS LOBOS,0
83518,46,1341,ESCOLA DE ENSINO FUNDAMENTAL ADELE HEIDRICH,"ESTRADA GERAL, S/N",1341,ESCOLA DE ENSINO FUNDAMENTAL ADELE HEIDRICH,"ESTRADA GERAL, S/N",ALTO RIBEIRÃO DA VARGEM,0
83518,46,1236,SALÃO DA COMUNIDADE DE SANTO ANTÕNIO,"ESTRADA GERAL, S/N",1236,SALÃO DA COMUNIDADE DE SANTO ANTÕNIO,"ESTRADA GERAL, S/N",SANTO ANTONIO,0
83518,46,1287,ESCOLA DE ENSINO FUNDAMENTAL PREFEITA ERNA HEIDRICH,"RUA JOSÉ LENZI, 38 FONE",1287,ESCOLA DE ENSINO FUNDAMENTAL PREFEITA ERNA HEIDRICH,"RUA JOSÉ LENZI, 38 FONE",VILA MARIANA,0
83518,46,1295,CENTRO DE EDUCAÇÃO INFANTIL CINDERELA,"ESTRADA GERAL, S/N",1295,CENTRO DE EDUCAÇÃO INFANTIL CINDERELA,"ESTRADA GERAL, S/N",ALTO PALMITAL,0
83518,46,1350,ASSOCIAÇÃO DE MORADORES MARGENS UNIDAS,"ESTRADA GERAL, S/N",1350,ASSOCIAÇÃO DE MORADORES MARGENS UNIDAS,"ESTRADA GERAL, S/N",MARGEM DIREITA,0
83518,46,1368,ESCOLA ISOLADA BRACO DA ERVA,"ESTRADA GERAL, S/N",1368,ESCOLA ISOLADA BRACO DA ERVA,"ESTRADA GERAL, S/N",BRAÇO DA ERVA,0
83534,47,1015,ESCOLA BÁSICA PROFESSOR JOÃO JORGE DE CAMPOS,"RUA DOUTOR ANTONIO TEXEIRA PINTO, 197",1015,ESCOLA DE EDUCAÇÃO BÁSICA ESTADUAL PROFESSOR JOÃO JORGE DE CAMPOS,"RUA DOUTOR ANTONIO TEXEIRA PINTO, 197",CENTRO,0
83534,47,1082,PAVILHÃO COMUNITÁRIO DE SEDE DONA ALICE,SC-303,1082,PAVILHÃO COMUNITÁRIO DE SEDE DONA ALICE,SC-303,SEDE DONA ALICE,0
83534,47,1112,SALÃO DA CAPELA DE SÃO MIGUEL,"ESTRADA GERAL, S/N",1112,SALÃO DA CAPELA DE SÃO MIGUEL,"ESTRADA GERAL, S/N",SÃO MIGUEL,0
83534,47,1155,PRÉDIO ESCOLAR TAQUARUSSU,"ESTRADA GERAL, S/N",1155,PRÉDIO ESCOLAR TAQUARUSSU,"ESTRADA GERAL, S/N",TAQUARUSSU,0
83534,47,1163,PAVILHÃO DA CAPELA DE IZIDROS,"ESTRADA GERAL, S/N",1163,PAVILHÃO DA CAPELA DE IZIDROS,"ESTRADA GERAL, S/N",IZIDROS,0
83534,47,1171,PAVILHÃO DA CAPELA DE FLORESTA CAÇADOR,ESTRADA GERAL S/N,1171,PAVILHÃO DA CAPELA DE FLORESTA CAÇADOR,ESTRADA GERAL S/N,FLORESTA CAÇADOR,0
83534,47,1198,PAVILHÃO DA CAPELA DE MARARI,"ESTRADA GERAL, S/N",1198,PAVILHÃO DA CAPELA DE MARARI,"ESTRADA GERAL, S/N",MARARI,0
83534,47,1201,PAVILHÃO DA CAPELA DE IRAKITAN,"ESTRADA GERAL, S/N",1201,PAVILHÃO DA CAPELA DE IRAKITAN,"ESTRADA GERAL, S/N",IRAKITAN,0
83534,47,1210,PAVILHÃO DA CAPELA DE BRACATINGA - SAGRADO CORAÇÃO DE JESUS,"ESTRADA GERAL LINHA BRACATINGA, S/N",1210,PAVILHÃO DA CAPELA DE BRACATINGA - SAGRADO CORAÇÃO DE JESUS,"ESTRADA GERAL LINHA BRACATINGA, S/N",SAGRADO CORAÇÃO DE JESUS,0
83534,47,1228,ESCOLA BÁSICA MARIA ZULMER OSÓRIO,"ESTRADA GERAL, S/N",1228,ESCOLA DE EDUCAÇÃO BÁSICA MUNICIPAL MARIA LUIZA ZUMMER OSORIO,"ESTRADA GERAL, S/N",PASSO DA FELICIDADE,0
83534,47,1279,SALÃO DA CAPELA LEÃOZINHO,"ESTRADA GERAL, S/N",1279,SALÃO DA CAPELA LEÃOZINHO,"ESTRADA GERAL, S/N",LINHA LEÃOZINHO,0
81680,58,1031,ESCOLA DE EDUCAÇÃO BÁSICA OSVALDO FERREIRA DE MELLO,"RUA NOSSA SENHORA DA SAÚDE, N. 115",1031,ESCOLA DE EDUCAÇÃO BÁSICA OSVALDO FERREIRA DE MELLO,"RUA NOSSA SENHORA DA SAÚDE, N. 115",LAJEADO TIGRE,0
81680,58,1023,CENTRO DE EDUCAÇÃO PROFESSOR IVO LUIZ HONNEF,"RUA VALDEMAR STIELER, N. 42",1023,CENTRO DE EDUCAÇÃO PROFESSOR IVO LUIZ HONNEF,"RUA VALDEMAR STIELER, N. 42",CENTRO,0
83550,31,1015,ESCOLA DE ENSINO FUNDAMENTAL JOÃO CAETANO,"RUA 13 DE MAIO, N. 3300",1015,ESCOLA JOÃO CAETANO - AREIAS,"RUA 13 DE MAIO, N. 3300",AREIAS,0
83550,31,1040,ESCOLA DE EDUCAÇÃO BÁSICA CRUZ E SOUSA,"PRAÇA SEBASTIÃO CABOTO, N. 90",1040,ESCOLA CRUZ E SOUSA,"PRAÇA SEBASTIÃO CABOTO, N. 90",CENTRO,0
83550,31,1317,UNIVERSIDADE DO VALE DO ITAJAI - CAMPUS TIJUCAS,"RUA PARANÁ, 315",1325,UNIVALI - CAMPUS TIJUCAS,"RUA PARANÁ, 315",UNIVERSITÁRIO,59
83550,31,1082,ESCOLA DE ENSINO FUNDAMENTAL MARCÍLIO MARCOS DA SILVA,"BR 101, KM 176, S/N",1082,ESCOLA MARCÍLIO MARCOS DA SILVA - MORRETES,"BR 101, KM 176, S/N",MORRETES,0
83550,31,1104,ESCOLA DE ENSINO PRÉ-ESCOLAR CIRANDINHA,"ESTRADA GERAL, S/N",1104,ESCOLA CIRANDINHA - PORTO DO ITINGA,"ESTRADA GERAL, S/N",PORTO DO ITINGA,0
83550,31,1120,ESCOLA DE ENSINO FUNDAMENTAL MONSENHOR AUGUSTO ZUCCO,"RUA GERAL, S/N",1120,ESCOLA MONSENHOR AUGUSTO ZUCCO - ITINGA,"RUA GERAL, S/N",CENTRO DO ITINGA,0
83550,31,1139,ESCOLA DE EDUCAÇÃO BÁSICA ALEXANDRE TERNES FILHO,"RUA SENADOR GALLOTTI, N. 600",1139,ESCOLA ALEXANDRE TERNES FILHO - JOAIA,"RUA SENADOR GALLOTTI, N. 600",JOAIA,0
83550,31,1147,ESCOLA DE ENSINO FUNDAMENTAL OSMÁRIO GIACOMOSSI,"RUA GERAL, S/N",1147,ESCOLA OSMÁRIO GIACOMOSSI - NOVA DESCOBERTA,"RUA GERAL, S/N",NOVA DESCOBERTA,0
83550,31,1163,ESCOLA DE ENSINO FUNDAMENTAL DEPUTADO WALTER VICENTE GOMES,"RUA PADRE PARISE, N. 24",1163,ESCOLA DEP WALTER VICENTE GOMES - PRAÇA,"RUA PADRE PARISE, N. 24",PRAÇA,0
83550,31,1180,ESCOLA DE ENSINO FUNDAMENTAL JOSÉ FELLER,"RUA GERAL, S/N",1180,ESCOLA JOSÉ FELLER - BAIRRO OLIVEIRA,"RUA GERAL, S/N",OLIVEIRA,0
83550,31,1198,ESCOLA DE ENSINO FUNDAMENTAL CAMPO NOVO,"ESTRADA GERAL, S/N",1198,ESCOLA DE CAMPO NOVO,"ESTRADA GERAL, S/N",CAMPO NOVO,0
83550,31,1210,ESCOLA DE ENSINO FUNDAMENTAL MADRE SABINA,"ESTRADA GERAL, S/N",1210,ESCOLA MADRE SABINA - TIMBÉ,"ESTRADA GERAL, S/N",TIMBÉ,0
83550,31,1228,SERVIÇO CONVIVÊNCIA E FORTALECIMENTO DE VÍNCULOS (ESCOLA JOSE HIGINO),"ESTRADA GERAL, S/N",1228,ESCOLA JOSE HIGINO - SANTA LUZIA,"RUA EUCLIDES FRANCISCO PEIXOTO, 253",SANTA LUZIA,0
83550,31,1236,CENTRO DE EDUCAÇÃO INFANTIL SILVIA TELLES,RUA ELÓI FRANCISCO DOS ANJOS S/N,1236,CMEI SILVIA TELLES - SUL DO RIO,"RUA ELÓI FRANCISCO DOS ANJOS, S/N",SUL DO RIO,0
83550,31,1252,ESCOLA DE EDUCAÇÃO BÁSICA PROFESSORA OLÍVIA BASTOS,"ESTRADA GERAL, N. 560",1252,ESCOLA PROFESSORA OLÍVIA BASTOS - NOVA DESCOBERTA,"RUA TITICO GIACOMOSSI, 560",NOVA DESCOBERTA,0
83550,31,1260,ESCOLA DE EDUCAÇÃO BÁSICA DEPUTADO VALÉRIO GOMES,"RUA CORONEL GALLOTTI, N. 729",1260,ESCOLA DEPUTADO VALÉRIO GOMES - PRAÇA,"RUA CORONEL GALLOTTI, N. 729",PRAÇA,0
83550,31,1279,ESCOLA DE ENSINO FUNDAMENTAL SANTA TEREZINHA,"RUA MATO GROSSO, S/N",1279,ESCOLA SANTA TEREZINHA - UNIVERSITÁRIO,"RUA MATO GROSSO, S/N",UNIVERSITÁRIO,0
83933,42,1171,ESCOLA MUNICIPAL DE ENSINO FUNDAMENTAL FREI MODESTO,"RUA ANTONIO SAVI, 379",1171,ESCOLA MUNICIPAL DE ENSINO FUNDAMENTAL FREI MODESTO,"RUA ANTONIO SAVI, 379",CENTRO,0
83933,42,1066,SALÃO COMUNITÁRIO DO RIO DO SALTO,"ESTRADA GERAL, S/N",1066,ASSOCIAÇÃO DE MORADORES RIO DO SALTO,"ESTRADA GERAL, S/N",RIO DO SALTO,0
83933,42,1163,EEB TIMBÉ DO SUL,"RUA PAULO FRANCISCO, 230",1163,EEB TIMBÉ DO SUL,"RUA PAULO FRANCISCO, 230",CENTRO,0
83933,42,1180,SALÃO PAROQUIAL DA NOVA VICENÇA,"ROD. SC 285, KM 32",1180,SALÃO PAROQUIAL DA NOVA VICENÇA,"ROD. SC 285, KM 32",NOVA VICENCA,0
83933,42,1198,SALÃO COMUNITÁRIO DE MOLHA COCO,GERAL,1198,SALÃO COMUNITÁRIO DE MOLHA COCO,GERAL,MOLHA COCO BAIXO,0
83577,32,1023,ESCOLA DE EDUCAÇÃO BÁSICA RUY BARBOSA,"RUA RECIFE, N. 293",1023,ESCOLA DE EDUCAÇÃO BÁSICA RUY BARBOSA,"RUA RECIFE, N. 293",CENTRO,0
83577,32,1031,ESCOLA DE EDUCAÇÃO BÁSICA PROFESSOR JUVENAL CARDOSO ZANELLA,"RUA FLORIANÓPOLIS, N. 194",1031,ESCOLA DE EDUCAÇÃO BÁSICA PROFESSOR JUVENAL CARDOSO ZANELLA,"RUA FLORIANÓPOLIS, N. 194",DAS CAPITAIS,0
83577,32,1040,ESCOLA MUNICIPAL TIROLESES,"RUA MARÍLIA,  N. 61",1040,ESCOLA MUNICIPAL TIROLESES,"RUA MARÍLIA,  N. 61",TIROLESES,0
83577,32,1074,ESCOLA DE ENSINO FUNDAMENTAL CLARA DONNER,"RUA DONA CLARA, N. 138",1074,ESCOLA DE ENSINO FUNDAMENTAL CLARA DONNER,"RUA DONA CLARA, N. 138",DONA CLARA,0
83577,32,1082,ESCOLA DE ENSINO FUNDAMENTAL POLIDORO SANTIAGO,"RUA BENJAMIN CONSTANT, N. 164",1082,ESCOLA MUNICIPAL POLIDORO SANTIAGO,"RUA BENJAMIN CONSTANT, N. 164",IMIGRANTES,0
83577,32,1090,ESCOLA DE ENSINO FUNDAMENTAL PROFESSOR EMIR ROPELATO,"RUA INGLATERRA, N. 670",1090,ESCOLA DE ENSINO FUNDAMENTAL PROFESSOR EMIR ROPELATO,"RUA INGLATERRA, N. 670",DAS NAÇÕES,0
83577,32,1210,SOCIEDADE LIBERDADE - CANCHA,RUA MARECHAL DEDORO 4406,1104,SOCIEDADE LIBERDADE CANCHA,"RUA MARECHAL DEODORO, N. 4406",CEDRO MARGEM ESQUERDA,
83577,32,1112,ESCOLA MUNICIPAL SÃO ROQUE,"RODOVIA RALF KNAESEL, N. 5949",1112,ESCOLA MUNICIPAL SÃO ROQUE,"RODOVIA RALF KNAESEL, N. 5949",SÃO ROQUE,0
83577,32,1120,ESCOLA MUNICIPAL ERWIN PRADE,"RUA FREDERICO SCHUMANN, N. 209",1120,ESCOLA MUNICIPAL ERWIN PRADE,"RUA FREDERICO SCHUMANN, N. 209",POMERANOS,0
83577,32,1139,SALÃO DUQUE DE CAXIAS,"RUA GERAL MULDE CENTRAL, 5047",1139,SALÃO DUQUE DE CAXIAS,"RUA GERAL MULDE CENTRAL, 5047",MULDE CENTRAL,0
83577,32,1155,ESCOLA DE EDUCAÇÃO BÁSICA PROFESSOR JÚLIO SCHEIDMANTEL,"RUA ITAPEMA, N. 452",1155,ESCOLA DE EDUCAÇÃO BÁSICA PROFESSOR JÚLIO SCHEIDMANTEL,"RUA ITAPEMA, N. 452",QUINTINO BOCAIUVA,0
83577,32,1201,ESCOLA MUNICIPAL MAURÍCIO GERMER,"RUA SAUDADES, N. 555",1201,ESCOLA MUNICIPAL MAURÍCIO GERMER,"RUA SAUDADES, N. 555",VILA GERMER,0
83577,32,1171,ESCOLA MUNICIPAL PADRE MARTINHO STEIN,"RUA RUDOLFO PISKE, N. 310",1171,ESCOLA MUNICIPAL PADRE MARTINHO STEIN,"RUA RUDOLFO PISKE, N. 310",PE. MARTINHO STEIN,0
83577,32,1180,ESCOLA DE ENSINO FUNDAMENTAL HUGO ROEPKE,"RUA AMAZONAS, N. 179",1180,ESCOLA DE ENSINO FUNDAMENTAL HUGO ROEPKE,"RUA AMAZONAS, N. 179",DOS ESTADOS,0
83577,32,1198,ESCOLA MUNICIPAL PROFESSOR NESTOR MARGARIDA,"RUA TUPINIQUIM, N. 35",1198,ESCOLA MUNICIPAL PROFESSOR NESTOR MARGARIDA,"RUA TUPINIQUIM, N. 35",ARAPONGUINHAS,0
80209,51,1015,CENTRO - ESCOLA DE EDUCAÇÃO BÁSICA MACHADO DE ASSIS,"RUA CLAUDIANO ALVES DA ROCHA, N. 340",1015,CENTRO - ESCOLA DE EDUCAÇÃO BÁSICA MACHADO DE ASSIS,"RUA CLAUDIANO ALVES DA ROCHA, N. 340",CENTRO,0
80209,51,1031,ANTINHA - SALÃO PAROQUIAL DA IGREJA CATÓLICA,"ESTRADA GERAL, S/N",1031,ANTINHA - SALÃO PAROQUIAL DA IGREJA CATÓLICA,"ESTRADA GERAL, S/N",ANTINHA,0
80209,51,1040,VACA BRANCA - IGREJA EVANGELICA ASSEMBLEIA DE DEUS,"ESTRADA GERAL, S/N",1040,VACA BRANCA - IGREJA EVANGELICA ASSEMBLEIA DE DEUS,"ESTRADA GERAL, S/N",VACA BRANCA,0
80209,51,1058,BURITI - ESCOLA BASICA SERAFINA FONTANA BONET,"ESTRADA GERAL, S/N",1058,BURITI - ESCOLA BASICA SERAFINA FONTANA BONET,"ESTRADA GERAL, S/N",VILA BURITI,0
80209,51,1082,CACHOEIRA - ESCOLA ISOLADA NOSSA SENHORA APARECIDA,"ESTRADA GERAL, S/N",1082,CACHOEIRA - ESCOLA ISOLADA NOSSA SENHORA APARECIDA,"ESTRADA GERAL, S/N",CACHOEIRA,0
83593,8,1015,ESCOLA DE EDUCAÇÃO BÁSICA GENERAL OSÓRIO,"RUA NELIDE MARIA ANDRADE FIGUEIREDO, 276",1015,ESCOLA DE EDUCAÇÃO BÁSICA GENERAL OSÓRIO,"RUA NELIDE MARIA ANDRADE FIGUEIREDO, 276",CENTRO,0
83593,8,1023,ESCOLA DE EDUCAÇÃO BÁSICA FREI MENANDRO KAMPS,"AVENIDA ABRAÃO MUSSI, 4091",1023,ESCOLA DE EDUCAÇÃO BÁSICA FREI MENANDRO KAMPS,"AVENIDA ABRAÃO MUSSI, 4091",SÃO CRISTÓVÃO,0
83593,8,1031,ESCOLA MUNICIPAL FRANCISCO ROCHA,"RUA PRINCIPAL, S/N",1031,ESCOLA MUNICIPAL FRANCISCO ROCHA,"RUA PRINCIPAL, S/N",SÃO JOÃO DOS CAVALHEIROS,0
83593,8,1040,ESCOLA REUNIDA MUNICIPAL CYRIACO FELÍCIO DE SOUZA,"RUA ACÁCIO JÚLIO PORFÍRIO, S/N",1040,ESCOLA REUNIDA MUNICIPAL CYRIACO FELÍCIO DE SOUZA,"RUA ACÁCIO JÚLIO PORFÍRIO, S/N",KM 6,0
83593,8,1074,ESCOLA BÁSICA MUNICIPAL GUITA FEDERMANN,"RUA DOUTOR OSVALDO DE OLIVEIRA, 373, KM 02",1074,ESCOLA BÁSICA MUNICIPAL GUITA FEDERMANN,"RUA DOUTOR OSVALDO DE OLIVEIRA, 373, KM 02",VILA NOVA,0
83593,8,1090,CAIC - CENTRO DE ATENÇÃO INTEGRAL À CRIANCA E AO ADOLESCENTE,"AVENIDA ABRAÃO MUSSI, 2933",1090,CAIC - CENTRO DE ATENÇÃO INTEGRAL À CRIANCA E AO ADOLESCENTE,"AVENIDA ABRAÃO MUSSI, 2933",SÃO CRISTÓVÃO,0
83593,8,1104,ESCOLA MUNICIPAL JOÃO PEDRO DE OLIVEIRA,"ESTRADA LICÍNIO CORNELSEN, S/N",1104,ESCOLA MUNICIPAL JOÃO PEDRO DE OLIVEIRA,"ESTRADA LICÍNIO CORNELSEN, S/N",CAMPININHA,0
83593,8,1147,ESCOLA DE EDUCAÇÃO BÁSICA COLOMBO MACHADO SALLES,"RUA FÉLIX DA COSTA GOMES, 987",1147,ESCOLA DE EDUCAÇÃO BÁSICA COLOMBO MACHADO SALLES,"RUA FÉLIX DA COSTA GOMES, 987",JOÃO PAULO II,0
81345,92,1015,ESCOLA DE EDUCAÇÃO BÁSICA UDO DEEKE,"AVENIDA PROFESSOR JOSÉ ABATI, S/N",1015,ESCOLA DE EDUCAÇÃO BÁSICA UDO DEEKE,"AVENIDA PROFESSOR JOSÉ ABATI, S/N",CENTRO,0
81345,92,1023,ESCOLA DE ENSINO FUNDAMENTAL RIO MÃE LUZIA ALTO,"ESTRADA GERAL, S/N",1023,ESCOLA DE ENSINO FUNDAMENTAL RIO MÃE LUZIA ALTO,"ESTRADA GERAL, S/N",FORQUILHA,0
81345,92,1031,ESCOLA ISOLADA SANTA BÁRBARA,"ESTRADA GERAL, S/N",1031,ESCOLA ISOLADA SANTA BÁRBARA,"ESTRADA GERAL, S/N",RIO MANIN,0
81345,92,1040,ESCOLA ISOLADA RIO MÃE LUZIA,"ESTRADA GERAL, S/N",1040,ESCOLA ISOLADA RIO MÃE LUZIA,"ESTRADA GERAL, S/N",VOLTA REDONDA,0
83615,33,1015,ESCOLA DE EDUCAÇÃO BÁSICA MONSENHOR BERNARDO PETERS,"RUA GOVERNADOR CELSO RAMOS, N. 298",1015,ESCOLA DE EDUCAÇÃO BÁSICA MONSENHOR BERNARDO PETERS,"RUA GOVERNADOR CELSO RAMOS, N. 298",CENTRO,0
83615,33,1082,CENTRO DE EDUCAÇÃO INFANTIL CANTINHO DA ALEGRIA,"ESTRADA GERAL, S/N",1082,CENTRO DE EDUCAÇÃO INFANTIL CANTINHO DA ALEGRIA,"ESTRADA GERAL, S/N",SÃO SEBASTIÃO,0
83615,33,1031,UNIDADE DE SAÚDE LAJEADO,"ESTRADA GERAL, S/N",1031,UNIDADE DE SAÚDE LAJEADO,"ESTRADA GERAL, S/N",LAGEADO,0
83615,33,1040,NÚCLEO MUNICIPAL DE ENSINO GIÁCOMO BEZ FONTANA,"RODOVIA SC 441, KM 06, S/N",1040,NÚCLEO MUNICIPAL DE ENSINO GIÁCOMO BEZ FONTANA,"RODOVIA SC 441, KM 06, S/N",SÃO GABRIEL,0
83615,33,1058,UNIDADE DE SAÚDE - PSF MORRO DAS PEDRAS,"ESTRADA GERAL, S/N",1058,UNIDADE DE SAÚDE - PSF MORRO DAS PEDRAS,"ESTRADA GERAL, S/N",MORRO DAS PEDRAS,0
83615,33,1066,NÚCLEO MUNICIPAL DE ENSINO JOÃO SARTOR,"ESTRADA GERAL, S/N",1066,NÚCLEO MUNICIPAL DE ENSINO JOÃO SARTOR,"ESTRADA GERAL, S/N",RIO VARGEDO,0
83615,33,1074,SALÃO PAROQUIAL NOSSA SENHORA AUXILIADORA,"ESTRADA GERAL, S/N",1074,SALÃO PAROQUIAL NOSSA SENHORA AUXILIADORA,"ESTRADA GERAL, S/N",AUXILIADORA,0
83615,33,1090,NÚCLEO MUNICIPAL DE ENSINO PROFESSORA ROSALINA OLIVEIRA NUNES,"ESTRADA GERAL, S/N",1090,NÚCLEO MUNICIPAL DE ENSINO PROFESSORA ROSALINA OLIVEIRA NUNES,"ESTRADA GERAL, S/N",BOA VISTA CENTRAL,0
83631,47,1082,ESCOLA MUNICIPAL IRMÃ FILOMENA RABELO,"RUA DR. IVO D'AQUINO, N. 220",1082,ESCOLA DE EDUCAÇÃO BÁSICA MUNICIPAL IRMÃ FILOMENA RABELO,"RUA DR. IVO D'AQUINO, N. 220",CENTRO,0
83631,47,1040,ESCOLA ISOLADA TRÊS BARRAS,"ESTRADA GERAL, S/N, INTERIOR",1040,ESCOLA ISOLADA TRÊS BARRAS,"ESTRADA GERAL, S/N, INTERIOR",LINHA TRÊS BARRAS,0
83658,57,1015,ESCOLA DE EDUCAÇÃO BÁSICA DOUTOR HERMANN BLUMENAU,"RUA BLUMENAU, 138",1015,ESCOLA DE EDUCAÇÃO BÁSICA DOUTOR HERMANN BLUMENAU,"RUA BLUMENAU, 138",VILA NOVA,0
83658,57,1180,CENTRO DE EDUCAÇÃO BÁSICA ÉRICA HASSE,"RODOVIA BR 470, KM 162, S/N",1180,CENTRO DE EDUCAÇÃO BÁSICA ÉRICA HASSE,"RODOVIA BR 470, KM 162, S/N",BRACATINGA I,0
83674,33,1198,ESCOLA DE EDUCAÇÃO BÁSICA HERCÍLIO LUZ,"RUA CORONEL CABRAL, N. 169",1198,ESCOLA DE EDUCAÇÃO BÁSICA HERCÍLIO LUZ,"RUA CORONEL CABRAL, N. 169",CENTRO,0
83674,33,1040,SENAI - SERVICO NACIONAL DE APRENDIZAGEM INDUSTRIAL,"AVENIDA MARCOLINO MARTINS CABRAL, N. 184",1040,SENAI - SERVICO NACIONAL DE APRENDIZAGEM INDUSTRIAL,"AVENIDA MARCOLINO MARTINS CABRAL, N. 184",OFICINAS,0
83674,33,1210,COLÉGIO SÃO JOSÉ,"RUA VIDAL RAMOS, N. 109",1210,COLÉGIO SÃO JOSÉ,"RUA VIDAL RAMOS, N. 109",CENTRO,0
83674,33,1066,APAE - ASSOCIAÇÃO DOS PAIS E AMIGOS DOS EXCEPCIONAIS DE TUBARÃO,"RUA LAURO MULLER, N. 3171",1066,APAE - ASSOCIAÇÃO DOS PAIS E AMIGOS DOS EXCEPCIONAIS DE TUBARÃO,"RUA LAURO MULLER, N. 3171",PASSAGEM,0
83674,33,1090,ESCOLA MUNICIPAL DE EDUCAÇÃO BÁSICA PROFESSOR CLETO DA SILVA,"ROD. NORBERTO BRUNATO, SC 382, S/N",1090,ESCOLA MUNICIPAL DE EDUCAÇÃO BÁSICA PROFESSOR CLETO DA SILVA,"ROD. NORBERTO BRUNATO, SC 382, S/N",GUARDA M/D,0
83674,33,1104,ESCOLA DE EDUCAÇÃO BÁSICA BERTOLDO ZIMERMANN,"ESTRADA GERAL DA MADRE, S/N",1104,ESCOLA DE EDUCAÇÃO BÁSICA BERTOLDO ZIMERMANN,RODOVIA GENÉSIO DE SOUZA GOULART,MATO ALTO,0
83674,33,1112,SALÃO PAROQUIAL NOSSA SENHORA DAS GRAÇAS,"ESTRADA GERAL DA MADRE, S/N",1112,SALÃO PAROQUIAL NOSSA SENHORA DAS GRAÇAS,"ESTRADA GERAL DA MADRE, S/N",MADRE,0
83674,33,1120,ESCOLA DE ENSINO FUNDAMENTAL PROFESSOR FERNANDO WALTER,"RUA EROTILDES PAES PEREIRA, S/N",1120,ESCOLA DE ENSINO FUNDAMENTAL PROFESSOR FERNANDO WALTER,"RUA EROTILDES PAES PEREIRA, S/N",CONGONHAS,0
83674,33,1139,CEI CRISTINA ÁVILA WENDHAUSEN,"ESTRADA GERAL DA MADRE, S/N",1139,CEI CRISTINA ÁVILA WENDHAUSEN,"ESTRADA GERAL DA MADRE, S/N",ANITA GARIBALDI,0
83674,33,1147,E.E.B. SAGRADO CORAÇÃO DE JESUS,"ROD NORBERTO BRUNATO, SC 382, 4501",1147,E.E.B. SAGRADO CORAÇÃO DE JESUS,"ROD NORBERTO BRUNATO, SC 382, 4501",PINHEIROS - KM 60,0
83674,33,1155,ESCOLA DE EDUCAÇÃO BÁSICA JOSÉ BOTEGA,"RUA JOSÉ BOTEGA, N. 1071",1155,ESCOLA DE EDUCAÇÃO BÁSICA JOSÉ BOTEGA,"RUA JOSÉ BOTEGA, N. 1071",SÃO CRISTOVÃO,0
83674,33,1520,ESCOLA MUNICIPAL DE EDUCAÇÃO BÁSICA JOÃO HILÁRIO DE MELLO,"RODOVIA ALFREDO ANACLETO DA SILVA, S/N",1520,ESCOLA MUNICIPAL DE EDUCAÇÃO BÁSICA JOÃO HILÁRIO DE MELLO,"RODOVIA ALFREDO ANACLETO DA SILVA, S/N",SERTAO DOS CORREAS,0
83674,33,1570,ESCOLA DE ENSINO FUNDAMENTAL PROFESSOR NOÉ ABATI,"RUA ANDRINO SALES BORGES, N. 538",1570,ESCOLA DE ENSINO FUNDAMENTAL PROFESSOR NOÉ ABATI,"RUA ANDRINO SALES BORGES, N. 538",SÃO CLEMENTE,0
83674,33,1651,ESCOLA TÉCNICA DE COMÉRCIO DE TUBARÃO,"RUA PADRE BERNARDO FREUSER, N. 97",1651,ESCOLA TÉCNICA DE COMÉRCIO DE TUBARÃO,"RUA PADRE BERNARDO FREUSER, N. 97",CENTRO,0
83674,33,1341,ESCOLA MUNICIPAL DE EDUCAÇÃO BÁSICA PADRE PAULO HERDT,"ROD. NORBERTO BRUNATO, SC 382, S/N",1341,ESCOLA MUNICIPAL DE EDUCAÇÃO BÁSICA PADRE PAULO HERDT,"ROD. NORBERTO BRUNATO, SC 382, S/N",KM 63,0
83674,33,1368,ESCOLA DE ENSINO FUNDAMENTAL MARTINHO GHIZZO,"RUA GUILHERME WILLEMANN, N. 423",1368,ESCOLA DE ENSINO FUNDAMENTAL MARTINHO GHIZZO,"RUA GUILHERME WILLEMANN, N. 423",PASSAGEM,0
83674,33,1392,ESCOLA DE EDUCAÇÃO BÁSICA GOVERNADOR ADERBAL RAMOS DA SILVA,"RUA JOSÉ FERREIRA, N. 732",1392,ESCOLA DE EDUCAÇÃO BÁSICA GOVERNADOR ADERBAL RAMOS DA SILVA,"RUA JOSÉ FERREIRA, N. 732",SANTO ANTÔNIO DE PÁDUA,0
83674,33,1473,ESCOLA DE EDUCAÇÃO BÁSICA LINO PESSOA,"RUA GEREMIAS BRISTOT, N. 361",1473,ESCOLA DE EDUCAÇÃO BÁSICA LINO PESSOA,"RUA GEREMIAS BRISTOT, N. 361",MONTE CASTELO,0
83674,33,1481,COLÉGIO SANTÍSSIMO SACRAMENTO,"AVENIDA PEDRO ZAPELLINI, N. 2594",1481,COLÉGIO SANTÍSSIMO SACRAMENTO,"AVENIDA PEDRO ZAPELLINI, N. 2594",OFICINAS,0
83674,33,1724,ESCOLA DE ENSINO FUNDAMENTAL FÁBIO SILVA,"AV. MARECHAL DEODORO, S/N",1724,ESCOLA DE ENSINO FUNDAMENTAL FÁBIO SILVA,"AV. MARECHAL DEODORO, S/N",FABIO SILVA,0
83674,33,1732,CEDUP - CENTRO DE EDUCAÇÃO PROFISSIONAL DIOMÍCIO FREITAS,"RUA  JÚLIO BOPPRÉ, N. 1280",1732,CEDUP - CENTRO DE EDUCAÇÃO PROFISSIONAL DIOMÍCIO FREITAS,"RUA  JÚLIO BOPPRÉ, N. 1280",SANTO ANTÔNIO DE PÁDUA,0
83674,33,1643,ESCOLA MUNCIPAL DE EDUCAÇÃO BÁSICA PROF MARIA EMÍLIA ROCHA,"RUA ALVIM ROSENDO FOGACA, S/N",1643,ESCOLA MUNCIPAL DE EDUCAÇÃO BÁSICA PROF MARIA EMÍLIA ROCHA,"RUA ALVIM ROSENDO FOGACA, S/N",RECIFE,0
83674,33,1740,CENTRO DE EDUCAÇÃO DE JOVENS E ADULTOS - CEJA,"RUA SÃO JOSÉ, N. 234",1740,CENTRO DE EDUCAÇÃO DE JOVENS E ADULTOS - CEJA,"RUA SÃO JOSÉ, N. 234",CENTRO,0
83674,33,1767,ESCOLA MUNICIPAL DE EDUCAÇÃO BÁSICA FRANCELINO MENDES,"RUA JOSE VENÂNCIO, N 2093",1767,ESCOLA MUNICIPAL DE EDUCAÇÃO BÁSICA FRANCELINO MENDES,"RUA JOSE VENÂNCIO, N 2093",SÃO JOÃO - M/D,0
83674,99,1015,E.E.B. HENRIQUE FONTES,"RUA DUQUE DE CAXIAS, 700",1015,E.E.B. HENRIQUE FONTES,"RUA DUQUE DE CAXIAS, 700",HUMAITÁ,0
83674,99,1023,UNIVERSIDADE DO SUL DE SANTA CATARINA - UNISUL,"AVENIDA JOSÉ ACÁCIO MOREIRA, N. 787",1023,UNIVERSIDADE DO SUL DE SANTA CATARINA - UNISUL / COLÉGIO DEHON,"AVENIDA JOSÉ ACÁCIO MOREIRA, N. 787",DEHON,0
83674,99,1031,E.E.B. MARTINHO ALVES DOS SANTOS,"RUA JOSÉ ALVES DOS SANTOS PASSOS, N. 5361",1031,E.E.B. MARTINHO ALVES DOS SANTOS,"RUA JOSÉ ALVES DOS SANTOS PASSOS, N. 5361",SÃO MARTINHO,0
83674,99,1040,E.E.B. SANTO ANJO DA GUARDA,"RODOVIA JOÃO ALFREDO ROSA, 28",1040,E.E.B. SANTO ANJO DA GUARDA,"RODOVIA JOÃO ALFREDO ROSA, 28",GUARDA M/E,0
83674,99,1058,CENTRO DE EDUCAÇÃO INFANTIL ORLANDO FRANCALACCI,"RUA  NICOLAU MANOEL DA SILVA, S/N",1058,CENTRO DE EDUCAÇÃO INFANTIL ORLANDO FRANCALACCI,"RUA  NICOLAU MANOEL DA SILVA, S/N",CARURU,0
83674,99,1066,E.E.B. JOÃO TEIXEIRA NUNES,"RUA SÃO JOÃO, S/N",1066,E.E.B. JOÃO TEIXEIRA NUNES,"RUA SÃO JOÃO, S/N",MORROTES,0
83674,99,1074,SALÃO PAROQUIAL SANTA TEREZINHA,"RODOVIA JOÃO ALFREDO ROSA, S/N",1074,SALÃO PAROQUIAL SANTA TEREZINHA,"RODOVIA JOÃO ALFREDO ROSA, S/N",RIO DO POUSO,0
83674,99,1082,E.E.B. PROF. CÉLIA COELHO CRUZ,"RUA SÃO JOÃO, S/N",1082,E.E.B. PROF. CÉLIA COELHO CRUZ,"RUA SÃO JOÃO, S/N",SÃO JOÃO M/E,0
83674,99,1090,E.B. MANOEL JOSÉ ANTUNES,"RUA JOÃO FERNANDES LIMA, N. 345",1090,E.B. MANOEL JOSÉ ANTUNES,"RUA JOÃO FERNANDES LIMA, N. 345",HUMAITÁ DE CIMA,0
83674,99,1104,GRUPO ESCOLAR BOM PASTOR,"RODOVIA JOÃO ALFREDO ROSA, S/N",1104,GRUPO ESCOLAR BOM PASTOR,"RODOVIA JOÃO ALFREDO ROSA, S/N",BOM PASTOR,0
83674,99,1112,SALÃO PAROQUIAL SÃO BERNARDO,"RUA JOSÉ MANOEL MENDES, S/N",1112,SALÃO PAROQUIAL SÃO BERNARDO,"RUA JOSÉ MANOEL MENDES, S/N",SÃO BERNARDO,0
83674,99,1120,E.B. JOÃO PAULO I - CAIC,"RUA MANOEL MIGUEL BITTENCOURT, N. 310",1120,E.B. JOÃO PAULO I - CAIC,"RUA MANOEL MIGUEL BITTENCOURT, N. 310",HUMAITÁ DE CIMA,0
83674,99,1139,E. E. B. PROFESSOR ARNO HUBBE,"AV. EXPEDICIONÁRIO JOSÉ PEDRO COELHO, N. 2585",1139,E. E. B. PROFESSOR ARNO HUBBE,"AV. EXPEDICIONÁRIO JOSÉ PEDRO COELHO, N. 2585",REVOREDO,0
83674,99,1228,PRESÍDIO MASCULINO DE TUBARÃO,"ESTRADA GERAL BOM PASTOR, S/N",1228,PRESÍDIO MASCULINO DE TUBARÃO,"ESTRADA GERAL BOM PASTOR, S/N",BOM PASTOR,
83682,65,1015,ESCOLA MUNICIPAL DE LINHA SÃO PEDRO,"LINHA SÃO PEDRO, S/N",1015,ESCOLA MUNICIPAL DE LINHA SÃO PEDRO,"LINHA SÃO PEDRO, S/N",LINHA SÃO PEDRO,0
83682,65,1023,ESCOLA DE EDUCAÇÃO BÁSICA PADRE BALDUÍNO RAMBO,"RUA JOÃO CASTILHO, 337",1023,ESCOLA DE EDUCAÇÃO BÁSICA PADRE BALDUÍNO RAMBO,"RUA JOÃO CASTILHO, 337",CENTRO,0
83682,65,1031,SOCIEDADE CULT. ASSIST. ESPORTIVA 13 DE MAIO DE LINHA FÁTIMA,"LINHA FÁTIMA, S/N",1031,SOCIEDADE CULT. ASSIST. ESPORTIVA 13 DE MAIO DE LINHA FÁTIMA,"LINHA FÁTIMA, S/N",LINHA FÁTIMA,0
83682,65,1040,ESCOLA DE EDUCAÇÃO BÁSICA DE LINHA PITANGUEIRA,"LINHA PITANGUEIRA, S/N",1040,ESCOLA DE EDUCAÇÃO BÁSICA DE LINHA PITANGUEIRA,"LINHA PITANGUEIRA, S/N",LINHA PITANGUEIRA,0
83682,65,1058,SOCIEDADE DE LINHA RAIGÃO BAIXO,"LINHA RAIGÃO BAIXO, S/N",1058,SOCIEDADE DE LINHA RAIGÃO BAIXO,"LINHA RAIGÃO BAIXO, S/N",LINHA RAIGÃO BAIXO,0
83682,65,1066,ASSOCIAÇÃO CULT. ASSIST. CINQUENTENÁRIO DE LINHA SÃO JORGE,"LINHA SÃO JORGE, S/N",1066,ASSOCIAÇÃO CULT. ASSIST. CINQUENTENÁRIO DE LINHA SÃO JORGE,"LINHA SÃO JORGE, S/N",LINHA SÃO JORGE,0
83682,65,1074,ASSOCIAÇÃO 25 DE JULHO DE LINHA SÃO JOSÉ,"LINHA SÃO JOSÉ, S/N",1074,ASSOCIAÇÃO 25 DE JULHO DE LINHA SÃO JOSÉ,"LINHA SÃO JOSÉ, S/N",LINHA SÃO JOSÉ,0
83682,65,1082,ASSOCIAÇÃO CULT. 19 DE SETEMBRO DE LINHA RAIGÃO ALTO,"LINHA RAIGÃO ALTO, S/N",1082,ASSOCIAÇÃO CULT. 19 DE SETEMBRO DE LINHA RAIGÃO ALTO,"LINHA RAIGÃO ALTO, S/N",LINHA RAIGÃO ALTO,0
83690,42,1015,ESCOLA DE EDUCAÇÃO BÁSICA JORGE SCHÜTZ,"AVENIDA MUNICIPAL, N. 1129",1015,ESCOLA DE EDUCAÇÃO BÁSICA JORGE SCHÜTZ,"AVENIDA MUNICIPAL, N. 1129",CENTRO,0
83690,42,1040,ESCOLA DE EDUCAÇÃO BÁSICA DE MORRO CHATO,"RUA SÃO JOÃO BATISTA, 990",1040,ESCOLA DE EDUCAÇÃO BÁSICA DE MORRO CHATO,"RUA SÃO JOÃO BATISTA, 990",MORRO CHATO,0
83690,42,1058,CENTRO COMUNITÁRIO JOSÉ MANDELLI,"ROD. SC 285, KM 12",1058,CENTRO COMUNITÁRIO JOSÉ MANDELLI,"ROD. SC 285, KM 12",VILA PROGRESSO,0
83690,42,1180,ESCOLA MUNICIPAL SÃO BRAZ,"ESTRADA GERAL, S/N",1180,ESCOLA MUNICIPAL SÃO BRAZ,"ESTRADA GERAL, S/N",BOA VISTINHA,0
83690,42,1260,APAE - TURVO,"RUA JORGE LACERDA, 1203",1260,APAE - TURVO,"RUA JORGE LACERDA, 1203",CENTRO,0
83690,42,1236,ESCOLA DE EDUCAÇÃO BÁSICA JOÃO COLODEL,"RUA USÍLIIO TONETTO, N. 1160",1236,ESCOLA DE EDUCAÇÃO BÁSICA JOÃO COLODEL,"RUA USÍLIIO TONETTO, N. 1160",Vila Manenti,0
83690,42,1252,EEBM PROFESSORA LAURITA MANFREDINI BRISTOT,"RODOVIA SC 285, KM 4",1252,ESCOLA MUNICIPAL DE EDUCAÇÃO B PROFESSORA LAURITA MANFREDINI BRISTOT,"RODOVIA SC 285, KM 4",LINHA CONTESSI,0
83690,42,1244,CENTRO COMUNITÁRIO DA PONTE ALTA,RODOVIA AFONSO DONADEL,1244,CENTRO COMUNITÁRIO DA PONTE ALTA,RODOVIA AFONSO DONADEL,PONTE ALTA,0
80144,78,1058,ESCOLA DE EDUCAÇÃO BÁSICA SÃO LUIZ,"AVENIDA SÃO LUIZ, N. 1156",1058,ESCOLA DE EDUCAÇÃO BÁSICA SÃO LUIZ,"AVENIDA SANTA CATARINA, 1206",CENTRO,0
83712,4,1015,ESCOLA DE EDUCACAO BASICA ARAUJO FIGUEIREDO,"RUA HIPOLITO DA SILVA MATTOS, 654 FONE (49) 3278 4303",1015,ESCOLA DE EDUCACAO BASICA ARAUJO FIGUEIREDO,"RUA HIPOLITO DA SILVA MATTOS, 654 FONE (49) 3278 4303",CENTRO,0
83712,4,1023,ESCOLA DE EDUCACAO BASICA MANOEL DUTRA BESSA,"RUA JOAO OZOL, 96 FONE (49) 3278 4598",1023,ESCOLA DE EDUCACAO BASICA MANOEL DUTRA BESSA,"RUA JOAO OZOL, 96 FONE (49) 3278 4598",ESQUINA,0
83712,4,1031,SALAO PAROQUIAL NOSSA SENHORA DA CONSOLAÇÃO,"ESTRADA GERAL, S/N",1031,SALAO PAROQUIAL NOSSA SENHORA DA CONSOLAÇÃO,"ESTRADA GERAL, S/N",CONSOLACAO,0
83712,4,1040,SALÃO DE FESTAS DE VACAS GORDAS,"ESTRADA GERAL, S/N",1040,ESCOLA NUCLEADA VACAS GORDAS,"ESTRADA GERAL, S/N",VACAS GORDAS,0
83712,4,1058,CENTRO DE EDUCAÇÃO INFANTIL RAIO DE SOL - AGUAS BRANCAS,"ESTRADA GERAL, S/N",1058,CENTRO DE EDUCAÇÃO INFANTIL RAIO DE SOL - AGUAS BRANCAS,"ESTRADA GERAL, S/N",AGUAS BRANCAS,0
83712,4,1066,ESCOLA NUCLEADA SANTA TEREZINHA,"ESTRADA GERAL, S/N",1066,ESCOLA NUCLEADA SANTA TEREZINHA,"ESTRADA GERAL, S/N",SANTA TEREZINHA,0
83712,4,1074,SALAO PAROQUIAL - SÃO PEDRO,"ESTRADA GERAL, S/N",1074,SALAO PAROQUIAL - SÃO PEDRO,"ESTRADA GERAL, S/N",SAO PEDRO,0
83712,4,1082,SALAO PAROQUIAL - SANTO ANTÔNIO,"ESTRADA GERAL, S/N",1082,SALAO PAROQUIAL - SANTO ANTÔNIO,"ESTRADA GERAL, S/N",SANTO ANTONIO,0
83712,4,1090,ESCOLA NUCLEADA RIO VACARIANOS,"ESTRADA GERAL, S/N",1090,ESCOLA NUCLEADA RIO VACARIANOS,"ESTRADA GERAL, S/N",RIO VACARIANOS,0
83712,4,1104,ESCOLA ISOLADA SAO JOSE,"ESTRADA GERAL, S/N",1104,ESCOLA ISOLADA SAO JOSE,"ESTRADA GERAL, S/N",SAO JOSE,0
83712,4,1112,ESCOLA ISOLADA ALTO RIO DO ENGANO,"ESTRADA GERAL, S/N",1112,ESCOLA ISOLADA ALTO RIO DO ENGANO,"ESTRADA GERAL, S/N",RIO DO ENGANO,0
83712,4,1120,SALAO PAROQUIAL - SÃO FRANCISCO,"ESTRADA GERAL DE SAO FRANCISCO, S/N",1120,SALAO PAROQUIAL - SÃO FRANCISCO,"ESTRADA GERAL DE SAO FRANCISCO, S/N",SAO FRANCISCO,0
80160,28,1023,ESCOLA MUNICIPAL CEDRO,"ESTRADA GERAL, S/N",1023,ESCOLA MUNICIPAL CEDRO,"ESTRADA GERAL, S/N",CEDRO,0
80160,28,1040,ESCOLA MUNICIPAL BOSSOROCA,"ESTRADA GERAL, S/N",1040,ESCOLA MUNICIPAL BOSSOROCA,"ESTRADA GERAL, S/N",BOSSOROCA,
80160,28,1015,ESCOLA BÁSICA MANOEL PEREIRA DE MEDEIROS,"AVENIDA MANOEL PEREIRA DE MEDEIROS, N. 619",1015,ESCOLA BÁSICA MANOEL PEREIRA DE MEDEIROS,"AVENIDA MANOEL PEREIRA DE MEDEIROS, N. 619",CENTRO,0
80160,28,1058,SALÃO DE FESTAS DO CEDRINHO,"ESTRADA MUNICIPAL, S/N",1058,SALÃO DE FESTAS DO CEDRINHO,"ESTRADA MUNICIPAL, S/N",CEDRINHO,0
83739,34,1015,ESCOLA DE EDUCAÇÃO BÁSICA BARÃO DO RIO BRANCO,"RUA VIDAL RAMOS, N. 49",1015,ESCOLA DE EDUCAÇÃO BÁSICA BARÃO DO RIO BRANCO,"RUA VIDAL RAMOS, N. 49",CENTRO,0
83739,34,1228,ESCOLA DE ENSINO FUNDAMENTAL VINCENZO DE VILLA,"RUA DOMINGOS SCARPATO,  N. 3",1228,ESCOLA DE ENSINO FUNDAMENTAL VINCENZO DE VILLA,"RUA DOMINGOS SCARPATO,  N. 3",BAIRRO DE VILLA,0
83739,34,1031,SALÃO PAROQUIAL DO RIO CAETÉ,"RUA DAVID COPETTI, S/N",1031,SALÃO PAROQUIAL DO RIO CAETÉ,"RUA DAVID COPETTI, S/N",RIO CAETE,0
83739,34,1040,ESCOLA DE ENSINO FUNDAMENTAL ANTONIETA QUINTANILHA ANDRADE,RUA TOURÍBIO GOULART S/N,1040,ESCOLA DE ENSINO FUNDAMENTAL ANTONIETA QUINTANILHA ANDRADE,RUA TOURÍBIO GOULART S/N,RIO AMÉRICA,0
83739,34,1058,SALÃO DE FESTAS DO RIO CARVÃO,"ESTRADA GERAL, S/N AO LADO DA IGREJA N. SRA DA SAÚDE",1058,SALÃO DE FESTAS DO RIO CARVÃO,"ESTRADA GERAL, S/N AO LADO DA IGREJA N. SRA DA SAÚDE",RIO CARVAO,0
83739,34,1244,ESCOLA BÁSICA LUCAS BEZ BATTI,"AVENIDA OURO NEGRO, S/N",1244,ESCOLA BÁSICA LUCAS BEZ BATTI,"AVENIDA OURO NEGRO, S/N",SANTANA,0
83739,34,1074,ESCOLA MUNICIPAL VEREADOR ROSALINO DE NEZ,"ESTRADA GERAL, S/N",1074,ESCOLA MUNICIPAL VEREADOR ROSALINO DE NEZ,"ESTRADA GERAL, S/N",PALMEIRA DO MEIO,0
83739,34,1082,CENTRO COMUNITÁRIO LINHA PACHECO,"ESTRADA GERAL, S/N",1082,CENTRO COMUNITÁRIO LINHA PACHECO,"ESTRADA GERAL, S/N",LINHA PACHECO,0
83739,34,1090,ESCOLA ISOLADA JOÃO LAVINA,"ESTRADA GERAL, S/N",1090,ESCOLA ISOLADA JOÃO LAVINA,"ESTRADA GERAL, S/N",BELVEDERE,0
83739,34,1112,ESCOLA DE EDUCAÇÃO BÁSICA CAETANO BEZ BATTI,"RUA VITORIO GIACCOMI, 144",1112,ESCOLA DE EDUCAÇÃO BÁSICA CAETANO BEZ BATTI,"RUA VITORIO GIACCOMI, 144",BAIRRO DA ESTAÇÃO,0
83739,34,1120,SALÃO PAROQUIAL DA IGREJA DE RIO SALTO,"RUA ATÍLIO DAMIANI, S/N",1120,SALÃO PAROQUIAL DA IGREJA DE RIO SALTO,"RUA ATÍLIO DAMIANI, S/N",RIO SALTO,0
83739,34,1147,SALÃO DE FESTAS DE ARMAZÉM,"ESTRADA GERAL, S/N",1147,SALÃO DE FESTAS DE ARMAZÉM,"ESTRADA GERAL, S/N",ARMAZÉM,0
83739,34,1155,CENTRO COMUNITÁRIO DA ASSOCIAÇÃO COMUNITÁRIA DO RIO MAIOR,"RODOVIA SC 446 KM 12, S/N",1155,CENTRO COMUNITÁRIO DA ASSOCIAÇÃO COMUNITÁRIA DO RIO MAIOR,"RODOVIA SC 446 KM 12, S/N",LOCALIDADE DE RIO MAIOR,0
83739,34,1163,CENTRO DE EDUCAÇÃO MONSENHOR AGENOR NEVES MARQUES,"RUA GENERAL OSVALDO PINTO DA VEIGA, N. 677",1163,CENTRO DE EDUCAÇÃO MONSENHOR AGENOR NEVES MARQUES,"RUA GENERAL OSVALDO PINTO DA VEIGA, N. 677",FIGUEIRA,0
83739,34,1350,CENTRO DE EDUCAÇÃO PROFISSIONAL LYDIO DE BRIDA,"TRAVESSA ROMA, N. 94",1350,CENTRO DE EDUCAÇÃO PROFISSIONAL LYDIO DE BRIDA,"TRAVESSA ROMA, N. 94",NOVA ITALIA,0
83739,34,1376,SALÃO DE FESTAS IGREJA SÃO PEDRO,ROD GENESIO MAZON KM 5,1376,SALÃO DE FESTAS IGREJA SÃO PEDRO,ROD GENESIO MAZON KM 5,SAO PEDRO,0
83755,63,1015,E. E. B. KYRANA LACERDA,"RUA SETE DE SETEMBRO, N. 13, CENTRO",1015,E. E. B. KYRANA LACERDA,"RUA SETE DE SETEMBRO, N. 13, CENTRO",CENTRO,19
83755,63,1031,ESCOLA TRÊS IRMÃOS,"ESTRADA GERAL, S/N",1031,ESCOLA TRÊS IRMÃOS,"ESTRADA GERAL, S/N",LINHA SANTA CATARINA,13
83755,63,1066,ESCOLA MUNICIPAL IRINEU BORNHAUSEN,"ESTRADA GERAL, S/N",1066,ESCOLA MUNICIPAL IRINEU BORNHAUSEN,"ESTRADA GERAL, S/N",LINHA URUMBEVA,34
83755,63,1201,CENTRO COMUNITÁRIO DA LINHA GRAMAS,"ESTRADA GERAL, S/N",1201,CENTRO COMUNITÁRIO DA LINHA GRAMAS,"ESTRADA GERAL, S/N",LINHA GRAMAS,5
80462,7,1015,SALÃO COMUNITÁRIO MARONDIM,"ESTRADA GERAL, S/N",1015,SALÃO COMUNITÁRIO MARONDIM,"ESTRADA GERAL, S/N",MARODIM,0
80462,7,1023,SALÃO COMUNITÁRIO SÃO ROQUE DA VARGEM,"ESTRADA GERAL, S/N",1023,SALÃO COMUNITÁRIO SÃO ROQUE DA VARGEM,"ESTRADA GERAL, S/N",SÃO ROQUE,0
80462,7,1031,SALÃO COMUNITÁRIO SÃO PEDRO,"ESTRADA GERAL, S/N",1031,SALÃO COMUNITÁRIO SÃO PEDRO,"ESTRADA GERAL, S/N",LINHA GUIZONI,0
80462,7,1040,ESCOLA DE EDUCAÇÃO BÁSICA DEPUTADO AUGUSTO BRESOLA,"RUA TRÊS DE OUTUBRO, N. 187",1040,ESCOLA DE EDUCAÇÃO BÁSICA DEPUTADO AUGUSTO BRESOLA,"RUA TRÊS DE OUTUBRO, N. 187",CENTRO,0
80462,7,1066,SALÃO COMUNITÁRIO SANTA RITA,"ESTRADA GERAL, S/N",1066,SALÃO COMUNITÁRIO SANTA RITA,"ESTRADA GERAL, S/N",SANTA RITA,0
80462,7,1082,SALÃO COMUNITÁRIO SERRARIA DIDOMÊNICO,"ESTRADA GERAL, S/N",1082,SALÃO COMUNITÁRIO SERRARIA DIDOMÊNICO,"ESTRADA GERAL, S/N",SERRARIA DIDOMÊNICO,0
80462,7,1724,SALÃO COMUNITÁRIO COLÔNIA LARANJEIRA,"ESTRADA GERAL, S/N",1724,SALÃO COMUNITÁRIO COLÔNIA LARANJEIRA,"ESTRADA GERAL, S/N",COLÔNIA LARANJEIRA,0
80969,63,1015,GINÁSIO DE ESPORTES DA LINHA CORAÇÃO,"ESTRADA GERAL, S/N",1015,GINÁSIO DE ESPORTES DA LINHA CORAÇÃO,"ESTRADA GERAL, S/N",LINHA CORAÇÃO,6
80969,63,1040,COLÉGIO ESTADUAL GALEAZZO PAGANELLI,"RUA ARAUCÁRIA, S/N",1040,COLÉGIO ESTADUAL GALEAZZO PAGANELLI,"RUA ARAUCÁRIA, S/N",VILA CAMPINA DA ALEGRIA,4
83771,39,1015,COLÉGIO ESTADUAL CACILDA GUIMARÃES,"RUA PEDRO WEBER, 214",1015,COLÉGIO ESTADUAL CACILDA GUIMARÃES,"RUA PEDRO WEBER, 214",CENTRO,0
83771,39,1023,ESCOLA MUNICIPAL FRANCISCO FEIFARECK JUNIOR,"ESTRADA GERAL, S/N",1023,CENTRO COMUNITÁRIO RIO DAS PACAS,"ESTRADA GERAL, S/N",RIO DAS PACAS,0
83771,39,1155,CLUBE DE MÃES HERTA STOLTENBERG,"PRACA STOLTENBERG, S/N",1155,CLUBE ESPORTIVO INTERNACIONAL HERTHA STOLTENBERG,"PRACA STOLTENBERG, S/N",PRACA STOLTENBERG,0
83771,39,1120,SALÃO DO CLUBE FARTURA,"ESTRADA GERAL FARTURA, S/N",1120,E.E.B. PROFESSOR RODOLFO FINK,"ESTRADA GERAL CHAPADÃO DO TIGRE, S/N",CHAPADAO DO TIGRE,0
83771,39,1066,ESCOLA MUNICIPAL RIO MOLUNGU,"RUA GERAL, S/N",1066,GINÁSIO ESPORTIVO BOM SUCESSO COMUNIDADE MOLUNGU,"RUA GERAL, S/N",RIO MOLUNGU,0
83771,39,1074,ESCOLA MUNICIPAL INVERNADA,"ESTRADA GERAL, S/N",1074,GINÁSIO DA COMUNIDADE SÃO DOMINGOS,"ESTRADA GERAL, S/N",SAO DOMINGOS,0
83771,39,1139,ESCOLA MUNICIPAL COQUEIRAL,"RUA GERAL AGUAS FRIAS, S/N",1139,GINASIO AGUAS FRIAS,"RUA GERAL AGUAS FRIAS, S/N",AGUAS FRIAS,0
83771,39,1147,ESCOLA MUNICIPAL RIO BONITO,"RUA GERAL FAZENDA RIO BONITO, S/N",1147,ESCOLA MUNICIPAL RIO BONITO,"RUA GERAL FAZENDA RIO BONITO, S/N",FAZENDA RIO BONITO,0
83771,39,1058,ESCOLA DE ENSINO FUNDAMENTAL JOÃO ALBERTO SCHMID,"ESTRADA GERAL, S/N",1058,ESCOLA DE ENSINO FUNDAMENTAL JOÃO ALBERTO SCHMID,"ESTRADA GERAL, S/N",CAMPESTRE,0
83798,36,1015,ESCOLA DE EDUCAÇÃO BÁSICA PROFESSORA ADELINA REGIS,"RUA XV DE NOVEMBRO, N. 683",1015,ESCOLA DE EDUCAÇÃO BÁSICA PROFESSORA ADELINA REGIS,"RUA XV DE NOVEMBRO, N. 683",CENTRO,0
83798,36,1023,COLÉGIO SALVATORIANO IMACULADA CONCEIÇÃO.,"RUA PADRE ANCHIETA, N. 482",1023,COLÉGIO SALVATORIANO IMACULADA CONCEIÇÃO.,"RUA PADRE ANCHIETA, N. 482",MATRIZ,0
83798,36,1317,CENTRO MUNICIPAL DE EDUCAÇÃO INFANTIL DE APARECIDA,"LINHA APARECIDA, S/N",1317,CENTRO MUNICIPAL DE EDUCAÇÃO INFANTIL DE APARECIDA,"LINHA APARECIDA, S/N",APARECIDA,0
83798,36,1058,ESCOLA DE EDUCAÇÃO BÁSICA ANITA BRASILEIRA,"RUA PRINCIPAL, S/N",1058,ESCOLA DE EDUCAÇÃO BÁSICA ANITA BRASILEIRA,"RUA PRINCIPAL, S/N",DISTRITO DE LOURDES,0
83798,36,1198,ESCOLA DE EDUCAÇÃO BÁSICA MADRE TEREZINHA LEONI,"RUA ARLINDO LONGO, S/N",1198,ESCOLA DE EDUCAÇÃO BÁSICA MADRE TEREZINHA LEONI,"RUA ARLINDO LONGO, 825",RIO DAS PEDRAS,0
83798,36,1155,ESCOLA DE EDUCAÇÃO BÁSICA ANÍSIO RACHADEL DE OLIVEIRA,"RUA RAQUEL NORA, S/N",1155,ESCOLA DE EDUCAÇÃO BÁSICA ANÍSIO RACHADEL DE OLIVEIRA,"RUA RAQUEL NORA, S/N",DISTRITO DE ANTA GORDA,0
83798,36,1325,ESCOLA DE EDUCAÇÃO BÁSICA JOSEFINA CALDEIRA DE ANDRADE,"RUA JOSÉ BONALDO, 130",1325,ESCOLA DE EDUCAÇÃO BÁSICA JOSEFINA CALDEIRA DE ANDRADE,"RUA JOSÉ BONALDO, 130",FARROUPILHA,0
83798,36,1090,ESCOLA DE EDUCAÇÃO BÁSICA INSPETOR EURICO RAUEN,"RUA JOSEFINA HENN, 195",1090,ESCOLA DE EDUCAÇÃO BÁSICA INSPETOR EURICO RAUEN,"RUA JOSEFINA HENN, 195",SÃO CRISTÓVÃO,0
83798,36,1147,FUNOESC - FUNDAÇÃO UNIVERSIDADE DO OESTE DE SANTA CATARINA,"RUA PAESE, 198",1147,FUNOESC - FUNDAÇÃO UNIVERSIDADE DO OESTE DE SANTA CATARINA,"RUA PAESE, 198",UNIVERSITÁRIO,0
83798,36,1163,ESCOLA POLO SÃO PEDRO,"RUA PRINCIPAL, S/N",1163,ESCOLA POLO SÃO PEDRO,"RUA PRINCIPAL, S/N",SÃO PEDRO,0
83798,36,1244,CENTRO COMUNITÁRIO SANTA LÚCIA,"ESTRADA MUNICIPAL JOSÉ GHELLER, S/N",1244,CENTRO COMUNITÁRIO SANTA LÚCIA,"ESTRADA MUNICIPAL JOSÉ GHELLER, S/N",SANTA LÚCIA,0
83798,36,1252,INSTITUTO FEDERAL CATARINENSE - IFC CÂMPUS DE VIDEIRA - SC,"RODOVIA SC 135, KM 125",1252,INSTITUTO FEDERAL CATARINENSE - IFC CÂMPUS DE VIDEIRA - SC,"RODOVIA SC 135, KM 125",CAMPO EXPERIMENTAL,0
83798,36,1350,ESCOLA DE EDUCAÇÃO BÁSICA MUNICIPAL FIDELIS ANTÔNIO FANTIN,"RUA PRESIDENTE CASTELO BRANCO, N. 55",1350,ESCOLA DE EDUCAÇÃO BÁSICA MUNICIPAL FIDELIS ANTÔNIO FANTIN,"RUA PRESIDENTE CASTELO BRANCO, N. 55",CIBRAZEM,0
83798,36,1309,ESCOLA DE EDUCAÇÃO BÁSICA MUNICIPAL PAULO FIORAVANTE PENSO,"RUA SAUL BRANDALISE, N. 1656",1309,ESCOLA DE EDUCAÇÃO BÁSICA MUNICIPAL PAULO FIORAVANTE PENSO,"RUA PAULO OGLIARI, N. 1656",DOIS PINHEIROS,0
83798,36,1341,APAE - ASSOCIAÇÃO DE PAIS E AMIGOS DOS EXCEPCIONAIS,"RUA BRASIL CORREIA, 620",1341,APAE - ASSOCIAÇÃO DE PAIS E AMIGOS DOS EXCEPCIONAIS,"RUA BRASIL CORREIA, 620",FARROUPILHA,0
83798,36,1392,ESCOLA DE EDUCAÇÃO BÁSICA MUNICIPAL JOAQUIM AMARANTE,"AVENIDA PROFESSOR JOAQUIM AMARANTE, S/N",1392,ESCOLA DE EDUCAÇÃO BÁSICA MUNICIPAL JOAQUIM AMARANTE,"AVENIDA PROFESSOR JOAQUIM AMARANTE, S/N",AMARANTE,0
80128,14,1082,ESCOLA DE EDUCAÇÃO BÁSICA PROFESSOR JOÃO VENDRAMI,"CELESTINO ODORIZZI, S/N",1082,ESCOLA DE EDUCAÇÃO BÁSICA PROFESSOR JOÃO VENDRAMI,"CELESTINO ODORIZZI, S/N",BARRA DA PRATA,0
80128,14,1066,ESCOLA MUNICIPAL SALTO DOLLMANN,"ESTRADA GERAL, S/N",1066,ESCOLA MUNICIPAL SALTO DOLLMANN,"ESTRADA GERAL, S/N",SALTO DOLLMANN,0
80128,14,1015,ESCOLA DE EDUCAÇÃO BÁSICA VITOR MEIRELLES,"RUA LEOPOLDO KRAMBECK, N. 03",1015,ESCOLA DE EDUCAÇÃO BÁSICA VITOR MEIRELLES,"RUA LEOPOLDO KRAMBECK, N. 03",CENTRO,0
80128,14,1040,ESCOLA MUNICIPAL SERRA DA ABELHA I,"ESTRADA GERAL, S/N",1040,ESCOLA MUNICIPAL SERRA DA ABELHA I,"ESTRADA GERAL, S/N",SERRA DA ABELHA I,0
83810,14,1015,ESCOLA DE EDUCAÇÃO BÁSICA PROFESSORA SEMÍRAMIS BOSCO,"RUA WILLY PETT, N. 235",1015,ESCOLA DE EDUCAÇÃO BÁSICA PROFESSORA SEMÍRAMIS BOSCO,"RUA WILLY PETT, N. 235",CENTRO,0
83810,14,1040,ESCOLA DE ENSINO FUNDAMENTAL MADRE MARIA AVOSANI,"ESTRADA GERAL, S/N",1040,ESCOLA DE ENSINO FUNDAMENTAL MADRE MARIA AVOSANI,"ESTRADA GERAL, S/N",ALTO RIO KRAUEL,0
83836,43,1015,ESCOLA DE EDUCAÇÃO BÁSICA JOAQUIM NABUCO,"RUA CORONEL FIDENCIO DE SOUZA MELO, 243",1015,ESCOLA DE EDUCAÇÃO BÁSICA JOAQUIM NABUCO,"RUA CORONEL FIDENCIO DE SOUZA MELO, 243",CENTRO,0
83836,43,1040,ESCOLA DE EDUCAÇÃO BÁSICA ARTUR DA COSTA E SILVA,"AVENIDA BRASIL, 472",1040,CEMEI CANTINHO FELIZ (EEB ARTUR DA COSTA E SILVA),"RUA PARÁ, 460",COLATTO,0
83836,43,1058,ESCOLA DE EDUCAÇÃO BÁSICA LUIZ CORADI,"RUA VICTOR KONDER, 1690",1058,ESCOLA DE EDUCAÇÃO BÁSICA LUIZ CORADI,"RUA VICTOR KONDER, 1690",PRIMO TACCA,220
83836,43,1066,ESCOLA DE EDUCAÇÃO BÁSICA APARÍCIO JULIO FARRAPO,"RUA CONSOLACAO, 408",1066,ESCOLA DE EDUCAÇÃO BÁSICA APARÍCIO JULIO FARRAPO,"RUA CONSOLACAO, 408",MATINHO,0
83836,43,1074,COLEGIO LA SALLE,"AVENIDA LA SALLE, 758",1074,COLEGIO LA SALLE,"AVENIDA LA SALLE, 758",LA SALLE,0
83836,43,1112,ESCOLA DE EDUCAÇÃO BÁSICA JOÃO WINCKLER,"RUA MARANHAO, 1397",1112,ESCOLA DE EDUCAÇÃO BÁSICA JOÃO WINCKLER,"RUA MARANHAO, 1397",CASTELO BRANCO,0
83836,43,1139,ESCOLA DE EDUCAÇÃO BÁSICA PROFESSOR IRACY TONELLO,"RUA DOM PEDRO I, 27",1139,ESCOLA DE EDUCAÇÃO BÁSICA PROFESSOR IRACY TONELLO,"RUA DOM PEDRO I, 27",VISTA ALEGRE,0
83836,43,1147,ESCOLA MUNICIPAL DE EDUCAÇÃO BÁSICA NOSSA SENHORA APARECIDA,"RUA TOME DE SOUZA, 880",1147,ESCOLA MUNICIPAL DE EDUCAÇÃO BÁSICA NOSSA SENHORA APARECIDA,"RUA TOME DE SOUZA, 880",APARECIDA,0
83836,43,1155,ESCOLA MUNICIPAL DE EDUCAÇÃO BÁSICA PROFESSORA NERY BARBOSA GIACHINI,"RUA GUANABARA, 2637",1155,ESCOLA MUNICIPAL DE EDUCAÇÃO BÁSICA PROFESSORA NERY BARBOSA GIACHINI,"RUA GUANABARA, 2637",JOÃO WINCKLER,0
83836,43,1163,ESCOLA DE EDUCAÇÃO BÁSICA ROMILDO CZEPANHIK,"RUA EMILIO ALLET, 718",1163,ESCOLA DE EDUCAÇÃO BÁSICA ROMILDO CZEPANHIK,"RUA EMILIO ALLET, 718",VENEZA,0
83836,43,1171,CENTRO COMUNITÁRIO DE  FAXINAL DO IRANI,"ESTRADA GERAL, S/N",1171,CENTRO COMUNITÁRIO DE  FAXINAL DO IRANI,"ESTRADA GERAL, S/N",LINHA FAXINAL DO IRANI,0
83836,43,1180,ESCOLA DE EDUCAÇÃO BÁSICA SÃO CAETANO DE CAMBUINZAL,"ESTRADA GERAL, S/N",1180,ESCOLA DE EDUCAÇÃO BÁSICA SÃO CAETANO DE CAMBUINZAL,"ESTRADA GERAL, S/N",DISTRITO CAMBUINZAL,0
83836,43,1201,IGREJA ALTO CHAPECOZINHO DE VARGEM BONITA,"ESTRADA GERAL, S/N",1201,IGREJA ALTO CHAPECOZINHO DE VARGEM BONITA,"ESTRADA GERAL, S/N",LINHA VARGEM BONITA,0
83836,43,1236,SEDE CAMPESTRE DO SICOOB/SC CREDIMOC,"RODOVIA BR 282, KM 496, S/N",1236,SEDE CAMPESTRE DO SICOOB/SC CREDIMOC,"RODOVIA BR 282, KM 496, S/N",LINHA SÃO SEBASTIÃO,0
83836,43,1287,CENTRO COMUNITÁRIO DE NOSSA SENHORA DA SALETE,"ESTRADA GERAL, S/N",1287,CENTRO COMUNITÁRIO DE NOSSA SENHORA DA SALETE,"ESTRADA GERAL, S/N",LINHA SALETE,0
83836,43,1295,CENTRO COMUNITÁRIO DE PESQUEIRO DO MEIO,"ESTRADA GERAL, S/N",1295,CENTRO COMUNITÁRIO DE PESQUEIRO DO MEIO,"ESTRADA GERAL, S/N",LINHA PESQUEIRO DO MEIO,0
83836,43,1309,CENTRO COMUNITÁRIO DE MEDIANEIRA,"ESTRADA GERAL, S/N",1309,CENTRO COMUNITÁRIO DE MEDIANEIRA,"ESTRADA GERAL, S/N",LINHA MEDIANEIRA,0
83836,43,1546,ESCOLA AGRÍCOLA LA SALLE,"ESTRADA GERAL, S/N",1546,ESCOLA AGRÍCOLA LA SALLE,"ESTRADA GERAL, S/N",LINHA SANTA TEREZINHA,0
83836,43,1376,CENTRO COMUNITÁRIO DE PERAU DAS FLORES,"ESTRADA GERAL, S/N",1376,CENTRO COMUNITÁRIO DE PERAU DAS FLORES,"ESTRADA GERAL, S/N",LINHA PERAU DAS FLORES,0
83836,43,1449,E.DE ENSINO FUNDAMENTAL DOM OSCAR ARNULFO ROMERO,"RUA IRMÃ IRACEMA DAVI, S/N",1449,E.DE ENSINO FUNDAMENTAL DOM OSCAR ARNULFO ROMERO,"RUA IRMÃ IRACEMA DAVI, S/N",SÃO ROMERO,0
83836,43,1490,ESCOLA MUNICIPAL DE EDUCAÇÃO BÁSICA JANETE CASSOL,RUA SANTA TEREZINHA,1490,ESCOLA MUNICIPAL DE EDUCAÇÃO BÁSICA JANETE CASSOL,"RUA SANTA TEREZINHA, 1069",LEANDRO,0
83836,43,1503,ESCOLA MUNICIPAL DE EDUCAÇÃO BÁSICA CIRILO DAL' ÓGLIO,"RUA DOSOLINO CAVAGNOLLI, 500",1503,ESCOLA MUNICIPAL DE EDUCAÇÃO BÁSICA CIRILO DAL' ÓGLIO,"RUA DOSOLINO CAVAGNOLLI, 500",VILA SEZAMO,0
83836,43,1520,CENTRO MUNICIPAL DE EDUCAÇÃO INFANTIL CRIANÇA FELIZ,"RUA VISCONDE DE CAIRÚ, 150",1520,CENTRO MUNICIPAL DE EDUCAÇÃO INFANTIL CRIANÇA FELIZ,"RUA VISCONDE DE CAIRÚ, 150",VISTA ALEGRE,0
83836,43,1562,ESCOLA MUNICIPAL DE EDUCAÇÃO BÁSICA PEQUENO PRÍNCIPE,"RUA OURO PRETO, 20",1562,ESCOLA MUNICIPAL DE EDUCAÇÃO BÁSICA PEQUENO PRÍNCIPE,"RUA OURO PRETO, 20",TONIAL,0
83836,43,1570,ESCOLA MUNICIPAL DE EDUCAÇÃO BÁSICA MONTEIRO LOBATO,"RUA MONTEIRO LOBATO, 36",1570,ESCOLA MUNICIPAL DE EDUCAÇÃO BÁSICA MONTEIRO LOBATO,"RUA MONTEIRO LOBATO, 36",PINHEIROS,0
83836,43,1589,COLÉGIO INTELECTUS,"RUA PRESIDENTE VARGAS, 566",1589,COLÉGIO INTELECTUS,"RUA PRESIDENTE VARGAS, 566",BORTOLON,0
83836,43,1597,ESCOLA DE EDUCAÇÃO FUNDAMENTAL AUGUSTO COLATTO,"RUA ARAGUAIA, 415",1597,ESCOLA DE EDUCAÇÃO FUNDAMENTAL AUGUSTO COLATTO,"RUA ARAGUAIA, 415",COLATTO,0
83836,43,1627,PRESÍDIO REGIONAL DE XANXERÊ,"RUA MARANHÃO, N 1780",1627,PRESÍDIO REGIONAL DE XANXERÊ,"RUA MARANHÃO, N 1780",CASTELO BRANCO,0
83852,61,1015,ESCOLA BASICA LUIZ SANCHES BEZERRA DA TRINDADE,"RUA IRINEU BORNHAUSEN, 129",1015,ESCOLA BASICA LUIZ SANCHES BEZERRA DA TRINDADE,"RUA IRINEU BORNHAUSEN, 129",CENTRO,0
83852,61,1023,CENTRO COMUNITÁRIO DE ALTO IRANI,"ESTRADA GERAL, S/N",1023,CENTRO COMUNITÁRIO DE ALTO IRANI,"ESTRADA GERAL, S/N",LINHA ALTO IRANI,0
83852,61,1031,CENTRO COMUNITÁRIO DE PASSO DAS ANTAS,"ESTRADA GERAL, S/N",1031,CENTRO COMUNITÁRIO DE PASSO DAS ANTAS,"ESTRADA GERAL, S/N",LINHA PASSO DAS ANTAS,0
83852,61,1040,POSTO DE SAÚDE DE LINHA DIVISA DAS ÁGUAS,"ESTRADA GERAL, S/N",1040,CENTRO COMUNITÁRIO DE LINHA DIVISA DAS ÁGUAS,"ESTRADA GERAL, S/N",LINHA DIVISA DAS ÁGUAS,0
83852,61,1058,CENTRO COMUNITÁRIO DE SAO MIGUEL,"ESTRADA GERAL, S/N",1058,CENTRO COMUNITÁRIO DE SAO MIGUEL,"ESTRADA GERAL, S/N",LINHA SÃO MIGUEL,0
83852,61,1066,ESCOLA BÁSICA DEPUTADO FIORAVANTE MASSOLINE,"ESTRADA GERAL, S/N FONE (49) 3454 1581",1066,ESCOLA BÁSICA DEPUTADO FIORAVANTE MASSOLINE,"ESTRADA GERAL, S/N FONE (49) 3454 1581",LINHA DAS PALMEIRAS,0
83852,61,1074,CENTRO COMUNITÁRIO DE REDUTO,"ESTRADA GERAL, S/N",1074,CENTRO COMUNITÁRIO DE REDUTO,"ESTRADA GERAL, S/N",LINHA REDUTO,0
83852,61,1090,CENTRO COMUNITÁRIO DE LINHA GUARARAPES,"ESTRADA GERAL, S/N",1090,CENTRO COMUNITÁRIO DE LINHA GUARARAPES,"ESTRADA GERAL, S/N",LINHA GUARARAPES,0
83852,61,1112,CENTRO COMUNITÁRIO DE LINHA PINHAL PRETO,"ESTRADA GERAL, S/N",1112,CENTRO COMUNITÁRIO DE LINHA PINHAL PRETO,"ESTRADA GERAL, S/N",LINHA PINHAL PRETO,0
83852,61,1120,ESCOLA ISOLADA DE SETE SETEMBRO,"ESTRADA GERAL, S/N",1120,CENTRO COMUNITÁRIO DE LINHA SETE DE SETEMBRO,"ESTRADA GERAL, S/N",LINHA SETE SETEMBRO,38
83879,48,1309,ESCOLA DE EDUCAÇÃO BÁSICA PROFESSOR CUSTÓDIO DE CAMPOS,"RUA ANTÔNIO CORDENONSI FILHO, N. 273",1309,ESCOLA DE EDUCAÇÃO BÁSICA PROFESSOR CUSTÓDIO DE CAMPOS,"RUA ANTÔNIO CORDENONSI FILHO, N. 273",ALVORADA,0
83879,48,1015,ESCOLA DE EDUCAÇÃO BÁSICA PROF. NEUSA MASSOLINE,"RUA SANTO ANTÔNIO, N. 215 FONE (49) 3753 1350",1015,ESCOLA DE EDUCAÇÃO BÁSICA PROF. NEUSA MASSOLINE,"RUA SANTO ANTÔNIO, N. 215 FONE (49) 3753 1350",CENTRO,0
83879,48,1333,ESCOLA BÁSICA MUNICIPAL CECÍLIA MEIRELES,"RUA  ANGELO PIANA, N. 98-E",1333,ESCOLA BÁSICA MUNICIPAL CECÍLIA MEIRELES,"RUA  ANGELO PIANA, N. 98-E",PRIMAVERA,0
83879,48,1236,ESCOLA DE EDUCAÇÃO BÁSICA GOMES CARNEIRO,"RUA RIO GRANDE, N. 1344",1236,ESCOLA DE EDUCAÇÃO BÁSICA GOMES CARNEIRO,"RUA RIO GRANDE, N. 1344",CENTRO,0
83879,48,1040,SALÃO COMUNITÁRIO GOLFO,"ESTRADA GERAL, S/N",1040,SALÃO COMUNITÁRIO GOLFO,"ESTRADA GERAL, S/N",LINHA GOLFO,0
83879,48,1058,SALÃO COMUNITÁRIO FAZENDA SANTO ANTÔNIO,"ESTRADA GERAL, S/N",1058,SALÃO COMUNITÁRIO FAZENDA SANTO ANTÔNIO,"ESTRADA GERAL, S/N",LINHA FAZENDA SANTO ANTONIO,0
83879,48,1066,ESCOLA DE EDUCAÇÃO BÁSICA LUIS LUNARDI,"ESTRADA GERAL, S/N",1066,ESCOLA DE EDUCAÇÃO BÁSICA LUIS LUNARDI,"ESTRADA GERAL, S/N",VILA TIGRE,0
83879,48,1074,SALÃO COMUNITÁRIO ANTÔNIO PRADO,"ESTRADA GERAL, S/N",1074,SALÃO COMUNITÁRIO ANTÔNIO PRADO,"ESTRADA GERAL, S/N",LINHA ANTONIO PRADO,0
83879,48,1252,SALÃO COMUNITÁRIO NOVA BRASÍLIA,"ESTRADA GERAL, S/N",1252,SALÃO COMUNITÁRIO NOVA BRASÍLIA,"ESTRADA GERAL, S/N",LINHA NOVA BRASILIA,0
83879,48,1104,SALÃO COMUNITÁRIO LINHA SANTA LÚCIA,"ESTRADA GERAL, S/N",1104,SALÃO COMUNITÁRIO LINHA SANTA LÚCIA,"ESTRADA GERAL, S/N",LINHA SANTA LUCIA,0
83879,48,1112,SALÃO COMUNITÁRIO ANITA GARIBALDI,"ESTRADA GERAL, S/N",1112,SALÃO COMUNITÁRIO ANITA GARIBALDI,"ESTRADA GERAL, S/N",LINHA ANITA GARIBALDI,0
83879,48,1155,SALAO COMUNITARIO CACHOEIRINHA,"ESTRADA GERAL, S/N",1155,SALAO COMUNITARIO CACHOEIRINHA,"ESTRADA GERAL, S/N",LINHA CACHOEIRINHA SÃO JOSE,0
83879,48,1163,SALÃO COMUNITÁRIO POCINHO DE BAIXO,"ESTRADA GERAL, S/N",1163,SALÃO COMUNITÁRIO POCINHO DE BAIXO,"ESTRADA GERAL, S/N",LINHA POCINHO DE BAIXO,0
83879,48,1201,SALÃO COMUNITÁRIO LIMEIRA,"ESTRADA GERAL, S/N",1201,SALÃO COMUNITÁRIO LIMEIRA,"ESTRADA GERAL, S/N",LINHA LIMEIRA,0
83879,48,1228,ESCOLA DE ENSINO FUNDAMENTAL DIADEMA,"RODOVIA BR 282 KM 517, S/N",1228,ESCOLA DE ENSINO FUNDAMENTAL DIADEMA,"RODOVIA BR 282 KM 517, S/N",VILA DIADEMA,0
83879,48,1341,ESCOLA BÁSICA MUNICIPAL DOM BOSCO,"AVENIDA LUIZ LUNARDI, N. 278",1341,ESCOLA BÁSICA MUNICIPAL DOM BOSCO,"AVENIDA LUIZ LUNARDI, N. 278",CENTRO,0
83879,48,1287,ESCOLA BÁSICA MUNICIPAL SANTA TEREZINHA,"RUA ANGELO BOTAN, N. 63",1287,ESCOLA BÁSICA MUNICIPAL SANTA TEREZINHA,"RUA ACHILES BIASOTTO, 122",SANTA TEREZINHA,0
83879,48,1317,CASA FAMILIAR RURAL PILÃO DE PEDRA,"ESTRADA GERAL, S/N",1317,CASA FAMILIAR RURAL PILÃO DE PEDRA,"ESTRADA GERAL, S/N",LINHA PILAO DE PEDRA,0
83879,48,1350,ESCOLA BÁSICA MUNICIPAL DOUTOR ARI MOACIR LUNARDI,"RUA FARRAPOS, N. 1914, FONE (49) 3353 6674",1350,ESCOLA BÁSICA MUNICIPAL DOUTOR ARI MOACIR LUNARDI,"RUA FARRAPOS, N. 1914, FONE (49) 3353 6674",DOUTOR ARY MOACIR LUNARDI,0
81825,37,1015,SALÃO PAROQUIAL DE POUSO ALTO,"ESTRADA GERAL, S/N",1015,SALÃO PAROQUIAL DE POUSO ALTO,ESTRADA GERAL,POUSO ALTO,36
81825,37,1031,ESCOLA DE EDUCAÇÃO BÁSICA MAJOR CIPRIANO RODRIGUES DE ALMEIDA,"AV. ARTUR SANTOS, N. 407",1031,ESCOLA DE EDUCAÇÃO BÁSICA MAJOR CIPRIANO RODRIGUES DE ALMEIDA,AV. ARTHUR ADOLFO SANTOS,PARQUE DAS ANDORINHAS,31
81825,37,1040,GRUPO ESCOLAR HORIZONTE - NÚCLEO 1,"RUA DORVALINA GUERREIRO, N. 250",1040,GRUPO ESCOLAR HORIZONTE - NÚCLEO 1,RUA DORVALINA GUERREIRO,CONCEIÇÃO,36
80810,35,2356,CENTRO DE EVENTOS PLINIO ARLINDO DE NES,"RUA ASSIS BRASIL, 20 D",1473,CENTRO DE CULTURA E EVENTOS PLÍNIO ARLINDO DE NÊS,"RUA ASSIS BRASIL, N. 20-D",MARIA GORETTI,
